-- phpMyAdmin SQL Dump
-- version 4.8.3
-- https://www.phpmyadmin.net/
--
-- Host: localhost:3306
-- Generation Time: May 29, 2019 at 12:17 AM
-- Server version: 5.6.44-cll-lve
-- PHP Version: 7.2.7

SET SQL_MODE = "NO_AUTO_VALUE_ON_ZERO";
SET AUTOCOMMIT = 0;
START TRANSACTION;
SET time_zone = "+00:00";


/*!40101 SET @OLD_CHARACTER_SET_CLIENT=@@CHARACTER_SET_CLIENT */;
/*!40101 SET @OLD_CHARACTER_SET_RESULTS=@@CHARACTER_SET_RESULTS */;
/*!40101 SET @OLD_COLLATION_CONNECTION=@@COLLATION_CONNECTION */;
/*!40101 SET NAMES utf8mb4 */;

--
-- Database: `iitcebun_newdb`
--

-- --------------------------------------------------------

--
-- Table structure for table `answers`
--

CREATE TABLE `answers` (
  `id` int(10) UNSIGNED NOT NULL,
  `question_id` int(10) UNSIGNED NOT NULL,
  `name` varchar(191) COLLATE utf8mb4_unicode_ci NOT NULL,
  `created_at` timestamp NULL DEFAULT NULL,
  `updated_at` timestamp NULL DEFAULT NULL
) ENGINE=InnoDB DEFAULT CHARSET=utf8mb4 COLLATE=utf8mb4_unicode_ci;

--
-- Dumping data for table `answers`
--

INSERT INTO `answers` (`id`, `question_id`, `name`, `created_at`, `updated_at`) VALUES
(1, 1, 'Living Together', '2018-06-04 12:23:25', '2018-06-04 12:23:25'),
(2, 1, 'Father/Mother working abroad', '2018-06-04 12:23:25', '2018-06-04 12:23:25'),
(3, 1, 'Separated', '2018-06-04 12:23:25', '2018-06-04 12:23:25'),
(4, 1, 'Deceased Mother/Father', '2018-06-04 12:23:25', '2018-06-04 12:23:25'),
(5, 2, 'Parents/in law', '2018-06-04 12:23:25', '2018-06-04 12:23:25'),
(6, 2, 'Stepfather/Stepmother', '2018-06-04 12:23:25', '2018-06-04 12:23:25'),
(7, 2, 'Guardians/Relatives', '2018-06-04 12:23:26', '2018-06-04 12:23:26'),
(8, 2, 'Spoused', '2018-06-04 12:23:26', '2018-06-04 12:23:26'),
(9, 3, 'Parents/in law', '2018-06-04 12:23:26', '2018-06-04 12:23:26'),
(10, 3, 'Stepfather/Stepmother', '2018-06-04 12:23:26', '2018-06-04 12:23:26'),
(11, 3, 'Guardians/Relatives', '2018-06-04 12:23:26', '2018-06-04 12:23:26'),
(12, 3, 'Spoused', '2018-06-04 12:23:27', '2018-06-04 12:23:27');

-- --------------------------------------------------------

--
-- Table structure for table `answer_enrollee`
--

CREATE TABLE `answer_enrollee` (
  `id` int(10) UNSIGNED NOT NULL,
  `enrollee_id` int(10) UNSIGNED DEFAULT NULL,
  `answer_id` int(10) UNSIGNED DEFAULT NULL,
  `created_at` timestamp NULL DEFAULT NULL,
  `updated_at` timestamp NULL DEFAULT NULL
) ENGINE=InnoDB DEFAULT CHARSET=utf8mb4 COLLATE=utf8mb4_unicode_ci;

--
-- Dumping data for table `answer_enrollee`
--

INSERT INTO `answer_enrollee` (`id`, `enrollee_id`, `answer_id`, `created_at`, `updated_at`) VALUES
(1, 1, 2, NULL, NULL),
(2, 1, 6, NULL, NULL),
(3, 1, 11, NULL, NULL),
(4, 2, 2, NULL, NULL),
(5, 2, 6, NULL, NULL),
(6, 2, 11, NULL, NULL),
(7, 3, 2, NULL, NULL),
(8, 3, 6, NULL, NULL),
(9, 3, 11, NULL, NULL),
(10, 4, 2, NULL, NULL),
(11, 4, 6, NULL, NULL),
(12, 4, 11, NULL, NULL),
(13, 5, 2, NULL, NULL),
(14, 5, 6, NULL, NULL),
(15, 5, 11, NULL, NULL),
(16, 6, 2, NULL, NULL),
(17, 6, 6, NULL, NULL),
(18, 6, 11, NULL, NULL),
(19, 7, 2, NULL, NULL),
(20, 7, 6, NULL, NULL),
(21, 7, 11, NULL, NULL),
(34, 10, 2, NULL, NULL),
(35, 10, 6, NULL, NULL),
(36, 10, 11, NULL, NULL),
(43, 8, 2, NULL, NULL),
(44, 8, 6, NULL, NULL),
(45, 8, 11, NULL, NULL),
(46, 9, 2, NULL, NULL),
(47, 9, 6, NULL, NULL),
(48, 9, 11, NULL, NULL),
(61, 14, 1, NULL, NULL),
(62, 14, 7, NULL, NULL),
(63, 14, 11, NULL, NULL),
(94, 23, 1, NULL, NULL),
(95, 23, 7, NULL, NULL),
(96, 23, 11, NULL, NULL),
(116, 31, 1, NULL, NULL),
(117, 31, 7, NULL, NULL),
(118, 31, 11, NULL, NULL),
(203, 56, 1, NULL, NULL),
(204, 56, 7, NULL, NULL),
(205, 56, 11, NULL, NULL),
(209, 58, 1, NULL, NULL),
(210, 58, 7, NULL, NULL),
(211, 58, 11, NULL, NULL),
(221, 60, 1, NULL, NULL),
(222, 60, 7, NULL, NULL),
(223, 60, 11, NULL, NULL),
(251, 64, 1, NULL, NULL),
(252, 64, 7, NULL, NULL),
(253, 64, 11, NULL, NULL),
(290, 72, 1, NULL, NULL),
(291, 72, 7, NULL, NULL),
(292, 72, 11, NULL, NULL),
(371, 85, 1, NULL, NULL),
(372, 85, 7, NULL, NULL),
(373, 85, 11, NULL, NULL),
(491, 29, 1, NULL, NULL),
(492, 29, 7, NULL, NULL),
(493, 29, 11, NULL, NULL),
(500, 109, 1, NULL, NULL),
(501, 109, 7, NULL, NULL),
(502, 109, 11, NULL, NULL),
(521, 110, 1, NULL, NULL),
(522, 110, 7, NULL, NULL),
(523, 110, 11, NULL, NULL),
(527, 111, 1, NULL, NULL),
(528, 111, 7, NULL, NULL),
(529, 111, 11, NULL, NULL),
(533, 112, 1, NULL, NULL),
(534, 112, 7, NULL, NULL),
(535, 112, 11, NULL, NULL),
(539, 114, 7, NULL, NULL),
(540, 114, 1, NULL, NULL),
(541, 114, 11, NULL, NULL),
(542, 113, 1, NULL, NULL),
(543, 113, 7, NULL, NULL),
(544, 113, 11, NULL, NULL),
(548, 115, 1, NULL, NULL),
(549, 115, 7, NULL, NULL),
(550, 115, 11, NULL, NULL),
(551, 18, 1, NULL, NULL),
(552, 18, 7, NULL, NULL),
(553, 18, 11, NULL, NULL),
(557, 54, 1, NULL, NULL),
(558, 54, 7, NULL, NULL),
(559, 54, 11, NULL, NULL),
(563, 57, 1, NULL, NULL),
(564, 57, 7, NULL, NULL),
(565, 57, 11, NULL, NULL),
(584, 93, 1, NULL, NULL),
(585, 93, 7, NULL, NULL),
(586, 93, 11, NULL, NULL),
(599, 75, 1, NULL, NULL),
(600, 75, 7, NULL, NULL),
(601, 75, 11, NULL, NULL),
(602, 38, 1, NULL, NULL),
(603, 38, 7, NULL, NULL),
(604, 38, 11, NULL, NULL),
(605, 83, 1, NULL, NULL),
(606, 83, 7, NULL, NULL),
(607, 83, 11, NULL, NULL),
(608, 74, 1, NULL, NULL),
(609, 74, 7, NULL, NULL),
(610, 74, 11, NULL, NULL),
(626, 44, 1, NULL, NULL),
(627, 44, 7, NULL, NULL),
(628, 44, 11, NULL, NULL),
(629, 36, 1, NULL, NULL),
(630, 36, 7, NULL, NULL),
(631, 36, 11, NULL, NULL),
(635, 55, 1, NULL, NULL),
(636, 55, 7, NULL, NULL),
(637, 55, 11, NULL, NULL),
(641, 50, 1, NULL, NULL),
(642, 50, 7, NULL, NULL),
(643, 50, 11, NULL, NULL),
(647, 48, 1, NULL, NULL),
(648, 48, 7, NULL, NULL),
(649, 48, 11, NULL, NULL),
(653, 35, 1, NULL, NULL),
(654, 35, 7, NULL, NULL),
(655, 35, 11, NULL, NULL),
(656, 45, 1, NULL, NULL),
(657, 45, 7, NULL, NULL),
(658, 45, 11, NULL, NULL),
(659, 46, 1, NULL, NULL),
(660, 46, 7, NULL, NULL),
(661, 46, 11, NULL, NULL),
(662, 32, 1, NULL, NULL),
(663, 32, 7, NULL, NULL),
(664, 32, 11, NULL, NULL),
(668, 25, 1, NULL, NULL),
(669, 25, 7, NULL, NULL),
(670, 25, 11, NULL, NULL),
(671, 33, 1, NULL, NULL),
(672, 33, 7, NULL, NULL),
(673, 33, 11, NULL, NULL),
(683, 21, 1, NULL, NULL),
(684, 21, 7, NULL, NULL),
(685, 21, 11, NULL, NULL),
(686, 27, 1, NULL, NULL),
(687, 27, 7, NULL, NULL),
(688, 27, 11, NULL, NULL),
(689, 41, 1, NULL, NULL),
(690, 41, 7, NULL, NULL),
(691, 41, 11, NULL, NULL),
(692, 37, 1, NULL, NULL),
(693, 37, 7, NULL, NULL),
(694, 37, 11, NULL, NULL),
(698, 39, 1, NULL, NULL),
(699, 39, 7, NULL, NULL),
(700, 39, 11, NULL, NULL),
(701, 49, 1, NULL, NULL),
(702, 49, 7, NULL, NULL),
(703, 49, 11, NULL, NULL),
(704, 51, 1, NULL, NULL),
(705, 51, 7, NULL, NULL),
(706, 51, 11, NULL, NULL),
(707, 26, 1, NULL, NULL),
(708, 26, 7, NULL, NULL),
(709, 26, 11, NULL, NULL),
(716, 17, 1, NULL, NULL),
(717, 17, 7, NULL, NULL),
(718, 17, 11, NULL, NULL),
(719, 16, 1, NULL, NULL),
(720, 16, 7, NULL, NULL),
(721, 16, 11, NULL, NULL),
(722, 52, 1, NULL, NULL),
(723, 52, 7, NULL, NULL),
(724, 52, 11, NULL, NULL),
(725, 40, 1, NULL, NULL),
(726, 40, 7, NULL, NULL),
(727, 40, 11, NULL, NULL),
(728, 42, 1, NULL, NULL),
(729, 42, 7, NULL, NULL),
(730, 42, 11, NULL, NULL),
(750, 63, 1, NULL, NULL),
(751, 63, 7, NULL, NULL),
(752, 63, 11, NULL, NULL),
(765, 28, 1, NULL, NULL),
(769, 117, 1, NULL, NULL),
(770, 117, 7, NULL, NULL),
(771, 117, 11, NULL, NULL),
(814, 47, 1, NULL, NULL),
(815, 47, 7, NULL, NULL),
(816, 47, 11, NULL, NULL),
(829, 120, 1, NULL, NULL),
(830, 120, 7, NULL, NULL),
(831, 120, 11, NULL, NULL),
(853, 96, 1, NULL, NULL),
(854, 96, 7, NULL, NULL),
(855, 96, 11, NULL, NULL),
(904, 118, 1, NULL, NULL),
(905, 118, 7, NULL, NULL),
(906, 118, 11, NULL, NULL),
(907, 119, 1, NULL, NULL),
(908, 119, 7, NULL, NULL),
(909, 119, 11, NULL, NULL),
(910, 30, 1, NULL, NULL),
(911, 30, 7, NULL, NULL),
(912, 30, 11, NULL, NULL),
(937, 104, 1, NULL, NULL),
(938, 104, 7, NULL, NULL),
(939, 104, 11, NULL, NULL),
(943, 81, 1, NULL, NULL),
(944, 81, 7, NULL, NULL),
(945, 81, 11, NULL, NULL),
(949, 97, 1, NULL, NULL),
(950, 97, 7, NULL, NULL),
(951, 97, 11, NULL, NULL),
(961, 108, 1, NULL, NULL),
(962, 108, 7, NULL, NULL),
(963, 108, 11, NULL, NULL),
(967, 101, 1, NULL, NULL),
(968, 101, 7, NULL, NULL),
(969, 101, 11, NULL, NULL),
(973, 107, 1, NULL, NULL),
(974, 107, 7, NULL, NULL),
(975, 107, 11, NULL, NULL),
(997, 103, 1, NULL, NULL),
(998, 103, 7, NULL, NULL),
(999, 103, 11, NULL, NULL),
(1003, 100, 1, NULL, NULL),
(1004, 100, 7, NULL, NULL),
(1005, 100, 11, NULL, NULL),
(1015, 98, 1, NULL, NULL),
(1016, 98, 7, NULL, NULL),
(1017, 98, 11, NULL, NULL),
(1021, 34, 1, NULL, NULL),
(1022, 34, 7, NULL, NULL),
(1023, 34, 11, NULL, NULL),
(1030, 67, 1, NULL, NULL),
(1031, 67, 7, NULL, NULL),
(1032, 67, 11, NULL, NULL),
(1045, 76, 1, NULL, NULL),
(1046, 76, 7, NULL, NULL),
(1047, 76, 11, NULL, NULL),
(1054, 66, 1, NULL, NULL),
(1055, 66, 7, NULL, NULL),
(1056, 66, 11, NULL, NULL),
(1063, 65, 1, NULL, NULL),
(1064, 65, 7, NULL, NULL),
(1065, 65, 11, NULL, NULL),
(1069, 59, 1, NULL, NULL),
(1070, 59, 7, NULL, NULL),
(1071, 59, 11, NULL, NULL),
(1078, 69, 1, NULL, NULL),
(1079, 69, 7, NULL, NULL),
(1080, 69, 11, NULL, NULL),
(1087, 77, 1, NULL, NULL),
(1088, 77, 7, NULL, NULL),
(1089, 77, 11, NULL, NULL),
(1096, 78, 1, NULL, NULL),
(1097, 78, 7, NULL, NULL),
(1098, 78, 11, NULL, NULL),
(1105, 68, 1, NULL, NULL),
(1106, 68, 7, NULL, NULL),
(1107, 68, 11, NULL, NULL),
(1120, 82, 1, NULL, NULL),
(1121, 82, 7, NULL, NULL),
(1122, 82, 11, NULL, NULL),
(1126, 61, 1, NULL, NULL),
(1127, 61, 7, NULL, NULL),
(1128, 61, 11, NULL, NULL),
(1132, 80, 1, NULL, NULL),
(1133, 80, 7, NULL, NULL),
(1134, 80, 11, NULL, NULL),
(1138, 62, 1, NULL, NULL),
(1139, 62, 7, NULL, NULL),
(1140, 62, 11, NULL, NULL),
(1150, 71, 1, NULL, NULL),
(1151, 71, 7, NULL, NULL),
(1152, 71, 11, NULL, NULL),
(1165, 24, 1, NULL, NULL),
(1166, 24, 7, NULL, NULL),
(1167, 24, 11, NULL, NULL),
(1168, 22, 1, NULL, NULL),
(1169, 22, 7, NULL, NULL),
(1170, 22, 11, NULL, NULL),
(1171, 13, 1, NULL, NULL),
(1172, 13, 7, NULL, NULL),
(1173, 13, 11, NULL, NULL),
(1174, 11, 1, NULL, NULL),
(1175, 11, 7, NULL, NULL),
(1176, 11, 11, NULL, NULL),
(1177, 53, 1, NULL, NULL),
(1178, 53, 7, NULL, NULL),
(1179, 53, 11, NULL, NULL),
(1180, 19, 1, NULL, NULL),
(1181, 19, 7, NULL, NULL),
(1182, 19, 11, NULL, NULL),
(1192, 116, 1, NULL, NULL),
(1193, 116, 7, NULL, NULL),
(1194, 116, 11, NULL, NULL),
(1201, 20, 1, NULL, NULL),
(1202, 20, 7, NULL, NULL),
(1203, 20, 11, NULL, NULL),
(1207, 106, 1, NULL, NULL),
(1208, 106, 7, NULL, NULL),
(1209, 106, 11, NULL, NULL),
(1210, 99, 1, NULL, NULL),
(1211, 99, 7, NULL, NULL),
(1212, 99, 11, NULL, NULL),
(1216, 12, 1, NULL, NULL),
(1217, 12, 7, NULL, NULL),
(1218, 12, 11, NULL, NULL),
(1225, 105, 1, NULL, NULL),
(1226, 105, 7, NULL, NULL),
(1227, 105, 11, NULL, NULL),
(1228, 15, 1, NULL, NULL),
(1229, 15, 7, NULL, NULL),
(1230, 15, 11, NULL, NULL),
(1234, 73, 1, NULL, NULL),
(1235, 73, 7, NULL, NULL),
(1236, 73, 11, NULL, NULL),
(1240, 70, 1, NULL, NULL),
(1241, 70, 7, NULL, NULL),
(1242, 70, 11, NULL, NULL),
(1246, 102, 1, NULL, NULL),
(1247, 102, 7, NULL, NULL),
(1248, 102, 11, NULL, NULL),
(1249, 43, 1, NULL, NULL),
(1250, 43, 7, NULL, NULL),
(1251, 43, 11, NULL, NULL),
(1252, 79, 1, NULL, NULL),
(1253, 79, 7, NULL, NULL),
(1254, 79, 11, NULL, NULL),
(1255, 121, 1, NULL, NULL),
(1256, 121, 7, NULL, NULL),
(1257, 121, 11, NULL, NULL),
(1258, 122, 1, NULL, NULL),
(1259, 122, 7, NULL, NULL),
(1260, 122, 11, NULL, NULL),
(1261, 86, 1, NULL, NULL),
(1262, 86, 7, NULL, NULL),
(1263, 86, 11, NULL, NULL),
(1270, 92, 1, NULL, NULL),
(1271, 92, 7, NULL, NULL),
(1272, 92, 11, NULL, NULL),
(1273, 91, 1, NULL, NULL),
(1274, 91, 7, NULL, NULL),
(1275, 91, 11, NULL, NULL),
(1279, 87, 1, NULL, NULL),
(1280, 87, 7, NULL, NULL),
(1281, 87, 11, NULL, NULL),
(1285, 84, 1, NULL, NULL),
(1286, 84, 7, NULL, NULL),
(1287, 84, 11, NULL, NULL),
(1288, 88, 1, NULL, NULL),
(1289, 88, 7, NULL, NULL),
(1290, 88, 11, NULL, NULL),
(1294, 95, 1, NULL, NULL),
(1295, 95, 7, NULL, NULL),
(1296, 95, 11, NULL, NULL),
(1297, 89, 1, NULL, NULL),
(1298, 89, 7, NULL, NULL),
(1299, 89, 11, NULL, NULL),
(1300, 94, 1, NULL, NULL),
(1301, 94, 7, NULL, NULL),
(1302, 94, 11, NULL, NULL),
(1309, 90, 1, NULL, NULL),
(1310, 90, 7, NULL, NULL),
(1311, 90, 11, NULL, NULL),
(1315, 123, 1, NULL, NULL),
(1316, 123, 7, NULL, NULL),
(1317, 123, 11, NULL, NULL),
(1321, 124, 1, NULL, NULL),
(1322, 124, 7, NULL, NULL),
(1323, 124, 11, NULL, NULL);

-- --------------------------------------------------------

--
-- Table structure for table `balances`
--

CREATE TABLE `balances` (
  `id` int(10) UNSIGNED NOT NULL,
  `name` varchar(191) COLLATE utf8mb4_unicode_ci NOT NULL,
  `amount` decimal(8,2) NOT NULL,
  `created_at` timestamp NULL DEFAULT NULL,
  `updated_at` timestamp NULL DEFAULT NULL
) ENGINE=InnoDB DEFAULT CHARSET=utf8mb4 COLLATE=utf8mb4_unicode_ci;

--
-- Dumping data for table `balances`
--

INSERT INTO `balances` (`id`, `name`, `amount`, `created_at`, `updated_at`) VALUES
(30, 'SHS School Uniform set with PE Set', '1500.00', '2018-06-08 04:39:10', '2018-07-12 10:37:18'),
(32, 'School ID SY 2018-2019', '250.00', '2018-06-08 06:38:06', '2018-07-18 11:51:50'),
(45, 'ITTS/SHS Tuition Fee 2018-2019 1ST SEM', '8000.00', '2018-06-11 03:58:05', '2018-07-18 11:51:18'),
(46, 'Graduation Fee', '5500.00', '2018-06-13 15:06:02', '2018-06-27 10:44:44'),
(47, 'ITTS School Uniform set', '950.00', '2018-06-21 09:52:40', '2018-08-08 13:59:06'),
(48, 'Enrollment Fee 1ST SEM', '2500.00', '2018-06-27 10:45:00', '2018-07-18 11:51:32'),
(49, 'TOR request non Grad', '750.00', '2018-06-27 11:04:55', '2018-06-27 11:06:31'),
(50, 'Certificates', '150.00', '2018-06-27 11:05:26', '2018-06-27 11:05:26'),
(51, 'P.E. UNIFORM SET', '600.00', '2018-07-09 10:51:34', '2018-07-09 10:51:46'),
(52, 'ENTRANCE EXAM', '100.00', '2018-07-12 07:25:52', '2018-07-12 07:25:52'),
(53, 'ID REPLACEMENT', '100.00', '2018-07-12 10:04:25', '2018-07-12 10:04:25'),
(54, 'ITTS SCHOOL UNIFORM SET WITH PE T-SHIRT', '1200.00', '2018-07-12 10:21:58', '2018-07-12 10:21:58'),
(55, 'SHS School Uniform set only', '1000.00', '2018-07-12 10:37:55', '2018-07-12 10:37:55'),
(56, 'SHS TUITION FEE SY 2017-2018 2ND SEM', '7500.00', '2018-07-13 06:47:55', '2018-07-18 11:51:05'),
(57, 'SHS WITH VOUCHER DROP OUT', '29500.00', '2018-07-18 11:30:19', '2018-07-18 11:30:19'),
(58, 'PE T-SHIRT ONLY', '250.00', '2018-07-20 13:28:34', '2018-07-20 13:28:34'),
(59, 'ID SLING', '150.00', '2018-07-24 10:51:40', '2018-07-24 10:51:40'),
(60, 'PEAC VOUCHER SY 2017-2018', '20000.00', '2018-09-14 07:16:57', '2018-09-14 07:19:23'),
(61, 'PEAC VOUCHER SY 2018-2019', '20000.00', '2018-10-27 07:12:43', '2018-10-27 07:14:20'),
(62, 'PE UNIFORM SET (FREE UNIFORM)', '500.00', '2018-10-27 08:12:29', '2018-10-27 08:12:55'),
(63, 'ENROLLMENT 2ND SEM SY 2018-2019', '2500.00', '2018-10-30 10:14:07', '2018-10-30 10:14:50'),
(64, 'ITTS TUITION FEE 2ND SEM SY 2018-2019', '8000.00', '2018-11-13 14:15:05', '2019-01-09 11:05:14'),
(65, 'ITTS 2 SEMESTER TAKEN SY 2018-2019', '18000.00', '2018-12-05 08:12:58', '2018-12-05 08:12:58'),
(66, 'ITTS ENROLLMENT AND TUITION FEE 1ST SEM 2019-2020', '10500.00', '2019-04-30 09:25:20', '2019-04-30 09:25:20');

-- --------------------------------------------------------

--
-- Table structure for table `balance_confirm_enrolled`
--

CREATE TABLE `balance_confirm_enrolled` (
  `id` int(10) UNSIGNED NOT NULL,
  `confirm_enrolled_id` int(10) UNSIGNED DEFAULT NULL,
  `balance_id` int(10) UNSIGNED DEFAULT NULL,
  `discount` decimal(10,0) NOT NULL,
  `created_at` timestamp NULL DEFAULT NULL,
  `updated_at` timestamp NULL DEFAULT NULL
) ENGINE=InnoDB DEFAULT CHARSET=utf8mb4 COLLATE=utf8mb4_unicode_ci;

--
-- Dumping data for table `balance_confirm_enrolled`
--

INSERT INTO `balance_confirm_enrolled` (`id`, `confirm_enrolled_id`, `balance_id`, `discount`, `created_at`, `updated_at`) VALUES
(731, 36, 52, '0', '2018-07-12 07:26:07', '2018-07-12 07:26:07'),
(732, 63, 52, '0', '2018-07-12 07:26:07', '2018-07-12 07:26:07'),
(733, 64, 52, '0', '2018-07-12 07:26:07', '2018-07-12 07:26:07'),
(734, 66, 52, '0', '2018-07-12 07:26:07', '2018-07-12 07:26:07'),
(735, 68, 52, '0', '2018-07-12 07:26:07', '2018-07-12 07:26:07'),
(736, 69, 52, '0', '2018-07-12 07:26:07', '2018-07-12 07:26:07'),
(737, 71, 52, '0', '2018-07-12 07:26:07', '2018-07-12 07:26:07'),
(738, 73, 52, '0', '2018-07-12 07:26:07', '2018-07-12 07:26:07'),
(739, 74, 52, '0', '2018-07-12 07:26:07', '2018-07-12 07:26:07'),
(740, 75, 52, '0', '2018-07-12 07:26:07', '2018-07-12 07:26:07'),
(741, 76, 52, '0', '2018-07-12 07:26:07', '2018-07-12 07:26:07'),
(742, 78, 52, '0', '2018-07-12 07:26:07', '2018-07-12 07:26:07'),
(743, 80, 52, '0', '2018-07-12 07:26:07', '2018-07-12 07:26:07'),
(744, 81, 52, '0', '2018-07-12 07:26:07', '2018-07-12 07:26:07'),
(745, 82, 52, '0', '2018-07-12 07:26:07', '2018-07-12 07:26:07'),
(746, 83, 52, '0', '2018-07-12 07:26:07', '2018-07-12 07:26:07'),
(747, 84, 52, '0', '2018-07-12 07:26:07', '2018-07-12 07:26:07'),
(748, 85, 52, '0', '2018-07-12 07:26:07', '2018-07-12 07:26:07'),
(749, 86, 52, '0', '2018-07-12 07:26:07', '2018-07-12 07:26:07'),
(750, 88, 52, '0', '2018-07-12 07:26:07', '2018-07-12 07:26:07'),
(751, 90, 52, '0', '2018-07-12 07:26:07', '2018-07-12 07:26:07'),
(752, 92, 52, '0', '2018-07-12 07:26:07', '2018-07-12 07:26:07'),
(753, 94, 52, '0', '2018-07-12 07:26:07', '2018-07-12 07:26:07'),
(754, 96, 52, '0', '2018-07-12 07:26:07', '2018-07-12 07:26:07'),
(755, 98, 52, '0', '2018-07-12 07:26:07', '2018-07-12 07:26:07'),
(756, 100, 52, '0', '2018-07-12 07:26:07', '2018-07-12 07:26:07'),
(757, 114, 52, '0', '2018-07-12 07:26:07', '2018-07-12 07:26:07'),
(758, 116, 52, '0', '2018-07-12 07:26:07', '2018-07-12 07:26:07'),
(759, 117, 52, '0', '2018-07-12 07:26:07', '2018-07-12 07:26:07'),
(760, 36, 52, '0', '2018-07-12 07:26:08', '2018-07-12 07:26:08'),
(761, 63, 52, '0', '2018-07-12 07:26:08', '2018-07-12 07:26:08'),
(762, 64, 52, '0', '2018-07-12 07:26:08', '2018-07-12 07:26:08'),
(763, 66, 52, '0', '2018-07-12 07:26:08', '2018-07-12 07:26:08'),
(764, 68, 52, '0', '2018-07-12 07:26:08', '2018-07-12 07:26:08'),
(765, 69, 52, '0', '2018-07-12 07:26:08', '2018-07-12 07:26:08'),
(766, 71, 52, '0', '2018-07-12 07:26:08', '2018-07-12 07:26:08'),
(767, 73, 52, '0', '2018-07-12 07:26:08', '2018-07-12 07:26:08'),
(768, 74, 52, '0', '2018-07-12 07:26:08', '2018-07-12 07:26:08'),
(769, 75, 52, '0', '2018-07-12 07:26:08', '2018-07-12 07:26:08'),
(770, 76, 52, '0', '2018-07-12 07:26:08', '2018-07-12 07:26:08'),
(771, 78, 52, '0', '2018-07-12 07:26:08', '2018-07-12 07:26:08'),
(772, 80, 52, '0', '2018-07-12 07:26:08', '2018-07-12 07:26:08'),
(773, 81, 52, '0', '2018-07-12 07:26:08', '2018-07-12 07:26:08'),
(774, 82, 52, '0', '2018-07-12 07:26:08', '2018-07-12 07:26:08'),
(775, 83, 52, '0', '2018-07-12 07:26:08', '2018-07-12 07:26:08'),
(776, 84, 52, '0', '2018-07-12 07:26:08', '2018-07-12 07:26:08'),
(777, 85, 52, '0', '2018-07-12 07:26:08', '2018-07-12 07:26:08'),
(778, 86, 52, '0', '2018-07-12 07:26:08', '2018-07-12 07:26:08'),
(779, 88, 52, '0', '2018-07-12 07:26:08', '2018-07-12 07:26:08'),
(780, 90, 52, '0', '2018-07-12 07:26:08', '2018-07-12 07:26:08'),
(781, 92, 52, '0', '2018-07-12 07:26:08', '2018-07-12 07:26:08'),
(782, 94, 52, '0', '2018-07-12 07:26:08', '2018-07-12 07:26:08'),
(783, 96, 52, '0', '2018-07-12 07:26:08', '2018-07-12 07:26:08'),
(784, 98, 52, '0', '2018-07-12 07:26:08', '2018-07-12 07:26:08'),
(785, 100, 52, '0', '2018-07-12 07:26:08', '2018-07-12 07:26:08'),
(786, 114, 52, '0', '2018-07-12 07:26:08', '2018-07-12 07:26:08'),
(787, 116, 52, '0', '2018-07-12 07:26:08', '2018-07-12 07:26:08'),
(788, 117, 52, '0', '2018-07-12 07:26:08', '2018-07-12 07:26:08'),
(789, 36, 52, '0', '2018-07-12 07:27:02', '2018-07-12 07:27:02'),
(790, 63, 52, '0', '2018-07-12 07:27:02', '2018-07-12 07:27:02'),
(791, 64, 52, '0', '2018-07-12 07:27:02', '2018-07-12 07:27:02'),
(792, 66, 52, '0', '2018-07-12 07:27:02', '2018-07-12 07:27:02'),
(793, 68, 52, '0', '2018-07-12 07:27:02', '2018-07-12 07:27:02'),
(794, 69, 52, '0', '2018-07-12 07:27:02', '2018-07-12 07:27:02'),
(795, 71, 52, '0', '2018-07-12 07:27:02', '2018-07-12 07:27:02'),
(796, 73, 52, '0', '2018-07-12 07:27:02', '2018-07-12 07:27:02'),
(797, 74, 52, '0', '2018-07-12 07:27:02', '2018-07-12 07:27:02'),
(798, 75, 52, '0', '2018-07-12 07:27:02', '2018-07-12 07:27:02'),
(799, 76, 52, '0', '2018-07-12 07:27:02', '2018-07-12 07:27:02'),
(800, 78, 52, '0', '2018-07-12 07:27:02', '2018-07-12 07:27:02'),
(801, 80, 52, '0', '2018-07-12 07:27:02', '2018-07-12 07:27:02'),
(802, 81, 52, '0', '2018-07-12 07:27:02', '2018-07-12 07:27:02'),
(803, 82, 52, '0', '2018-07-12 07:27:02', '2018-07-12 07:27:02'),
(804, 83, 52, '0', '2018-07-12 07:27:02', '2018-07-12 07:27:02'),
(805, 84, 52, '0', '2018-07-12 07:27:02', '2018-07-12 07:27:02'),
(806, 85, 52, '0', '2018-07-12 07:27:02', '2018-07-12 07:27:02'),
(807, 86, 52, '0', '2018-07-12 07:27:02', '2018-07-12 07:27:02'),
(808, 88, 52, '0', '2018-07-12 07:27:02', '2018-07-12 07:27:02'),
(809, 90, 52, '0', '2018-07-12 07:27:02', '2018-07-12 07:27:02'),
(810, 92, 52, '0', '2018-07-12 07:27:02', '2018-07-12 07:27:02'),
(811, 94, 52, '0', '2018-07-12 07:27:02', '2018-07-12 07:27:02'),
(812, 96, 52, '0', '2018-07-12 07:27:02', '2018-07-12 07:27:02'),
(813, 98, 52, '0', '2018-07-12 07:27:02', '2018-07-12 07:27:02'),
(814, 100, 52, '0', '2018-07-12 07:27:02', '2018-07-12 07:27:02'),
(815, 114, 52, '0', '2018-07-12 07:27:02', '2018-07-12 07:27:02'),
(816, 116, 52, '0', '2018-07-12 07:27:02', '2018-07-12 07:27:02'),
(817, 117, 52, '0', '2018-07-12 07:27:02', '2018-07-12 07:27:02'),
(932, 36, 52, '0', '2018-07-12 07:44:41', '2018-07-12 07:44:41'),
(933, 63, 52, '0', '2018-07-12 07:44:41', '2018-07-12 07:44:41'),
(934, 64, 52, '0', '2018-07-12 07:44:41', '2018-07-12 07:44:41'),
(935, 66, 52, '0', '2018-07-12 07:44:41', '2018-07-12 07:44:41'),
(936, 68, 52, '0', '2018-07-12 07:44:41', '2018-07-12 07:44:41'),
(937, 69, 52, '0', '2018-07-12 07:44:41', '2018-07-12 07:44:41'),
(938, 71, 52, '0', '2018-07-12 07:44:41', '2018-07-12 07:44:41'),
(939, 73, 52, '0', '2018-07-12 07:44:41', '2018-07-12 07:44:41'),
(940, 74, 52, '0', '2018-07-12 07:44:41', '2018-07-12 07:44:41'),
(941, 75, 52, '0', '2018-07-12 07:44:41', '2018-07-12 07:44:41'),
(942, 76, 52, '0', '2018-07-12 07:44:41', '2018-07-12 07:44:41'),
(943, 78, 52, '0', '2018-07-12 07:44:41', '2018-07-12 07:44:41'),
(944, 80, 52, '0', '2018-07-12 07:44:41', '2018-07-12 07:44:41'),
(945, 81, 52, '0', '2018-07-12 07:44:41', '2018-07-12 07:44:41'),
(946, 82, 52, '0', '2018-07-12 07:44:41', '2018-07-12 07:44:41'),
(947, 83, 52, '0', '2018-07-12 07:44:41', '2018-07-12 07:44:41'),
(948, 84, 52, '0', '2018-07-12 07:44:41', '2018-07-12 07:44:41'),
(949, 85, 52, '0', '2018-07-12 07:44:41', '2018-07-12 07:44:41'),
(950, 86, 52, '0', '2018-07-12 07:44:41', '2018-07-12 07:44:41'),
(951, 88, 52, '0', '2018-07-12 07:44:41', '2018-07-12 07:44:41'),
(952, 90, 52, '0', '2018-07-12 07:44:41', '2018-07-12 07:44:41'),
(953, 92, 52, '0', '2018-07-12 07:44:41', '2018-07-12 07:44:41'),
(954, 94, 52, '0', '2018-07-12 07:44:41', '2018-07-12 07:44:41'),
(955, 96, 52, '0', '2018-07-12 07:44:41', '2018-07-12 07:44:41'),
(956, 98, 52, '0', '2018-07-12 07:44:41', '2018-07-12 07:44:41'),
(957, 100, 52, '0', '2018-07-12 07:44:41', '2018-07-12 07:44:41'),
(958, 114, 52, '0', '2018-07-12 07:44:41', '2018-07-12 07:44:41'),
(959, 116, 52, '0', '2018-07-12 07:44:41', '2018-07-12 07:44:41'),
(960, 117, 52, '0', '2018-07-12 07:44:41', '2018-07-12 07:44:41'),
(961, 118, 52, '0', '2018-07-12 07:44:41', '2018-07-12 07:44:41'),
(962, 36, 52, '0', '2018-07-12 07:44:41', '2018-07-12 07:44:41'),
(963, 63, 52, '0', '2018-07-12 07:44:41', '2018-07-12 07:44:41'),
(964, 64, 52, '0', '2018-07-12 07:44:41', '2018-07-12 07:44:41'),
(965, 66, 52, '0', '2018-07-12 07:44:41', '2018-07-12 07:44:41'),
(966, 68, 52, '0', '2018-07-12 07:44:41', '2018-07-12 07:44:41'),
(967, 69, 52, '0', '2018-07-12 07:44:41', '2018-07-12 07:44:41'),
(968, 71, 52, '0', '2018-07-12 07:44:41', '2018-07-12 07:44:41'),
(969, 73, 52, '0', '2018-07-12 07:44:41', '2018-07-12 07:44:41'),
(970, 74, 52, '0', '2018-07-12 07:44:41', '2018-07-12 07:44:41'),
(971, 75, 52, '0', '2018-07-12 07:44:41', '2018-07-12 07:44:41'),
(972, 76, 52, '0', '2018-07-12 07:44:41', '2018-07-12 07:44:41'),
(973, 78, 52, '0', '2018-07-12 07:44:41', '2018-07-12 07:44:41'),
(974, 80, 52, '0', '2018-07-12 07:44:41', '2018-07-12 07:44:41'),
(975, 81, 52, '0', '2018-07-12 07:44:41', '2018-07-12 07:44:41'),
(976, 82, 52, '0', '2018-07-12 07:44:41', '2018-07-12 07:44:41'),
(977, 83, 52, '0', '2018-07-12 07:44:41', '2018-07-12 07:44:41'),
(978, 84, 52, '0', '2018-07-12 07:44:41', '2018-07-12 07:44:41'),
(979, 85, 52, '0', '2018-07-12 07:44:41', '2018-07-12 07:44:41'),
(980, 86, 52, '0', '2018-07-12 07:44:41', '2018-07-12 07:44:41'),
(981, 88, 52, '0', '2018-07-12 07:44:41', '2018-07-12 07:44:41'),
(982, 90, 52, '0', '2018-07-12 07:44:42', '2018-07-12 07:44:42'),
(983, 92, 52, '0', '2018-07-12 07:44:42', '2018-07-12 07:44:42'),
(984, 94, 52, '0', '2018-07-12 07:44:42', '2018-07-12 07:44:42'),
(985, 96, 52, '0', '2018-07-12 07:44:42', '2018-07-12 07:44:42'),
(986, 98, 52, '0', '2018-07-12 07:44:42', '2018-07-12 07:44:42'),
(987, 100, 52, '0', '2018-07-12 07:44:42', '2018-07-12 07:44:42'),
(988, 114, 52, '0', '2018-07-12 07:44:42', '2018-07-12 07:44:42'),
(989, 116, 52, '0', '2018-07-12 07:44:42', '2018-07-12 07:44:42'),
(990, 117, 52, '0', '2018-07-12 07:44:42', '2018-07-12 07:44:42'),
(991, 118, 52, '0', '2018-07-12 07:44:42', '2018-07-12 07:44:42'),
(992, 36, 52, '0', '2018-07-12 07:45:43', '2018-07-12 07:45:43'),
(993, 63, 52, '0', '2018-07-12 07:45:43', '2018-07-12 07:45:43'),
(994, 64, 52, '0', '2018-07-12 07:45:43', '2018-07-12 07:45:43'),
(995, 66, 52, '0', '2018-07-12 07:45:43', '2018-07-12 07:45:43'),
(996, 68, 52, '0', '2018-07-12 07:45:43', '2018-07-12 07:45:43'),
(997, 69, 52, '0', '2018-07-12 07:45:43', '2018-07-12 07:45:43'),
(998, 71, 52, '0', '2018-07-12 07:45:43', '2018-07-12 07:45:43'),
(999, 73, 52, '0', '2018-07-12 07:45:43', '2018-07-12 07:45:43'),
(1000, 74, 52, '0', '2018-07-12 07:45:43', '2018-07-12 07:45:43'),
(1001, 75, 52, '0', '2018-07-12 07:45:43', '2018-07-12 07:45:43'),
(1002, 76, 52, '0', '2018-07-12 07:45:43', '2018-07-12 07:45:43'),
(1003, 78, 52, '0', '2018-07-12 07:45:43', '2018-07-12 07:45:43'),
(1004, 80, 52, '0', '2018-07-12 07:45:43', '2018-07-12 07:45:43'),
(1005, 81, 52, '0', '2018-07-12 07:45:43', '2018-07-12 07:45:43'),
(1006, 82, 52, '0', '2018-07-12 07:45:43', '2018-07-12 07:45:43'),
(1007, 83, 52, '0', '2018-07-12 07:45:43', '2018-07-12 07:45:43'),
(1008, 84, 52, '0', '2018-07-12 07:45:43', '2018-07-12 07:45:43'),
(1009, 85, 52, '0', '2018-07-12 07:45:43', '2018-07-12 07:45:43'),
(1010, 86, 52, '0', '2018-07-12 07:45:43', '2018-07-12 07:45:43'),
(1011, 88, 52, '0', '2018-07-12 07:45:43', '2018-07-12 07:45:43'),
(1012, 90, 52, '0', '2018-07-12 07:45:43', '2018-07-12 07:45:43'),
(1013, 92, 52, '0', '2018-07-12 07:45:43', '2018-07-12 07:45:43'),
(1014, 94, 52, '0', '2018-07-12 07:45:43', '2018-07-12 07:45:43'),
(1015, 96, 52, '0', '2018-07-12 07:45:43', '2018-07-12 07:45:43'),
(1016, 98, 52, '0', '2018-07-12 07:45:43', '2018-07-12 07:45:43'),
(1017, 100, 52, '0', '2018-07-12 07:45:43', '2018-07-12 07:45:43'),
(1018, 114, 52, '0', '2018-07-12 07:45:43', '2018-07-12 07:45:43'),
(1019, 116, 52, '0', '2018-07-12 07:45:43', '2018-07-12 07:45:43'),
(1020, 117, 52, '0', '2018-07-12 07:45:43', '2018-07-12 07:45:43'),
(1021, 118, 52, '0', '2018-07-12 07:45:43', '2018-07-12 07:45:43'),
(1022, 36, 52, '0', '2018-07-12 07:45:44', '2018-07-12 07:45:44'),
(1023, 63, 52, '0', '2018-07-12 07:45:44', '2018-07-12 07:45:44'),
(1024, 64, 52, '0', '2018-07-12 07:45:44', '2018-07-12 07:45:44'),
(1025, 66, 52, '0', '2018-07-12 07:45:44', '2018-07-12 07:45:44'),
(1026, 68, 52, '0', '2018-07-12 07:45:44', '2018-07-12 07:45:44'),
(1027, 69, 52, '0', '2018-07-12 07:45:44', '2018-07-12 07:45:44'),
(1028, 71, 52, '0', '2018-07-12 07:45:44', '2018-07-12 07:45:44'),
(1029, 73, 52, '0', '2018-07-12 07:45:44', '2018-07-12 07:45:44'),
(1030, 74, 52, '0', '2018-07-12 07:45:44', '2018-07-12 07:45:44'),
(1031, 75, 52, '0', '2018-07-12 07:45:44', '2018-07-12 07:45:44'),
(1032, 76, 52, '0', '2018-07-12 07:45:44', '2018-07-12 07:45:44'),
(1033, 78, 52, '0', '2018-07-12 07:45:44', '2018-07-12 07:45:44'),
(1034, 80, 52, '0', '2018-07-12 07:45:44', '2018-07-12 07:45:44'),
(1035, 81, 52, '0', '2018-07-12 07:45:44', '2018-07-12 07:45:44'),
(1036, 82, 52, '0', '2018-07-12 07:45:44', '2018-07-12 07:45:44'),
(1037, 83, 52, '0', '2018-07-12 07:45:44', '2018-07-12 07:45:44'),
(1038, 84, 52, '0', '2018-07-12 07:45:44', '2018-07-12 07:45:44'),
(1039, 85, 52, '0', '2018-07-12 07:45:44', '2018-07-12 07:45:44'),
(1040, 86, 52, '0', '2018-07-12 07:45:44', '2018-07-12 07:45:44'),
(1041, 88, 52, '0', '2018-07-12 07:45:44', '2018-07-12 07:45:44'),
(1042, 90, 52, '0', '2018-07-12 07:45:44', '2018-07-12 07:45:44'),
(1043, 92, 52, '0', '2018-07-12 07:45:44', '2018-07-12 07:45:44'),
(1044, 94, 52, '0', '2018-07-12 07:45:44', '2018-07-12 07:45:44'),
(1045, 96, 52, '0', '2018-07-12 07:45:44', '2018-07-12 07:45:44'),
(1046, 98, 52, '0', '2018-07-12 07:45:44', '2018-07-12 07:45:44'),
(1047, 100, 52, '0', '2018-07-12 07:45:44', '2018-07-12 07:45:44'),
(1048, 114, 52, '0', '2018-07-12 07:45:44', '2018-07-12 07:45:44'),
(1049, 116, 52, '0', '2018-07-12 07:45:44', '2018-07-12 07:45:44'),
(1050, 117, 52, '0', '2018-07-12 07:45:44', '2018-07-12 07:45:44'),
(1051, 118, 52, '0', '2018-07-12 07:45:44', '2018-07-12 07:45:44'),
(1052, 36, 52, '0', '2018-07-12 07:46:39', '2018-07-12 07:46:39'),
(1053, 63, 52, '0', '2018-07-12 07:46:39', '2018-07-12 07:46:39'),
(1054, 64, 52, '0', '2018-07-12 07:46:39', '2018-07-12 07:46:39'),
(1055, 66, 52, '0', '2018-07-12 07:46:39', '2018-07-12 07:46:39'),
(1056, 68, 52, '0', '2018-07-12 07:46:39', '2018-07-12 07:46:39'),
(1057, 69, 52, '0', '2018-07-12 07:46:39', '2018-07-12 07:46:39'),
(1058, 71, 52, '0', '2018-07-12 07:46:39', '2018-07-12 07:46:39'),
(1059, 73, 52, '0', '2018-07-12 07:46:39', '2018-07-12 07:46:39'),
(1060, 74, 52, '0', '2018-07-12 07:46:39', '2018-07-12 07:46:39'),
(1061, 75, 52, '0', '2018-07-12 07:46:39', '2018-07-12 07:46:39'),
(1062, 76, 52, '0', '2018-07-12 07:46:39', '2018-07-12 07:46:39'),
(1063, 78, 52, '0', '2018-07-12 07:46:39', '2018-07-12 07:46:39'),
(1064, 80, 52, '0', '2018-07-12 07:46:39', '2018-07-12 07:46:39'),
(1065, 81, 52, '0', '2018-07-12 07:46:39', '2018-07-12 07:46:39'),
(1066, 82, 52, '0', '2018-07-12 07:46:39', '2018-07-12 07:46:39'),
(1067, 83, 52, '0', '2018-07-12 07:46:39', '2018-07-12 07:46:39'),
(1068, 84, 52, '0', '2018-07-12 07:46:39', '2018-07-12 07:46:39'),
(1069, 85, 52, '0', '2018-07-12 07:46:39', '2018-07-12 07:46:39'),
(1070, 86, 52, '0', '2018-07-12 07:46:39', '2018-07-12 07:46:39'),
(1071, 88, 52, '0', '2018-07-12 07:46:39', '2018-07-12 07:46:39'),
(1072, 90, 52, '0', '2018-07-12 07:46:39', '2018-07-12 07:46:39'),
(1073, 92, 52, '0', '2018-07-12 07:46:39', '2018-07-12 07:46:39'),
(1074, 94, 52, '0', '2018-07-12 07:46:39', '2018-07-12 07:46:39'),
(1075, 96, 52, '0', '2018-07-12 07:46:39', '2018-07-12 07:46:39'),
(1076, 98, 52, '0', '2018-07-12 07:46:39', '2018-07-12 07:46:39'),
(1077, 100, 52, '0', '2018-07-12 07:46:39', '2018-07-12 07:46:39'),
(1078, 114, 52, '0', '2018-07-12 07:46:39', '2018-07-12 07:46:39'),
(1079, 116, 52, '0', '2018-07-12 07:46:39', '2018-07-12 07:46:39'),
(1080, 117, 52, '0', '2018-07-12 07:46:39', '2018-07-12 07:46:39'),
(1081, 118, 52, '0', '2018-07-12 07:46:39', '2018-07-12 07:46:39'),
(1082, 119, 52, '0', '2018-07-12 07:46:39', '2018-07-12 07:46:39'),
(1083, 36, 52, '0', '2018-07-12 07:47:02', '2018-07-12 07:47:02'),
(1084, 63, 52, '0', '2018-07-12 07:47:02', '2018-07-12 07:47:02'),
(1085, 64, 52, '0', '2018-07-12 07:47:02', '2018-07-12 07:47:02'),
(1086, 66, 52, '0', '2018-07-12 07:47:02', '2018-07-12 07:47:02'),
(1087, 68, 52, '0', '2018-07-12 07:47:02', '2018-07-12 07:47:02'),
(1088, 69, 52, '0', '2018-07-12 07:47:02', '2018-07-12 07:47:02'),
(1089, 71, 52, '0', '2018-07-12 07:47:02', '2018-07-12 07:47:02'),
(1090, 73, 52, '0', '2018-07-12 07:47:02', '2018-07-12 07:47:02'),
(1091, 74, 52, '0', '2018-07-12 07:47:02', '2018-07-12 07:47:02'),
(1092, 75, 52, '0', '2018-07-12 07:47:02', '2018-07-12 07:47:02'),
(1093, 76, 52, '0', '2018-07-12 07:47:02', '2018-07-12 07:47:02'),
(1094, 78, 52, '0', '2018-07-12 07:47:02', '2018-07-12 07:47:02'),
(1095, 80, 52, '0', '2018-07-12 07:47:02', '2018-07-12 07:47:02'),
(1096, 81, 52, '0', '2018-07-12 07:47:02', '2018-07-12 07:47:02'),
(1097, 82, 52, '0', '2018-07-12 07:47:02', '2018-07-12 07:47:02'),
(1098, 83, 52, '0', '2018-07-12 07:47:02', '2018-07-12 07:47:02'),
(1099, 84, 52, '0', '2018-07-12 07:47:02', '2018-07-12 07:47:02'),
(1100, 85, 52, '0', '2018-07-12 07:47:02', '2018-07-12 07:47:02'),
(1101, 86, 52, '0', '2018-07-12 07:47:02', '2018-07-12 07:47:02'),
(1102, 88, 52, '0', '2018-07-12 07:47:02', '2018-07-12 07:47:02'),
(1103, 90, 52, '0', '2018-07-12 07:47:02', '2018-07-12 07:47:02'),
(1104, 92, 52, '0', '2018-07-12 07:47:02', '2018-07-12 07:47:02'),
(1105, 94, 52, '0', '2018-07-12 07:47:02', '2018-07-12 07:47:02'),
(1106, 96, 52, '0', '2018-07-12 07:47:02', '2018-07-12 07:47:02'),
(1107, 98, 52, '0', '2018-07-12 07:47:02', '2018-07-12 07:47:02'),
(1108, 100, 52, '0', '2018-07-12 07:47:03', '2018-07-12 07:47:03'),
(1109, 114, 52, '0', '2018-07-12 07:47:03', '2018-07-12 07:47:03'),
(1110, 116, 52, '0', '2018-07-12 07:47:03', '2018-07-12 07:47:03'),
(1111, 117, 52, '0', '2018-07-12 07:47:03', '2018-07-12 07:47:03'),
(1112, 118, 52, '0', '2018-07-12 07:47:03', '2018-07-12 07:47:03'),
(1113, 119, 52, '0', '2018-07-12 07:47:03', '2018-07-12 07:47:03'),
(1114, 36, 52, '0', '2018-07-12 07:47:03', '2018-07-12 07:47:03'),
(1115, 63, 52, '0', '2018-07-12 07:47:03', '2018-07-12 07:47:03'),
(1116, 64, 52, '0', '2018-07-12 07:47:03', '2018-07-12 07:47:03'),
(1117, 66, 52, '0', '2018-07-12 07:47:03', '2018-07-12 07:47:03'),
(1118, 68, 52, '0', '2018-07-12 07:47:03', '2018-07-12 07:47:03'),
(1119, 69, 52, '0', '2018-07-12 07:47:03', '2018-07-12 07:47:03'),
(1120, 71, 52, '0', '2018-07-12 07:47:03', '2018-07-12 07:47:03'),
(1121, 73, 52, '0', '2018-07-12 07:47:03', '2018-07-12 07:47:03'),
(1122, 74, 52, '0', '2018-07-12 07:47:03', '2018-07-12 07:47:03'),
(1123, 75, 52, '0', '2018-07-12 07:47:03', '2018-07-12 07:47:03'),
(1124, 76, 52, '0', '2018-07-12 07:47:03', '2018-07-12 07:47:03'),
(1125, 78, 52, '0', '2018-07-12 07:47:03', '2018-07-12 07:47:03'),
(1126, 80, 52, '0', '2018-07-12 07:47:03', '2018-07-12 07:47:03'),
(1127, 81, 52, '0', '2018-07-12 07:47:03', '2018-07-12 07:47:03'),
(1128, 82, 52, '0', '2018-07-12 07:47:03', '2018-07-12 07:47:03'),
(1129, 83, 52, '0', '2018-07-12 07:47:03', '2018-07-12 07:47:03'),
(1130, 84, 52, '0', '2018-07-12 07:47:03', '2018-07-12 07:47:03'),
(1131, 85, 52, '0', '2018-07-12 07:47:03', '2018-07-12 07:47:03'),
(1132, 86, 52, '0', '2018-07-12 07:47:03', '2018-07-12 07:47:03'),
(1133, 88, 52, '0', '2018-07-12 07:47:03', '2018-07-12 07:47:03'),
(1134, 90, 52, '0', '2018-07-12 07:47:03', '2018-07-12 07:47:03'),
(1135, 92, 52, '0', '2018-07-12 07:47:03', '2018-07-12 07:47:03'),
(1136, 94, 52, '0', '2018-07-12 07:47:03', '2018-07-12 07:47:03'),
(1137, 96, 52, '0', '2018-07-12 07:47:03', '2018-07-12 07:47:03'),
(1138, 98, 52, '0', '2018-07-12 07:47:03', '2018-07-12 07:47:03'),
(1139, 100, 52, '0', '2018-07-12 07:47:03', '2018-07-12 07:47:03'),
(1140, 114, 52, '0', '2018-07-12 07:47:03', '2018-07-12 07:47:03'),
(1141, 116, 52, '0', '2018-07-12 07:47:03', '2018-07-12 07:47:03'),
(1142, 117, 52, '0', '2018-07-12 07:47:03', '2018-07-12 07:47:03'),
(1143, 118, 52, '0', '2018-07-12 07:47:03', '2018-07-12 07:47:03'),
(1144, 119, 52, '0', '2018-07-12 07:47:03', '2018-07-12 07:47:03'),
(1145, 36, 52, '0', '2018-07-12 07:47:23', '2018-07-12 07:47:23'),
(1146, 63, 52, '0', '2018-07-12 07:47:23', '2018-07-12 07:47:23'),
(1147, 64, 52, '0', '2018-07-12 07:47:23', '2018-07-12 07:47:23'),
(1148, 66, 52, '0', '2018-07-12 07:47:23', '2018-07-12 07:47:23'),
(1149, 68, 52, '0', '2018-07-12 07:47:23', '2018-07-12 07:47:23'),
(1150, 69, 52, '0', '2018-07-12 07:47:23', '2018-07-12 07:47:23'),
(1151, 71, 52, '0', '2018-07-12 07:47:23', '2018-07-12 07:47:23'),
(1152, 73, 52, '0', '2018-07-12 07:47:23', '2018-07-12 07:47:23'),
(1153, 74, 52, '0', '2018-07-12 07:47:23', '2018-07-12 07:47:23'),
(1154, 75, 52, '0', '2018-07-12 07:47:23', '2018-07-12 07:47:23'),
(1155, 76, 52, '0', '2018-07-12 07:47:23', '2018-07-12 07:47:23'),
(1156, 78, 52, '0', '2018-07-12 07:47:23', '2018-07-12 07:47:23'),
(1157, 80, 52, '0', '2018-07-12 07:47:23', '2018-07-12 07:47:23'),
(1158, 81, 52, '0', '2018-07-12 07:47:23', '2018-07-12 07:47:23'),
(1159, 82, 52, '0', '2018-07-12 07:47:23', '2018-07-12 07:47:23'),
(1160, 83, 52, '0', '2018-07-12 07:47:23', '2018-07-12 07:47:23'),
(1161, 84, 52, '0', '2018-07-12 07:47:23', '2018-07-12 07:47:23'),
(1162, 85, 52, '0', '2018-07-12 07:47:23', '2018-07-12 07:47:23'),
(1163, 86, 52, '0', '2018-07-12 07:47:23', '2018-07-12 07:47:23'),
(1164, 88, 52, '0', '2018-07-12 07:47:23', '2018-07-12 07:47:23'),
(1165, 90, 52, '0', '2018-07-12 07:47:23', '2018-07-12 07:47:23'),
(1166, 92, 52, '0', '2018-07-12 07:47:23', '2018-07-12 07:47:23'),
(1167, 94, 52, '0', '2018-07-12 07:47:23', '2018-07-12 07:47:23'),
(1168, 96, 52, '0', '2018-07-12 07:47:23', '2018-07-12 07:47:23'),
(1169, 98, 52, '0', '2018-07-12 07:47:23', '2018-07-12 07:47:23'),
(1170, 100, 52, '0', '2018-07-12 07:47:23', '2018-07-12 07:47:23'),
(1171, 114, 52, '0', '2018-07-12 07:47:23', '2018-07-12 07:47:23'),
(1172, 116, 52, '0', '2018-07-12 07:47:23', '2018-07-12 07:47:23'),
(1173, 117, 52, '0', '2018-07-12 07:47:23', '2018-07-12 07:47:23'),
(1174, 118, 52, '0', '2018-07-12 07:47:23', '2018-07-12 07:47:23'),
(1175, 119, 52, '0', '2018-07-12 07:47:23', '2018-07-12 07:47:23'),
(1176, 36, 52, '0', '2018-07-12 07:47:24', '2018-07-12 07:47:24'),
(1177, 63, 52, '0', '2018-07-12 07:47:24', '2018-07-12 07:47:24'),
(1178, 64, 52, '0', '2018-07-12 07:47:24', '2018-07-12 07:47:24'),
(1179, 66, 52, '0', '2018-07-12 07:47:24', '2018-07-12 07:47:24'),
(1180, 68, 52, '0', '2018-07-12 07:47:24', '2018-07-12 07:47:24'),
(1181, 69, 52, '0', '2018-07-12 07:47:24', '2018-07-12 07:47:24'),
(1182, 71, 52, '0', '2018-07-12 07:47:24', '2018-07-12 07:47:24'),
(1183, 73, 52, '0', '2018-07-12 07:47:24', '2018-07-12 07:47:24'),
(1184, 74, 52, '0', '2018-07-12 07:47:24', '2018-07-12 07:47:24'),
(1185, 75, 52, '0', '2018-07-12 07:47:24', '2018-07-12 07:47:24'),
(1186, 76, 52, '0', '2018-07-12 07:47:24', '2018-07-12 07:47:24'),
(1187, 78, 52, '0', '2018-07-12 07:47:24', '2018-07-12 07:47:24'),
(1188, 80, 52, '0', '2018-07-12 07:47:24', '2018-07-12 07:47:24'),
(1189, 81, 52, '0', '2018-07-12 07:47:24', '2018-07-12 07:47:24'),
(1190, 82, 52, '0', '2018-07-12 07:47:24', '2018-07-12 07:47:24'),
(1191, 83, 52, '0', '2018-07-12 07:47:24', '2018-07-12 07:47:24'),
(1192, 84, 52, '0', '2018-07-12 07:47:24', '2018-07-12 07:47:24'),
(1193, 85, 52, '0', '2018-07-12 07:47:24', '2018-07-12 07:47:24'),
(1194, 86, 52, '0', '2018-07-12 07:47:24', '2018-07-12 07:47:24'),
(1195, 88, 52, '0', '2018-07-12 07:47:24', '2018-07-12 07:47:24'),
(1196, 90, 52, '0', '2018-07-12 07:47:24', '2018-07-12 07:47:24'),
(1197, 92, 52, '0', '2018-07-12 07:47:24', '2018-07-12 07:47:24'),
(1198, 94, 52, '0', '2018-07-12 07:47:24', '2018-07-12 07:47:24'),
(1199, 96, 52, '0', '2018-07-12 07:47:24', '2018-07-12 07:47:24'),
(1200, 98, 52, '0', '2018-07-12 07:47:24', '2018-07-12 07:47:24'),
(1201, 100, 52, '0', '2018-07-12 07:47:24', '2018-07-12 07:47:24'),
(1202, 114, 52, '0', '2018-07-12 07:47:24', '2018-07-12 07:47:24'),
(1203, 116, 52, '0', '2018-07-12 07:47:24', '2018-07-12 07:47:24'),
(1204, 117, 52, '0', '2018-07-12 07:47:24', '2018-07-12 07:47:24'),
(1205, 118, 52, '0', '2018-07-12 07:47:24', '2018-07-12 07:47:24'),
(1206, 119, 52, '0', '2018-07-12 07:47:24', '2018-07-12 07:47:24'),
(1207, 82, 52, '0', '2018-07-12 07:47:35', '2018-07-12 07:47:35'),
(1208, 36, 52, '0', '2018-07-12 07:47:41', '2018-07-12 07:47:41'),
(1209, 63, 52, '0', '2018-07-12 07:47:41', '2018-07-12 07:47:41'),
(1210, 64, 52, '0', '2018-07-12 07:47:41', '2018-07-12 07:47:41'),
(1211, 66, 52, '0', '2018-07-12 07:47:41', '2018-07-12 07:47:41'),
(1212, 68, 52, '0', '2018-07-12 07:47:41', '2018-07-12 07:47:41'),
(1213, 69, 52, '0', '2018-07-12 07:47:41', '2018-07-12 07:47:41'),
(1214, 71, 52, '0', '2018-07-12 07:47:41', '2018-07-12 07:47:41'),
(1215, 73, 52, '0', '2018-07-12 07:47:41', '2018-07-12 07:47:41'),
(1216, 74, 52, '0', '2018-07-12 07:47:41', '2018-07-12 07:47:41'),
(1217, 75, 52, '0', '2018-07-12 07:47:41', '2018-07-12 07:47:41'),
(1218, 76, 52, '0', '2018-07-12 07:47:41', '2018-07-12 07:47:41'),
(1219, 78, 52, '0', '2018-07-12 07:47:41', '2018-07-12 07:47:41'),
(1220, 80, 52, '0', '2018-07-12 07:47:41', '2018-07-12 07:47:41'),
(1221, 81, 52, '0', '2018-07-12 07:47:41', '2018-07-12 07:47:41'),
(1222, 82, 52, '0', '2018-07-12 07:47:41', '2018-07-12 07:47:41'),
(1223, 83, 52, '0', '2018-07-12 07:47:41', '2018-07-12 07:47:41'),
(1224, 84, 52, '0', '2018-07-12 07:47:41', '2018-07-12 07:47:41'),
(1225, 85, 52, '0', '2018-07-12 07:47:41', '2018-07-12 07:47:41'),
(1226, 86, 52, '0', '2018-07-12 07:47:41', '2018-07-12 07:47:41'),
(1227, 88, 52, '0', '2018-07-12 07:47:41', '2018-07-12 07:47:41'),
(1228, 90, 52, '0', '2018-07-12 07:47:41', '2018-07-12 07:47:41'),
(1229, 92, 52, '0', '2018-07-12 07:47:41', '2018-07-12 07:47:41'),
(1230, 94, 52, '0', '2018-07-12 07:47:41', '2018-07-12 07:47:41'),
(1231, 96, 52, '0', '2018-07-12 07:47:41', '2018-07-12 07:47:41'),
(1232, 98, 52, '0', '2018-07-12 07:47:41', '2018-07-12 07:47:41'),
(1233, 100, 52, '0', '2018-07-12 07:47:41', '2018-07-12 07:47:41'),
(1234, 114, 52, '0', '2018-07-12 07:47:41', '2018-07-12 07:47:41'),
(1235, 116, 52, '0', '2018-07-12 07:47:41', '2018-07-12 07:47:41'),
(1236, 117, 52, '0', '2018-07-12 07:47:41', '2018-07-12 07:47:41'),
(1237, 118, 52, '0', '2018-07-12 07:47:41', '2018-07-12 07:47:41'),
(1238, 119, 52, '0', '2018-07-12 07:47:41', '2018-07-12 07:47:41'),
(1239, 36, 52, '0', '2018-07-12 07:47:41', '2018-07-12 07:47:41'),
(1240, 63, 52, '0', '2018-07-12 07:47:41', '2018-07-12 07:47:41'),
(1241, 64, 52, '0', '2018-07-12 07:47:41', '2018-07-12 07:47:41'),
(1242, 66, 52, '0', '2018-07-12 07:47:41', '2018-07-12 07:47:41'),
(1243, 68, 52, '0', '2018-07-12 07:47:41', '2018-07-12 07:47:41'),
(1244, 69, 52, '0', '2018-07-12 07:47:41', '2018-07-12 07:47:41'),
(1245, 71, 52, '0', '2018-07-12 07:47:41', '2018-07-12 07:47:41'),
(1246, 73, 52, '0', '2018-07-12 07:47:41', '2018-07-12 07:47:41'),
(1247, 74, 52, '0', '2018-07-12 07:47:41', '2018-07-12 07:47:41'),
(1248, 75, 52, '0', '2018-07-12 07:47:41', '2018-07-12 07:47:41'),
(1249, 76, 52, '0', '2018-07-12 07:47:41', '2018-07-12 07:47:41'),
(1250, 78, 52, '0', '2018-07-12 07:47:41', '2018-07-12 07:47:41'),
(1251, 80, 52, '0', '2018-07-12 07:47:41', '2018-07-12 07:47:41'),
(1252, 81, 52, '0', '2018-07-12 07:47:41', '2018-07-12 07:47:41'),
(1253, 82, 52, '0', '2018-07-12 07:47:41', '2018-07-12 07:47:41'),
(1254, 83, 52, '0', '2018-07-12 07:47:41', '2018-07-12 07:47:41'),
(1255, 84, 52, '0', '2018-07-12 07:47:41', '2018-07-12 07:47:41'),
(1256, 85, 52, '0', '2018-07-12 07:47:41', '2018-07-12 07:47:41'),
(1257, 86, 52, '0', '2018-07-12 07:47:41', '2018-07-12 07:47:41'),
(1258, 88, 52, '0', '2018-07-12 07:47:41', '2018-07-12 07:47:41'),
(1259, 90, 52, '0', '2018-07-12 07:47:41', '2018-07-12 07:47:41'),
(1260, 92, 52, '0', '2018-07-12 07:47:41', '2018-07-12 07:47:41'),
(1261, 94, 52, '0', '2018-07-12 07:47:41', '2018-07-12 07:47:41'),
(1262, 96, 52, '0', '2018-07-12 07:47:41', '2018-07-12 07:47:41'),
(1263, 98, 52, '0', '2018-07-12 07:47:41', '2018-07-12 07:47:41'),
(1264, 100, 52, '0', '2018-07-12 07:47:41', '2018-07-12 07:47:41'),
(1265, 114, 52, '0', '2018-07-12 07:47:41', '2018-07-12 07:47:41'),
(1266, 116, 52, '0', '2018-07-12 07:47:41', '2018-07-12 07:47:41'),
(1267, 117, 52, '0', '2018-07-12 07:47:41', '2018-07-12 07:47:41'),
(1268, 118, 52, '0', '2018-07-12 07:47:41', '2018-07-12 07:47:41'),
(1269, 119, 52, '0', '2018-07-12 07:47:41', '2018-07-12 07:47:41'),
(1270, 36, 52, '0', '2018-07-12 07:48:00', '2018-07-12 07:48:00'),
(1271, 63, 52, '0', '2018-07-12 07:48:00', '2018-07-12 07:48:00'),
(1272, 64, 52, '0', '2018-07-12 07:48:00', '2018-07-12 07:48:00'),
(1273, 66, 52, '0', '2018-07-12 07:48:00', '2018-07-12 07:48:00'),
(1274, 68, 52, '0', '2018-07-12 07:48:00', '2018-07-12 07:48:00'),
(1275, 69, 52, '0', '2018-07-12 07:48:00', '2018-07-12 07:48:00'),
(1276, 71, 52, '0', '2018-07-12 07:48:00', '2018-07-12 07:48:00'),
(1277, 73, 52, '0', '2018-07-12 07:48:00', '2018-07-12 07:48:00'),
(1278, 74, 52, '0', '2018-07-12 07:48:00', '2018-07-12 07:48:00'),
(1279, 75, 52, '0', '2018-07-12 07:48:00', '2018-07-12 07:48:00'),
(1280, 76, 52, '0', '2018-07-12 07:48:00', '2018-07-12 07:48:00'),
(1281, 78, 52, '0', '2018-07-12 07:48:00', '2018-07-12 07:48:00'),
(1282, 80, 52, '0', '2018-07-12 07:48:00', '2018-07-12 07:48:00'),
(1283, 81, 52, '0', '2018-07-12 07:48:00', '2018-07-12 07:48:00'),
(1284, 82, 52, '0', '2018-07-12 07:48:00', '2018-07-12 07:48:00'),
(1285, 83, 52, '0', '2018-07-12 07:48:00', '2018-07-12 07:48:00'),
(1286, 84, 52, '0', '2018-07-12 07:48:00', '2018-07-12 07:48:00'),
(1287, 85, 52, '0', '2018-07-12 07:48:00', '2018-07-12 07:48:00'),
(1288, 86, 52, '0', '2018-07-12 07:48:00', '2018-07-12 07:48:00'),
(1289, 88, 52, '0', '2018-07-12 07:48:00', '2018-07-12 07:48:00'),
(1290, 90, 52, '0', '2018-07-12 07:48:00', '2018-07-12 07:48:00'),
(1291, 92, 52, '0', '2018-07-12 07:48:00', '2018-07-12 07:48:00'),
(1292, 94, 52, '0', '2018-07-12 07:48:00', '2018-07-12 07:48:00'),
(1293, 96, 52, '0', '2018-07-12 07:48:00', '2018-07-12 07:48:00'),
(1294, 98, 52, '0', '2018-07-12 07:48:00', '2018-07-12 07:48:00'),
(1295, 100, 52, '0', '2018-07-12 07:48:00', '2018-07-12 07:48:00'),
(1296, 114, 52, '0', '2018-07-12 07:48:00', '2018-07-12 07:48:00'),
(1297, 116, 52, '0', '2018-07-12 07:48:00', '2018-07-12 07:48:00'),
(1298, 117, 52, '0', '2018-07-12 07:48:00', '2018-07-12 07:48:00'),
(1299, 118, 52, '0', '2018-07-12 07:48:00', '2018-07-12 07:48:00'),
(1300, 119, 52, '0', '2018-07-12 07:48:00', '2018-07-12 07:48:00'),
(1301, 36, 52, '0', '2018-07-12 07:48:00', '2018-07-12 07:48:00'),
(1302, 63, 52, '0', '2018-07-12 07:48:00', '2018-07-12 07:48:00'),
(1303, 64, 52, '0', '2018-07-12 07:48:00', '2018-07-12 07:48:00'),
(1304, 66, 52, '0', '2018-07-12 07:48:00', '2018-07-12 07:48:00'),
(1305, 68, 52, '0', '2018-07-12 07:48:00', '2018-07-12 07:48:00'),
(1306, 69, 52, '0', '2018-07-12 07:48:00', '2018-07-12 07:48:00'),
(1307, 71, 52, '0', '2018-07-12 07:48:00', '2018-07-12 07:48:00'),
(1308, 73, 52, '0', '2018-07-12 07:48:00', '2018-07-12 07:48:00'),
(1309, 74, 52, '0', '2018-07-12 07:48:00', '2018-07-12 07:48:00'),
(1310, 75, 52, '0', '2018-07-12 07:48:00', '2018-07-12 07:48:00'),
(1311, 76, 52, '0', '2018-07-12 07:48:00', '2018-07-12 07:48:00'),
(1312, 78, 52, '0', '2018-07-12 07:48:00', '2018-07-12 07:48:00'),
(1313, 80, 52, '0', '2018-07-12 07:48:00', '2018-07-12 07:48:00'),
(1314, 81, 52, '0', '2018-07-12 07:48:00', '2018-07-12 07:48:00'),
(1315, 82, 52, '0', '2018-07-12 07:48:00', '2018-07-12 07:48:00'),
(1316, 83, 52, '0', '2018-07-12 07:48:00', '2018-07-12 07:48:00'),
(1317, 84, 52, '0', '2018-07-12 07:48:00', '2018-07-12 07:48:00'),
(1318, 85, 52, '0', '2018-07-12 07:48:00', '2018-07-12 07:48:00'),
(1319, 86, 52, '0', '2018-07-12 07:48:00', '2018-07-12 07:48:00'),
(1320, 88, 52, '0', '2018-07-12 07:48:00', '2018-07-12 07:48:00'),
(1321, 90, 52, '0', '2018-07-12 07:48:00', '2018-07-12 07:48:00'),
(1322, 92, 52, '0', '2018-07-12 07:48:00', '2018-07-12 07:48:00'),
(1323, 94, 52, '0', '2018-07-12 07:48:00', '2018-07-12 07:48:00'),
(1324, 96, 52, '0', '2018-07-12 07:48:00', '2018-07-12 07:48:00'),
(1325, 98, 52, '0', '2018-07-12 07:48:00', '2018-07-12 07:48:00'),
(1326, 100, 52, '0', '2018-07-12 07:48:00', '2018-07-12 07:48:00'),
(1327, 114, 52, '0', '2018-07-12 07:48:00', '2018-07-12 07:48:00'),
(1328, 116, 52, '0', '2018-07-12 07:48:00', '2018-07-12 07:48:00'),
(1329, 117, 52, '0', '2018-07-12 07:48:00', '2018-07-12 07:48:00'),
(1330, 118, 52, '0', '2018-07-12 07:48:00', '2018-07-12 07:48:00'),
(1331, 119, 52, '0', '2018-07-12 07:48:00', '2018-07-12 07:48:00'),
(1332, 36, 52, '0', '2018-07-12 07:48:33', '2018-07-12 07:48:33'),
(1333, 63, 52, '0', '2018-07-12 07:48:33', '2018-07-12 07:48:33'),
(1334, 64, 52, '0', '2018-07-12 07:48:33', '2018-07-12 07:48:33'),
(1335, 66, 52, '0', '2018-07-12 07:48:33', '2018-07-12 07:48:33'),
(1336, 68, 52, '0', '2018-07-12 07:48:33', '2018-07-12 07:48:33'),
(1337, 69, 52, '0', '2018-07-12 07:48:33', '2018-07-12 07:48:33'),
(1338, 71, 52, '0', '2018-07-12 07:48:33', '2018-07-12 07:48:33'),
(1339, 73, 52, '0', '2018-07-12 07:48:33', '2018-07-12 07:48:33'),
(1340, 74, 52, '0', '2018-07-12 07:48:33', '2018-07-12 07:48:33'),
(1341, 75, 52, '0', '2018-07-12 07:48:33', '2018-07-12 07:48:33'),
(1342, 76, 52, '0', '2018-07-12 07:48:33', '2018-07-12 07:48:33'),
(1343, 78, 52, '0', '2018-07-12 07:48:33', '2018-07-12 07:48:33'),
(1344, 80, 52, '0', '2018-07-12 07:48:33', '2018-07-12 07:48:33'),
(1345, 81, 52, '0', '2018-07-12 07:48:33', '2018-07-12 07:48:33'),
(1346, 82, 52, '0', '2018-07-12 07:48:33', '2018-07-12 07:48:33'),
(1347, 83, 52, '0', '2018-07-12 07:48:33', '2018-07-12 07:48:33'),
(1348, 84, 52, '0', '2018-07-12 07:48:33', '2018-07-12 07:48:33'),
(1349, 85, 52, '0', '2018-07-12 07:48:33', '2018-07-12 07:48:33'),
(1350, 86, 52, '0', '2018-07-12 07:48:33', '2018-07-12 07:48:33'),
(1351, 88, 52, '0', '2018-07-12 07:48:33', '2018-07-12 07:48:33'),
(1352, 90, 52, '0', '2018-07-12 07:48:33', '2018-07-12 07:48:33'),
(1353, 92, 52, '0', '2018-07-12 07:48:33', '2018-07-12 07:48:33'),
(1354, 94, 52, '0', '2018-07-12 07:48:33', '2018-07-12 07:48:33'),
(1355, 96, 52, '0', '2018-07-12 07:48:33', '2018-07-12 07:48:33'),
(1356, 98, 52, '0', '2018-07-12 07:48:33', '2018-07-12 07:48:33'),
(1357, 100, 52, '0', '2018-07-12 07:48:33', '2018-07-12 07:48:33'),
(1358, 114, 52, '0', '2018-07-12 07:48:33', '2018-07-12 07:48:33'),
(1359, 116, 52, '0', '2018-07-12 07:48:33', '2018-07-12 07:48:33'),
(1360, 117, 52, '0', '2018-07-12 07:48:33', '2018-07-12 07:48:33'),
(1361, 118, 52, '0', '2018-07-12 07:48:33', '2018-07-12 07:48:33'),
(1362, 119, 52, '0', '2018-07-12 07:48:33', '2018-07-12 07:48:33'),
(1363, 36, 52, '0', '2018-07-12 07:51:43', '2018-07-12 07:51:43'),
(1364, 63, 52, '0', '2018-07-12 07:51:43', '2018-07-12 07:51:43'),
(1365, 64, 52, '0', '2018-07-12 07:51:43', '2018-07-12 07:51:43'),
(1366, 66, 52, '0', '2018-07-12 07:51:43', '2018-07-12 07:51:43'),
(1367, 68, 52, '0', '2018-07-12 07:51:43', '2018-07-12 07:51:43'),
(1368, 69, 52, '0', '2018-07-12 07:51:43', '2018-07-12 07:51:43'),
(1369, 71, 52, '0', '2018-07-12 07:51:43', '2018-07-12 07:51:43'),
(1370, 73, 52, '0', '2018-07-12 07:51:43', '2018-07-12 07:51:43'),
(1371, 74, 52, '0', '2018-07-12 07:51:43', '2018-07-12 07:51:43'),
(1372, 75, 52, '0', '2018-07-12 07:51:43', '2018-07-12 07:51:43'),
(1373, 76, 52, '0', '2018-07-12 07:51:43', '2018-07-12 07:51:43'),
(1374, 78, 52, '0', '2018-07-12 07:51:43', '2018-07-12 07:51:43'),
(1375, 80, 52, '0', '2018-07-12 07:51:43', '2018-07-12 07:51:43'),
(1376, 81, 52, '0', '2018-07-12 07:51:43', '2018-07-12 07:51:43'),
(1377, 82, 52, '0', '2018-07-12 07:51:43', '2018-07-12 07:51:43'),
(1378, 83, 52, '0', '2018-07-12 07:51:43', '2018-07-12 07:51:43'),
(1379, 84, 52, '0', '2018-07-12 07:51:43', '2018-07-12 07:51:43'),
(1380, 85, 52, '0', '2018-07-12 07:51:43', '2018-07-12 07:51:43'),
(1381, 86, 52, '0', '2018-07-12 07:51:43', '2018-07-12 07:51:43'),
(1382, 88, 52, '0', '2018-07-12 07:51:43', '2018-07-12 07:51:43'),
(1383, 90, 52, '0', '2018-07-12 07:51:43', '2018-07-12 07:51:43'),
(1384, 92, 52, '0', '2018-07-12 07:51:43', '2018-07-12 07:51:43'),
(1385, 94, 52, '0', '2018-07-12 07:51:43', '2018-07-12 07:51:43'),
(1386, 96, 52, '0', '2018-07-12 07:51:43', '2018-07-12 07:51:43'),
(1387, 98, 52, '0', '2018-07-12 07:51:43', '2018-07-12 07:51:43'),
(1388, 100, 52, '0', '2018-07-12 07:51:43', '2018-07-12 07:51:43'),
(1389, 114, 52, '0', '2018-07-12 07:51:43', '2018-07-12 07:51:43'),
(1390, 116, 52, '0', '2018-07-12 07:51:43', '2018-07-12 07:51:43'),
(1391, 117, 52, '0', '2018-07-12 07:51:43', '2018-07-12 07:51:43'),
(1392, 118, 52, '0', '2018-07-12 07:51:43', '2018-07-12 07:51:43'),
(1393, 119, 52, '0', '2018-07-12 07:51:43', '2018-07-12 07:51:43'),
(1394, 36, 52, '0', '2018-07-12 07:53:20', '2018-07-12 07:53:20'),
(1395, 63, 52, '0', '2018-07-12 07:53:20', '2018-07-12 07:53:20'),
(1396, 64, 52, '0', '2018-07-12 07:53:20', '2018-07-12 07:53:20'),
(1397, 66, 52, '0', '2018-07-12 07:53:20', '2018-07-12 07:53:20'),
(1398, 68, 52, '0', '2018-07-12 07:53:20', '2018-07-12 07:53:20'),
(1399, 69, 52, '0', '2018-07-12 07:53:20', '2018-07-12 07:53:20'),
(1400, 71, 52, '0', '2018-07-12 07:53:20', '2018-07-12 07:53:20'),
(1401, 73, 52, '0', '2018-07-12 07:53:20', '2018-07-12 07:53:20'),
(1402, 74, 52, '0', '2018-07-12 07:53:20', '2018-07-12 07:53:20'),
(1403, 75, 52, '0', '2018-07-12 07:53:20', '2018-07-12 07:53:20'),
(1404, 76, 52, '0', '2018-07-12 07:53:20', '2018-07-12 07:53:20'),
(1405, 78, 52, '0', '2018-07-12 07:53:20', '2018-07-12 07:53:20'),
(1406, 80, 52, '0', '2018-07-12 07:53:20', '2018-07-12 07:53:20'),
(1407, 81, 52, '0', '2018-07-12 07:53:20', '2018-07-12 07:53:20'),
(1408, 82, 52, '0', '2018-07-12 07:53:20', '2018-07-12 07:53:20'),
(1409, 83, 52, '0', '2018-07-12 07:53:20', '2018-07-12 07:53:20'),
(1410, 84, 52, '0', '2018-07-12 07:53:20', '2018-07-12 07:53:20'),
(1411, 85, 52, '0', '2018-07-12 07:53:20', '2018-07-12 07:53:20'),
(1412, 86, 52, '0', '2018-07-12 07:53:20', '2018-07-12 07:53:20'),
(1413, 88, 52, '0', '2018-07-12 07:53:20', '2018-07-12 07:53:20'),
(1414, 90, 52, '0', '2018-07-12 07:53:20', '2018-07-12 07:53:20'),
(1415, 92, 52, '0', '2018-07-12 07:53:20', '2018-07-12 07:53:20'),
(1416, 94, 52, '0', '2018-07-12 07:53:20', '2018-07-12 07:53:20'),
(1417, 96, 52, '0', '2018-07-12 07:53:20', '2018-07-12 07:53:20'),
(1418, 98, 52, '0', '2018-07-12 07:53:20', '2018-07-12 07:53:20'),
(1419, 100, 52, '0', '2018-07-12 07:53:20', '2018-07-12 07:53:20'),
(1420, 114, 52, '0', '2018-07-12 07:53:20', '2018-07-12 07:53:20'),
(1421, 116, 52, '0', '2018-07-12 07:53:20', '2018-07-12 07:53:20'),
(1422, 117, 52, '0', '2018-07-12 07:53:20', '2018-07-12 07:53:20'),
(1423, 118, 52, '0', '2018-07-12 07:53:20', '2018-07-12 07:53:20'),
(1424, 119, 52, '0', '2018-07-12 07:53:20', '2018-07-12 07:53:20'),
(1425, 120, 52, '0', '2018-07-12 07:53:20', '2018-07-12 07:53:20'),
(1805, 36, 54, '0', '2018-07-12 10:22:35', '2018-07-12 10:22:35'),
(1806, 63, 54, '0', '2018-07-12 10:22:35', '2018-07-12 10:22:35'),
(1807, 64, 54, '0', '2018-07-12 10:22:35', '2018-07-12 10:22:35'),
(1808, 66, 54, '0', '2018-07-12 10:22:35', '2018-07-12 10:22:35'),
(1809, 68, 54, '0', '2018-07-12 10:22:35', '2018-07-12 10:22:35'),
(1810, 69, 54, '0', '2018-07-12 10:22:35', '2018-07-12 10:22:35'),
(1811, 71, 54, '0', '2018-07-12 10:22:35', '2018-07-12 10:22:35'),
(1812, 73, 54, '0', '2018-07-12 10:22:35', '2018-07-12 10:22:35'),
(1813, 74, 54, '0', '2018-07-12 10:22:35', '2018-07-12 10:22:35'),
(1814, 75, 54, '0', '2018-07-12 10:22:35', '2018-07-12 10:22:35'),
(1815, 76, 54, '0', '2018-07-12 10:22:35', '2018-07-12 10:22:35'),
(1816, 78, 54, '0', '2018-07-12 10:22:35', '2018-07-12 10:22:35'),
(1817, 80, 54, '0', '2018-07-12 10:22:35', '2018-07-12 10:22:35'),
(1818, 81, 54, '0', '2018-07-12 10:22:35', '2018-07-12 10:22:35'),
(1819, 82, 54, '0', '2018-07-12 10:22:35', '2018-07-12 10:22:35'),
(1820, 83, 54, '0', '2018-07-12 10:22:35', '2018-07-12 10:22:35'),
(1821, 84, 54, '0', '2018-07-12 10:22:35', '2018-07-12 10:22:35'),
(1822, 85, 54, '0', '2018-07-12 10:22:35', '2018-07-12 10:22:35'),
(1823, 86, 54, '0', '2018-07-12 10:22:35', '2018-07-12 10:22:35'),
(1824, 88, 54, '0', '2018-07-12 10:22:35', '2018-07-12 10:22:35'),
(1825, 90, 54, '0', '2018-07-12 10:22:35', '2018-07-12 10:22:35'),
(1826, 92, 54, '0', '2018-07-12 10:22:35', '2018-07-12 10:22:35'),
(1827, 94, 54, '0', '2018-07-12 10:22:35', '2018-07-12 10:22:35'),
(1828, 96, 54, '0', '2018-07-12 10:22:35', '2018-07-12 10:22:35'),
(1829, 98, 54, '0', '2018-07-12 10:22:35', '2018-07-12 10:22:35'),
(1830, 100, 54, '0', '2018-07-12 10:22:35', '2018-07-12 10:22:35'),
(1831, 114, 54, '0', '2018-07-12 10:22:35', '2018-07-12 10:22:35'),
(1832, 116, 54, '0', '2018-07-12 10:22:35', '2018-07-12 10:22:35'),
(1833, 117, 54, '0', '2018-07-12 10:22:35', '2018-07-12 10:22:35'),
(1834, 118, 54, '0', '2018-07-12 10:22:35', '2018-07-12 10:22:35'),
(1835, 119, 54, '0', '2018-07-12 10:22:35', '2018-07-12 10:22:35'),
(1836, 120, 54, '0', '2018-07-12 10:22:35', '2018-07-12 10:22:35'),
(1837, 121, 54, '0', '2018-07-12 10:22:35', '2018-07-12 10:22:35'),
(1838, 122, 54, '0', '2018-07-12 10:22:35', '2018-07-12 10:22:35'),
(1839, 124, 54, '0', '2018-07-12 10:22:35', '2018-07-12 10:22:35'),
(1840, 125, 54, '0', '2018-07-12 10:22:35', '2018-07-12 10:22:35'),
(1841, 126, 54, '0', '2018-07-12 10:22:35', '2018-07-12 10:22:35'),
(1842, 127, 54, '0', '2018-07-12 10:22:35', '2018-07-12 10:22:35'),
(3144, 19, 57, '0', '2018-07-18 11:31:17', '2018-07-18 11:31:17'),
(3155, 45, 55, '0', '2018-07-23 09:14:11', '2018-07-23 09:14:11'),
(3158, 104, 51, '0', '2018-07-24 10:48:38', '2018-07-24 10:48:38'),
(3159, 49, 59, '0', '2018-07-24 10:52:01', '2018-07-24 10:52:01'),
(3211, 121, 53, '0', '2018-08-13 13:53:45', '2018-08-13 13:53:45'),
(3226, 36, 48, '0', '2018-08-28 14:54:02', '2018-08-28 14:54:02'),
(3230, 90, 56, '0', '2018-08-29 12:57:08', '2018-08-29 12:57:08'),
(3263, 106, 30, '0', '2018-09-07 08:48:41', '2018-09-07 08:48:41'),
(3266, 36, 47, '0', '2018-09-10 14:40:56', '2018-09-10 14:40:56'),
(3267, 36, 58, '0', '2018-09-10 14:42:20', '2018-09-10 14:42:20'),
(3269, 113, 60, '0', '2018-09-14 07:17:41', '2018-09-14 07:17:41'),
(3280, 122, 45, '0', '2018-09-20 13:42:28', '2018-09-20 13:42:28'),
(3281, 78, 45, '0', '2018-09-20 13:46:32', '2018-09-20 13:46:32'),
(3283, 66, 47, '0', '2018-09-21 12:48:33', '2018-09-21 12:48:33'),
(3285, 66, 45, '0', '2018-09-21 12:48:47', '2018-09-21 12:48:47'),
(3286, 66, 58, '0', '2018-09-21 12:50:22', '2018-09-21 12:50:22'),
(3290, 38, 30, '0', '2018-09-25 06:41:04', '2018-09-25 06:41:04'),
(3293, 38, 55, '0', '2018-09-25 10:03:01', '2018-09-25 10:03:01'),
(3294, 56, 51, '0', '2018-09-25 10:07:19', '2018-09-25 10:07:19'),
(3297, 90, 45, '0', '2018-09-25 12:53:14', '2018-09-25 12:53:14'),
(3298, 63, 51, '0', '2018-09-25 13:08:10', '2018-09-25 13:08:10'),
(3302, 127, 46, '0', '2018-09-25 14:12:21', '2018-09-25 14:12:21'),
(3305, 63, 58, '0', '2018-09-26 06:33:19', '2018-09-26 06:33:19'),
(3306, 16, 45, '0', '2018-09-26 09:06:04', '2018-09-26 09:06:04'),
(3307, 16, 30, '0', '2018-09-26 09:10:06', '2018-09-26 09:10:06'),
(3308, 63, 45, '0', '2018-09-26 13:20:04', '2018-09-26 13:20:04'),
(3313, NULL, 45, '0', '2018-09-26 13:45:20', '2018-09-26 13:45:20'),
(3314, 81, 45, '0', '2018-09-26 13:45:35', '2018-09-26 13:45:35'),
(3316, 92, 51, '0', '2018-09-27 05:14:59', '2018-09-27 05:14:59'),
(3318, 118, 46, '0', '2018-09-27 05:54:03', '2018-09-27 05:54:03'),
(3321, 74, 45, '0', '2018-10-01 13:05:56', '2018-10-01 13:05:56'),
(3322, 83, 45, '0', '2018-10-01 13:26:31', '2018-10-01 13:26:31'),
(3323, 112, 32, '0', '2018-10-02 08:16:57', '2018-10-02 08:16:57'),
(3326, 109, 30, '0', '2018-10-05 10:50:47', '2018-10-05 10:50:47'),
(3327, 64, 45, '0', '2018-10-08 12:27:33', '2018-10-08 12:27:33'),
(3328, 100, 45, '0', '2018-10-08 12:58:58', '2018-10-08 12:58:58'),
(3330, 17, 55, '0', '2018-10-11 08:57:35', '2018-10-11 08:57:35'),
(3331, 111, 32, '0', '2018-10-11 09:16:36', '2018-10-11 09:16:36'),
(3333, 101, 55, '0', '2018-10-13 06:43:06', '2018-10-13 06:43:06'),
(3335, 17, 30, '0', '2018-10-18 06:06:46', '2018-10-18 06:06:46'),
(3336, 96, 45, '0', '2018-10-23 07:04:05', '2018-10-23 07:04:05'),
(3337, 88, 45, '0', '2018-10-25 12:39:36', '2018-10-25 12:39:36'),
(3339, 36, 45, '0', '2018-10-26 05:30:07', '2018-10-26 05:30:07'),
(3340, 11, 61, '0', '2018-10-27 07:12:54', '2018-10-27 07:12:54'),
(3346, 11, 30, '0', '2018-10-27 07:18:15', '2018-10-27 07:18:15'),
(3348, 32, 61, '0', '2018-10-27 07:22:35', '2018-10-27 07:22:35'),
(3349, 31, 61, '0', '2018-10-27 07:31:23', '2018-10-27 07:31:23'),
(3350, 53, 61, '0', '2018-10-27 07:37:22', '2018-10-27 07:37:22'),
(3351, 50, 61, '0', '2018-10-27 07:39:24', '2018-10-27 07:39:24'),
(3352, 51, 61, '0', '2018-10-27 07:41:16', '2018-10-27 07:41:16'),
(3355, 48, 61, '0', '2018-10-27 07:46:48', '2018-10-27 07:46:48'),
(3356, 13, 61, '0', '2018-10-27 07:47:07', '2018-10-27 07:47:07'),
(3357, 38, 61, '0', '2018-10-27 07:47:29', '2018-10-27 07:47:29'),
(3358, 34, 61, '0', '2018-10-27 07:47:42', '2018-10-27 07:47:42'),
(3359, 49, 61, '0', '2018-10-27 08:03:51', '2018-10-27 08:03:51'),
(3360, 49, 62, '0', '2018-10-27 08:12:45', '2018-10-27 08:12:45'),
(3362, 27, 62, '0', '2018-10-27 08:16:44', '2018-10-27 08:16:44'),
(3363, 27, 61, '0', '2018-10-27 08:18:03', '2018-10-27 08:18:03'),
(3364, 35, 62, '0', '2018-10-27 08:21:04', '2018-10-27 08:21:04'),
(3365, 35, 61, '0', '2018-10-27 08:21:25', '2018-10-27 08:21:25'),
(3366, 35, 51, '0', '2018-10-27 08:22:09', '2018-10-27 08:22:09'),
(3367, 127, 45, '0', '2018-10-27 12:19:36', '2018-10-27 12:19:36'),
(3370, 116, 45, '0', '2018-10-27 12:28:50', '2018-10-27 12:28:50'),
(3371, 116, 46, '0', '2018-10-27 12:29:35', '2018-10-27 12:29:35'),
(3372, 121, 45, '0', '2018-10-27 12:32:11', '2018-10-27 12:32:11'),
(3374, 121, 46, '0', '2018-10-27 12:33:19', '2018-10-27 12:33:19'),
(3375, 118, 45, '0', '2018-10-29 07:51:58', '2018-10-29 07:51:58'),
(3376, 114, 45, '0', '2018-10-29 07:55:35', '2018-10-29 07:55:35'),
(3377, 114, 46, '0', '2018-10-29 08:00:44', '2018-10-29 08:00:44'),
(3378, 82, 45, '0', '2018-10-29 11:42:54', '2018-10-29 11:42:54'),
(3379, 82, 49, '0', '2018-10-29 11:54:12', '2018-10-29 11:54:12'),
(3381, 126, 46, '0', '2018-10-30 07:15:30', '2018-10-30 07:15:30'),
(3382, 56, 61, '0', '2018-10-30 08:58:23', '2018-10-30 08:58:23'),
(3383, 46, 61, '0', '2018-10-30 08:58:44', '2018-10-30 08:58:44'),
(3384, 26, 61, '0', '2018-10-30 09:06:21', '2018-10-30 09:06:21'),
(3385, 21, 61, '0', '2018-10-30 09:09:43', '2018-10-30 09:09:43'),
(3386, 29, 61, '0', '2018-10-30 09:10:02', '2018-10-30 09:10:02'),
(3387, 44, 61, '0', '2018-10-30 09:10:20', '2018-10-30 09:10:20'),
(3388, 44, 62, '0', '2018-10-30 09:14:28', '2018-10-30 09:14:28'),
(3389, 41, 61, '0', '2018-10-30 09:17:48', '2018-10-30 09:17:48'),
(3390, 58, 61, '0', '2018-10-30 09:18:03', '2018-10-30 09:18:03'),
(3391, 40, 61, '0', '2018-10-30 09:18:17', '2018-10-30 09:18:17'),
(3392, 23, 61, '0', '2018-10-30 09:22:18', '2018-10-30 09:22:18'),
(3393, 42, 61, '0', '2018-10-30 09:22:34', '2018-10-30 09:22:34'),
(3394, 52, 61, '0', '2018-10-30 09:22:47', '2018-10-30 09:22:47'),
(3395, 54, 61, '0', '2018-10-30 09:32:04', '2018-10-30 09:32:04'),
(3396, 28, 61, '0', '2018-10-30 09:32:34', '2018-10-30 09:32:34'),
(3397, 20, 61, '0', '2018-10-30 09:32:48', '2018-10-30 09:32:48'),
(3398, 14, 61, '0', '2018-10-30 09:33:06', '2018-10-30 09:33:06'),
(3399, 18, 61, '0', '2018-10-30 10:18:14', '2018-10-30 10:18:14'),
(3400, 17, 61, '0', '2018-10-30 10:18:29', '2018-10-30 10:18:29'),
(3401, 55, 61, '0', '2018-10-30 10:18:48', '2018-10-30 10:18:48'),
(3402, 43, 61, '0', '2018-10-30 10:19:02', '2018-10-30 10:19:02'),
(3403, 45, 61, '0', '2018-10-30 10:19:18', '2018-10-30 10:19:18'),
(3404, 30, 61, '0', '2018-10-30 10:23:37', '2018-10-30 10:23:37'),
(3405, 22, 61, '0', '2018-10-30 10:24:01', '2018-10-30 10:24:01'),
(3406, 47, 61, '0', '2018-10-30 10:24:14', '2018-10-30 10:24:14'),
(3407, 39, 61, '0', '2018-10-30 10:24:26', '2018-10-30 10:24:26'),
(3408, 61, 61, '0', '2018-10-30 10:24:41', '2018-10-30 10:24:41'),
(3409, 59, 61, '0', '2018-10-30 10:24:54', '2018-10-30 10:24:54'),
(3410, 57, 61, '0', '2018-10-30 10:25:07', '2018-10-30 10:25:07'),
(3411, 108, 61, '0', '2018-10-30 10:34:10', '2018-10-30 10:34:10'),
(3412, 103, 61, '0', '2018-10-30 10:34:22', '2018-10-30 10:34:22'),
(3413, 106, 61, '0', '2018-10-30 10:34:35', '2018-10-30 10:34:35'),
(3414, 107, 61, '0', '2018-10-30 10:34:46', '2018-10-30 10:34:46'),
(3415, 101, 61, '0', '2018-10-30 10:34:59', '2018-10-30 10:34:59'),
(3416, 135, 61, '0', '2018-10-30 10:35:12', '2018-10-30 10:35:12'),
(3417, 113, 61, '0', '2018-10-30 10:35:24', '2018-10-30 10:35:24'),
(3419, 109, 61, '0', '2018-10-30 10:35:37', '2018-10-30 10:35:37'),
(3420, 104, 61, '0', '2018-10-30 10:35:51', '2018-10-30 10:35:51'),
(3422, 111, 61, '0', '2018-10-30 10:36:05', '2018-10-30 10:36:05'),
(3423, 112, 61, '0', '2018-10-30 10:36:16', '2018-10-30 10:36:16'),
(3424, 135, 60, '0', '2018-10-30 10:43:56', '2018-10-30 10:43:56'),
(3425, 109, 55, '0', '2018-10-30 10:51:53', '2018-10-30 10:51:53'),
(3426, 104, 62, '0', '2018-10-30 10:57:25', '2018-10-30 10:57:25'),
(3427, 104, 55, '0', '2018-10-30 10:59:13', '2018-10-30 10:59:13'),
(3428, 92, 58, '0', '2018-10-30 11:18:45', '2018-10-30 11:18:45'),
(3432, 75, 45, '0', '2018-11-05 08:40:15', '2018-11-05 08:40:15'),
(3433, 139, 48, '0', '2018-11-05 09:04:49', '2018-11-05 09:04:49'),
(3434, 140, 48, '0', '2018-11-05 09:16:07', '2018-11-05 09:16:07'),
(3435, 66, 63, '0', '2018-11-05 12:39:19', '2018-11-05 12:39:19'),
(3436, 81, 63, '0', '2018-11-05 13:32:18', '2018-11-05 13:32:18'),
(3437, 76, 45, '0', '2018-11-05 14:04:10', '2018-11-05 14:04:10'),
(3438, 76, 63, '0', '2018-11-05 14:07:07', '2018-11-05 14:07:07'),
(3440, 90, 63, '0', '2018-11-05 14:19:03', '2018-11-05 14:19:03'),
(3441, 73, 45, '0', '2018-11-05 14:36:44', '2018-11-05 14:36:44'),
(3442, 73, 63, '0', '2018-11-05 14:41:37', '2018-11-05 14:41:37'),
(3443, 126, 63, '0', '2018-11-06 10:08:47', '2018-11-06 10:08:47'),
(3444, 96, 63, '0', '2018-11-06 10:15:19', '2018-11-06 10:15:19'),
(3445, 121, 63, '0', '2018-11-06 10:20:50', '2018-11-06 10:20:50'),
(3446, 78, 63, '0', '2018-11-06 10:27:28', '2018-11-06 10:27:28'),
(3447, 63, 63, '0', '2018-11-06 13:47:20', '2018-11-06 13:47:20'),
(3448, 141, 48, '0', '2018-11-06 13:52:45', '2018-11-06 13:52:45'),
(3449, 36, 63, '0', '2018-11-06 14:51:04', '2018-11-06 14:51:04'),
(3450, 88, 63, '0', '2018-11-06 14:54:57', '2018-11-06 14:54:57'),
(3451, 118, 63, '0', '2018-11-07 08:40:20', '2018-11-07 08:40:20'),
(3452, 86, 45, '0', '2018-11-07 14:16:29', '2018-11-07 14:16:29'),
(3453, 86, 63, '0', '2018-11-07 14:18:11', '2018-11-07 14:18:11'),
(3454, 68, 45, '0', '2018-11-09 08:55:19', '2018-11-09 08:55:19'),
(3455, 68, 63, '0', '2018-11-09 08:57:40', '2018-11-09 08:57:40'),
(3456, 100, 49, '0', '2018-11-09 11:13:35', '2018-11-09 11:13:35'),
(3457, 94, 45, '0', '2018-11-09 14:00:05', '2018-11-09 14:00:05'),
(3458, 94, 63, '0', '2018-11-09 14:03:00', '2018-11-09 14:03:00'),
(3459, 98, 45, '0', '2018-11-09 14:09:10', '2018-11-09 14:09:10'),
(3460, 116, 63, '0', '2018-11-09 14:13:55', '2018-11-09 14:13:55'),
(3461, 127, 63, '0', '2018-11-10 12:54:58', '2018-11-10 12:54:58'),
(3462, 114, 63, '0', '2018-11-12 06:02:22', '2018-11-12 06:02:22'),
(3464, 119, 56, '0', '2018-11-12 07:35:32', '2018-11-12 07:35:32');
INSERT INTO `balance_confirm_enrolled` (`id`, `confirm_enrolled_id`, `balance_id`, `discount`, `created_at`, `updated_at`) VALUES
(3466, 119, 63, '0', '2018-11-12 07:38:02', '2018-11-12 07:38:02'),
(3467, 122, 63, '0', '2018-11-12 07:39:06', '2018-11-12 07:39:06'),
(3468, 74, 63, '0', '2018-11-12 13:05:23', '2018-11-12 13:05:23'),
(3469, 75, 63, '0', '2018-11-12 13:44:18', '2018-11-12 13:44:18'),
(3470, 119, 64, '0', '2018-11-13 14:15:16', '2018-11-13 14:15:16'),
(3471, 125, 45, '0', '2018-11-14 07:29:09', '2018-11-14 07:29:09'),
(3472, 125, 46, '0', '2018-11-14 07:30:42', '2018-11-14 07:30:42'),
(3476, 142, 63, '0', '2018-11-16 09:34:50', '2018-11-16 09:34:50'),
(3477, 122, 48, '0', '2018-11-16 09:52:33', '2018-11-16 09:52:33'),
(3479, 144, 63, '0', '2018-11-16 09:57:39', '2018-11-16 09:57:39'),
(3482, 146, 63, '0', '2018-11-16 10:05:20', '2018-11-16 10:05:20'),
(3484, 147, 63, '0', '2018-11-16 10:10:43', '2018-11-16 10:10:43'),
(3486, 148, 63, '0', '2018-11-16 10:14:53', '2018-11-16 10:14:53'),
(3489, 149, 63, '0', '2018-11-16 10:19:19', '2018-11-16 10:19:19'),
(3491, 150, 63, '0', '2018-11-16 10:23:19', '2018-11-16 10:23:19'),
(3492, 151, 63, '0', '2018-11-16 10:26:11', '2018-11-16 10:26:11'),
(3493, 152, 63, '0', '2018-11-16 10:29:36', '2018-11-16 10:29:36'),
(3496, 154, 63, '0', '2018-11-16 10:41:02', '2018-11-16 10:41:02'),
(3499, 157, 63, '0', '2018-11-16 10:47:30', '2018-11-16 10:47:30'),
(3500, 158, 63, '0', '2018-11-16 10:50:46', '2018-11-16 10:50:46'),
(3502, 160, 63, '0', '2018-11-16 10:54:50', '2018-11-16 10:54:50'),
(3505, 166, 63, '0', '2018-11-16 11:05:01', '2018-11-16 11:05:01'),
(3506, 167, 63, '0', '2018-11-16 11:09:16', '2018-11-16 11:09:16'),
(3507, 168, 63, '0', '2018-11-16 11:11:35', '2018-11-16 11:11:35'),
(3510, 171, 63, '0', '2018-11-16 11:19:34', '2018-11-16 11:19:34'),
(3511, 139, 63, '0', '2018-11-16 14:35:34', '2018-11-16 14:35:34'),
(3512, 139, 64, '0', '2018-11-16 14:37:18', '2018-11-16 14:37:18'),
(3513, 147, 64, '0', '2018-11-17 07:24:21', '2018-11-17 07:24:21'),
(3517, 125, 64, '0', '2018-11-22 09:34:59', '2018-11-22 09:34:59'),
(3520, 125, 63, '0', '2018-11-22 09:38:17', '2018-11-22 09:38:17'),
(3521, 229, 63, '0', '2018-11-22 10:42:12', '2018-11-22 10:42:12'),
(3523, 117, 45, '0', '2018-11-23 14:51:31', '2018-11-23 14:51:31'),
(3524, 169, 63, '0', '2018-11-24 06:36:36', '2018-11-24 06:36:36'),
(3525, 80, 45, '0', '2018-11-24 07:50:55', '2018-11-24 07:50:55'),
(3527, 13, 53, '0', '2018-11-26 07:52:38', '2018-11-26 07:52:38'),
(3528, 231, 53, '0', '2018-11-26 07:55:34', '2018-11-26 07:55:34'),
(3529, 124, 45, '0', '2018-11-26 12:52:27', '2018-11-26 12:52:27'),
(3530, 232, 63, '0', '2018-11-26 12:57:54', '2018-11-26 12:57:54'),
(3531, 140, 64, '0', '2018-11-26 13:46:58', '2018-11-26 13:46:58'),
(3535, NULL, 64, '0', '2018-11-28 12:32:40', '2018-11-28 12:32:40'),
(3537, 92, 45, '0', '2018-11-28 13:01:18', '2018-11-28 13:01:18'),
(3539, 155, 63, '0', '2018-11-28 14:06:29', '2018-11-28 14:06:29'),
(3545, 184, 63, '0', '2018-11-28 14:33:56', '2018-11-28 14:33:56'),
(3559, 144, 65, '0', '2018-12-05 08:13:28', '2018-12-05 08:13:28'),
(3560, 169, 65, '0', '2018-12-10 14:14:25', '2018-12-10 14:14:25'),
(3566, 140, 45, '0', '2018-12-18 11:41:03', '2018-12-18 11:41:03'),
(3568, 139, 58, '0', '2018-12-18 12:55:14', '2018-12-18 12:55:14'),
(3571, 142, 64, '0', '2018-12-19 06:24:48', '2018-12-19 06:24:48'),
(3572, 230, 64, '0', '2018-12-19 06:26:40', '2018-12-19 06:26:40'),
(3573, 120, 45, '0', '2018-12-19 06:38:30', '2018-12-19 06:38:30'),
(3574, 235, 63, '0', '2018-12-19 06:41:32', '2018-12-19 06:41:32'),
(3577, 170, 63, '0', '2018-12-19 13:33:10', '2018-12-19 13:33:10'),
(3578, 166, 64, '0', '2018-12-19 13:37:56', '2018-12-19 13:37:56'),
(3579, 161, 63, '0', '2018-12-19 13:41:40', '2018-12-19 13:41:40'),
(3580, 153, 63, '0', '2018-12-19 13:49:40', '2018-12-19 13:49:40'),
(3583, 184, 64, '0', '2018-12-19 15:27:36', '2018-12-19 15:27:36'),
(3585, 201, 59, '0', '2019-01-07 09:53:31', '2019-01-07 09:53:31'),
(3587, 232, 64, '0', '2019-01-08 07:46:56', '2019-01-08 07:46:56'),
(3588, 96, 65, '0', '2019-01-09 11:23:53', '2019-01-09 11:23:53'),
(3589, 147, 46, '0', '2019-01-11 09:39:58', '2019-01-11 09:39:58'),
(3593, 141, 45, '0', '2019-01-15 14:20:54', '2019-01-15 14:20:54'),
(3598, 92, 64, '0', '2019-01-21 12:18:28', '2019-01-21 12:18:28'),
(3601, 170, 64, '0', '2019-01-21 13:52:28', '2019-01-21 13:52:28'),
(3604, 153, 64, '0', '2019-01-21 14:17:55', '2019-01-21 14:17:55'),
(3605, 152, 64, '0', '2019-01-21 14:25:42', '2019-01-21 14:25:42'),
(3609, 145, 63, '0', '2019-01-24 11:09:31', '2019-01-24 11:09:31'),
(3610, 234, 64, '0', '2019-01-25 11:04:55', '2019-01-25 11:04:55'),
(3624, 140, 32, '0', '2019-01-25 14:21:43', '2019-01-25 14:21:43'),
(3625, 139, 32, '0', '2019-01-25 14:30:37', '2019-01-25 14:30:37'),
(3630, 150, 46, '0', '2019-01-29 07:03:33', '2019-01-29 07:03:33'),
(3633, 169, 53, '0', '2019-02-01 07:42:20', '2019-02-01 07:42:20'),
(3635, 141, 32, '0', '2019-02-02 10:20:17', '2019-02-02 10:20:17'),
(3639, 105, 45, '0', '2019-02-06 11:30:58', '2019-02-06 11:30:58'),
(3640, 236, 64, '0', '2019-02-06 11:58:12', '2019-02-06 11:58:12'),
(3641, 139, 45, '0', '2019-02-13 13:44:14', '2019-02-13 13:44:14'),
(3642, 216, 46, '0', '2019-02-14 12:47:17', '2019-02-14 12:47:17'),
(3643, 149, 64, '0', '2019-02-20 07:14:36', '2019-02-20 07:14:36'),
(3644, 149, 46, '0', '2019-02-20 07:15:39', '2019-02-20 07:15:39'),
(3645, 150, 64, '0', '2019-02-20 07:25:51', '2019-02-20 07:25:51'),
(3646, 229, 64, '0', '2019-02-20 07:48:10', '2019-02-20 07:48:10'),
(3647, 229, 46, '0', '2019-02-20 07:49:00', '2019-02-20 07:49:00'),
(3648, 146, 64, '0', '2019-02-20 07:53:25', '2019-02-20 07:53:25'),
(3650, 148, 64, '0', '2019-02-20 08:17:07', '2019-02-20 08:17:07'),
(3651, 143, 64, '0', '2019-02-20 08:23:33', '2019-02-20 08:23:33'),
(3655, 162, 64, '0', '2019-02-23 06:51:23', '2019-02-23 06:51:23'),
(3656, 143, 63, '0', '2019-02-26 06:08:35', '2019-02-26 06:08:35'),
(3657, 160, 64, '0', '2019-02-26 14:23:43', '2019-02-26 14:23:43'),
(3658, 151, 64, '0', '2019-02-27 07:54:51', '2019-02-27 07:54:51'),
(3659, 145, 64, '0', '2019-02-27 07:57:46', '2019-02-27 07:57:46'),
(3663, 221, 46, '0', '2019-03-04 09:04:10', '2019-03-04 09:04:10'),
(3666, 214, 46, '0', '2019-03-07 12:53:40', '2019-03-07 12:53:40'),
(3669, 161, 64, '0', '2019-03-13 12:40:01', '2019-03-13 12:40:01'),
(3670, 168, 64, '0', '2019-03-14 13:13:41', '2019-03-14 13:13:41'),
(3671, 226, 46, '0', '2019-03-15 12:38:08', '2019-03-15 12:38:08'),
(3673, 109, 46, '0', '2019-03-15 13:35:15', '2019-03-15 13:35:15'),
(3675, 151, 46, '0', '2019-03-18 07:33:19', '2019-03-18 07:33:19'),
(3676, 146, 46, '0', '2019-03-18 07:38:21', '2019-03-18 07:38:21'),
(3677, 126, 45, '0', '2019-03-18 07:43:38', '2019-03-18 07:43:38'),
(3679, 126, 48, '0', '2019-03-18 07:43:55', '2019-03-18 07:43:55'),
(3680, 148, 46, '0', '2019-03-18 07:47:49', '2019-03-18 07:47:49'),
(3681, 145, 46, '0', '2019-03-18 07:55:23', '2019-03-18 07:55:23'),
(3682, 162, 63, '0', '2019-03-18 13:05:42', '2019-03-18 13:05:42'),
(3686, 222, 46, '0', '2019-03-19 08:37:21', '2019-03-19 08:37:21'),
(3687, 239, 46, '0', '2019-03-19 08:41:28', '2019-03-19 08:41:28'),
(3688, 233, 64, '0', '2019-03-19 10:15:29', '2019-03-19 10:15:29'),
(3689, 241, 46, '0', '2019-03-20 09:55:29', '2019-03-20 09:55:29'),
(3690, 107, 46, '0', '2019-03-21 13:07:16', '2019-03-21 13:07:16'),
(3691, 158, 64, '0', '2019-03-21 13:28:48', '2019-03-21 13:28:48'),
(3692, 143, 46, '0', '2019-03-23 05:34:08', '2019-03-23 05:34:08'),
(3695, 106, 46, '0', '2019-03-25 08:31:24', '2019-03-25 08:31:24'),
(3696, 224, 64, '0', '2019-03-26 08:40:24', '2019-03-26 08:40:24'),
(3697, 224, 56, '0', '2019-03-26 08:41:29', '2019-03-26 08:41:29'),
(3698, 171, 64, '0', '2019-03-26 13:21:19', '2019-03-26 13:21:19'),
(3699, 157, 64, '0', '2019-03-26 13:22:36', '2019-03-26 13:22:36'),
(3700, 101, 51, '0', '2019-03-27 13:00:56', '2019-03-27 13:00:56'),
(3703, 111, 46, '0', '2019-03-28 06:23:24', '2019-03-28 06:23:24'),
(3704, 232, 46, '0', '2019-03-28 13:29:37', '2019-03-28 13:29:37'),
(3705, 224, 46, '0', '2019-03-29 07:22:53', '2019-03-29 07:22:53'),
(3706, 144, 46, '0', '2019-03-30 05:43:06', '2019-03-30 05:43:06'),
(3707, 144, 64, '0', '2019-03-30 05:44:52', '2019-03-30 05:44:52'),
(3708, 251, 46, '0', '2019-04-01 04:54:44', '2019-04-01 04:54:44'),
(3709, 225, 46, '0', '2019-04-01 11:56:26', '2019-04-01 11:56:26'),
(3710, 113, 46, '0', '2019-04-03 09:46:44', '2019-04-03 09:46:44'),
(3711, 112, 46, '0', '2019-04-04 08:09:43', '2019-04-04 08:09:43'),
(3712, 169, 64, '0', '2019-04-04 12:32:54', '2019-04-04 12:32:54'),
(3713, 233, 56, '0', '2019-04-15 12:45:24', '2019-04-15 12:45:24'),
(3714, 252, 66, '0', '2019-04-30 09:26:58', '2019-04-30 09:26:58'),
(3715, 253, 66, '0', '2019-04-30 09:27:44', '2019-04-30 09:27:44');

-- --------------------------------------------------------

--
-- Table structure for table `cities`
--

CREATE TABLE `cities` (
  `id` int(11) UNSIGNED NOT NULL,
  `name` varchar(300) CHARACTER SET utf8 COLLATE utf8_unicode_ci NOT NULL,
  `zipcode` int(6) NOT NULL,
  `province_id` int(11) UNSIGNED NOT NULL
) ENGINE=InnoDB DEFAULT CHARSET=latin1;

--
-- Dumping data for table `cities`
--

INSERT INTO `cities` (`id`, `name`, `zipcode`, `province_id`) VALUES
(1, 'Bangued', 2800, 1),
(2, 'Boliney', 2815, 1),
(3, 'Bucay', 2805, 1),
(4, 'Bucloc', 2817, 1),
(5, 'Daguioman', 2816, 1),
(6, 'Danglas', 2825, 1),
(7, 'Dolores', 2801, 1),
(8, 'La Paz', 2826, 1),
(9, 'Lacub', 2821, 1),
(10, 'Lagangilang', 2802, 1),
(11, 'Lagayan', 2824, 1),
(12, 'Langiden', 2807, 1),
(13, 'Licuan-Baay', 2819, 1),
(14, 'Luba', 2813, 1),
(15, 'Malibcong', 2820, 1),
(16, 'Manabo', 2810, 1),
(17, 'Pearrubia', 2804, 1),
(18, 'Pidigan', 2806, 1),
(19, 'Pilar', 2812, 1),
(20, 'Sallapadan', 2818, 1),
(21, 'San Isidro', 2809, 1),
(22, 'San Juan', 2823, 1),
(23, 'San Quintin', 2808, 1),
(24, 'Tayum', 2803, 1),
(25, 'Tineg', 2822, 1),
(26, 'Tubo', 2814, 1),
(27, 'Villaviciosa', 2811, 1),
(28, 'Butuan City', 8600, 2),
(29, 'Buenavista', 8601, 2),
(30, 'Cabadbaran', 8605, 2),
(31, 'Carmen', 8603, 2),
(32, 'Jabonga', 8607, 2),
(33, 'Kitcharao', 8609, 2),
(34, 'Las Nieves', 8610, 2),
(35, 'Magallanes', 8604, 2),
(36, 'Nasipit', 8602, 2),
(37, 'Remedios T. Romualdez', 8611, 2),
(38, 'Santiago', 8608, 2),
(39, 'Tubay', 8606, 2),
(40, 'Bayugan', 8502, 3),
(41, 'Bunawan', 8506, 3),
(42, 'Esperanza', 8513, 3),
(43, 'La Paz', 8508, 3),
(44, 'Loreto', 8507, 3),
(45, 'Prosperidad', 8500, 3),
(46, 'Rosario', 8504, 3),
(47, 'San Francisco', 8501, 3),
(48, 'San Luis', 8511, 3),
(49, 'Santa Josefa', 8512, 3),
(50, 'Sibagat', 8503, 3),
(51, 'Talacogon', 8510, 3),
(52, 'Trento', 8505, 3),
(53, 'Veruela', 8509, 3),
(54, 'Altavas', 5616, 4),
(55, 'Balete', 5614, 4),
(56, 'Banga', 5601, 4),
(57, 'Batan', 5615, 4),
(58, 'Buruanga', 5609, 4),
(59, 'Ibajay', 5613, 4),
(60, 'Kalibo', 5600, 4),
(61, 'Lezo', 5605, 4),
(62, 'Libacao', 5602, 4),
(63, 'Madalag', 5603, 4),
(64, 'Makato', 5611, 4),
(65, 'Malay', 5608, 4),
(66, 'Malinao', 5606, 4),
(67, 'Nabas', 5607, 4),
(68, 'New Washington', 5610, 4),
(69, 'Numancia', 5604, 4),
(70, 'Tangalan', 5612, 4),
(71, 'Legazpi City', 4500, 5),
(72, 'Ligao City', 4504, 5),
(73, 'Tabaco City', 4511, 5),
(74, 'Bacacay', 4509, 5),
(75, 'Camalig', 4502, 5),
(76, 'Daraga', 4501, 5),
(77, 'Guinobatan', 4503, 5),
(78, 'Jovellar', 4515, 5),
(79, 'Libon', 4507, 5),
(80, 'Malilipot', 4510, 5),
(81, 'Malinao', 4512, 5),
(82, 'Manito', 4514, 5),
(83, 'Oas', 4504, 5),
(84, 'Pio Duran', 4516, 5),
(85, 'Polangui', 4506, 5),
(86, 'Rapu-Rapu', 4517, 5),
(87, 'Santo Domingo', 4508, 5),
(88, 'Tiwi', 4513, 5),
(89, 'Anini-y', 5717, 6),
(90, 'Barbaza', 5706, 6),
(91, 'Belison', 5701, 6),
(92, 'Bugasong', 5704, 6),
(93, 'Caluya', 5711, 6),
(94, 'Culasi', 5708, 6),
(95, 'Hamtic', 5715, 6),
(96, 'Laua-an', 5705, 6),
(97, 'Libertad', 5710, 6),
(98, 'Pandan', 5712, 6),
(99, 'Patnongon', 5702, 6),
(100, 'San Jose', 5700, 6),
(101, 'San Remigio', 5714, 6),
(102, 'Sebaste', 5709, 6),
(103, 'Sibalom', 5713, 6),
(104, 'Tibiao', 5707, 6),
(105, 'Tobias Fornier', 5716, 6),
(106, 'Valderrama', 5703, 6),
(107, 'Calanasan', 3814, 7),
(108, 'Conner', 3807, 7),
(109, 'Flora', 3807, 7),
(110, 'Kabugao', 3809, 7),
(111, 'Luna', 3813, 7),
(112, 'Pudtol', 3812, 7),
(113, 'Santa Marcela', 3811, 7),
(114, 'Baler', 3200, 8),
(115, 'Casiguran', 3204, 8),
(116, 'Dilasag', 3205, 8),
(117, 'Dinalungan', 3206, 8),
(118, 'Dingalan', 3207, 8),
(119, 'Dipaculao', 3203, 8),
(120, 'Maria Aurora', 3202, 8),
(121, 'San Luis', 3201, 8),
(122, 'Isabela City', 7300, 9),
(123, 'Akbar', 0, 9),
(124, 'Al-Barka', 0, 9),
(125, 'Hadji Mohammad Ajul', 0, 9),
(126, 'Hadji Muhtamad', 0, 9),
(127, 'Lamitan', 7302, 9),
(128, 'Lantawan', 7301, 9),
(129, 'Maluso', 7303, 9),
(130, 'Sumisip', 7305, 9),
(131, 'Tabuan-Lasa', 0, 9),
(132, 'Tipo-Tipo', 7304, 9),
(133, 'Tuburan', 7306, 9),
(134, 'Ungkaya Pukan', 0, 9),
(135, 'Balanga City', 2100, 10),
(136, 'Abucay', 2114, 10),
(137, 'Bagac', 2107, 10),
(138, 'Dinalupihan', 2110, 10),
(139, 'Hermosa', 2111, 10),
(140, 'Limay', 2103, 10),
(141, 'Mariveles', 2105, 10),
(142, 'Morong', 2108, 10),
(143, 'Orani', 2112, 10),
(144, 'Orion', 2102, 10),
(145, 'Pilar', 2101, 10),
(146, 'Samal', 2113, 10),
(147, 'Basco', 3900, 11),
(148, 'Itbayat', 3905, 11),
(149, 'Ivana', 3902, 11),
(150, 'Mahatao', 3901, 11),
(151, 'Sabtang', 3904, 11),
(152, 'Uyugan', 3903, 11),
(153, 'Batangas City', 4200, 12),
(154, 'Lipa City', 4217, 12),
(155, 'Tanauan City', 4232, 12),
(156, 'Agoncillo', 4211, 12),
(157, 'Alitagtag', 4205, 12),
(158, 'Balayan', 4213, 12),
(159, 'Balete', 4219, 12),
(160, 'Bauan', 4201, 12),
(161, 'Calaca', 4212, 12),
(162, 'Calatagan', 4215, 12),
(163, 'Cuenca', 4222, 12),
(164, 'Ibaan', 4230, 12),
(165, 'Laurel', 4221, 12),
(166, 'Lemery', 4209, 12),
(167, 'Lian', 4216, 12),
(168, 'Lobo', 4229, 12),
(169, 'Mabini', 4202, 12),
(170, 'Malvar', 4233, 12),
(171, 'Mataas na Kahoy', 4223, 12),
(172, 'Nasugbu', 4231, 12),
(173, 'Padre Garcia', 4224, 12),
(174, 'Rosario', 4225, 12),
(175, 'San Jose', 4227, 12),
(176, 'San Juan', 4226, 12),
(177, 'San Luis', 4210, 12),
(178, 'San Nicolas', 4207, 12),
(179, 'San Pascual', 4204, 12),
(180, 'Santa Teresita', 4206, 12),
(181, 'Santo Tomas', 4234, 12),
(182, 'Taal', 4208, 12),
(183, 'Talisay', 4220, 12),
(184, 'Taysan', 4228, 12),
(185, 'Tingloy', 4203, 12),
(186, 'Tuy', 4214, 12),
(187, 'Baguio City', 2600, 13),
(188, 'Atok', 2612, 13),
(189, 'Bakun', 2610, 13),
(190, 'Bokod', 2605, 13),
(191, 'Buguias', 2607, 13),
(192, 'Itogon', 2604, 13),
(193, 'Kabayan', 2606, 13),
(194, 'Kapangan', 2613, 13),
(195, 'Kibungan', 2611, 13),
(196, 'La Trinidad', 2601, 13),
(197, 'Mankayan', 2608, 13),
(198, 'Sablan', 2614, 13),
(199, 'Tuba', 2603, 13),
(200, 'Tublay', 2615, 13),
(201, 'Almeria', 6544, 14),
(202, 'Biliran', 6549, 14),
(203, 'Cabucgayan', 6550, 14),
(204, 'Caibiran', 6548, 14),
(205, 'Culaba', 6547, 14),
(206, 'Kawayan', 6545, 14),
(207, 'Maripipi', 6546, 14),
(208, 'Naval', 6543, 14),
(209, 'Tagbilaran City', 6300, 15),
(210, 'Alburquerque', 6302, 15),
(211, 'Alicia', 6314, 15),
(212, 'Anda', 6311, 15),
(213, 'Antequera', 6335, 15),
(214, 'Baclayon', 6301, 15),
(215, 'Balilihan', 6342, 15),
(216, 'Batuan', 6318, 15),
(217, 'Bien Unido', 6326, 15),
(218, 'Bilar', 6317, 15),
(219, 'Buenavista', 6333, 15),
(220, 'Calape', 6328, 15),
(221, 'Candijay', 6312, 15),
(222, 'Carmen', 6319, 15),
(223, 'Catigbian', 6343, 15),
(224, 'Clarin', 6330, 15),
(225, 'Corella', 6337, 15),
(226, 'Cortes', 6341, 15),
(227, 'Dagohoy', 6322, 15),
(228, 'Danao', 6344, 15),
(229, 'Dauis', 6339, 15),
(230, 'Dimiao', 6305, 15),
(231, 'Duero', 6309, 15),
(232, 'Garcia Hernandez', 6307, 15),
(233, 'Getafe', 6334, 15),
(234, 'Guindulman', 6310, 15),
(235, 'Inabanga', 6332, 15),
(236, 'Jagna', 6308, 15),
(237, 'Lila', 6304, 15),
(238, 'Loay', 6303, 15),
(239, 'Loboc', 6316, 15),
(240, 'Loon', 6327, 15),
(241, 'Mabini', 6313, 15),
(242, 'Maribojoc', 6336, 15),
(243, 'Panglao', 6340, 15),
(244, 'Pilar', 6321, 15),
(245, 'President Carlos P. Garcia', 6346, 15),
(246, 'Sagbayan', 6331, 15),
(247, 'San Isidro', 6345, 15),
(248, 'San Miguel', 6323, 15),
(249, 'Sevilla', 6347, 15),
(250, 'Sierra Bullones', 6320, 15),
(251, 'Sikatuna', 6338, 15),
(252, 'Talibon', 6325, 15),
(253, 'Trinidad', 6324, 15),
(254, 'Tubigon', 6329, 15),
(255, 'Ubay', 6315, 15),
(256, 'Valencia', 6306, 15),
(257, 'Malaybalay City', 8700, 16),
(258, 'Valencia City', 8709, 16),
(259, 'Baungon', 8707, 16),
(260, 'Cabanglasan', 8723, 16),
(261, 'Damulog', 8721, 16),
(262, 'Dangcagan', 8719, 16),
(263, 'Don Carlos', 8712, 16),
(264, 'Impasug-ong', 8702, 16),
(265, 'Kadingilan', 8713, 16),
(266, 'Kalilangan', 8718, 16),
(267, 'Kibawe', 8720, 16),
(268, 'Kitaotao', 8716, 16),
(269, 'Lantapan', 8722, 16),
(270, 'Libona', 8706, 16),
(271, 'Malitbog', 8704, 16),
(272, 'Manolo Fortich', 8703, 16),
(273, 'Maramag', 8714, 16),
(274, 'Pangantucan', 8717, 16),
(275, 'Quezon', 8715, 16),
(276, 'San Fernando', 8711, 16),
(277, 'Sumilao', 8701, 16),
(278, 'Talakag', 8708, 16),
(279, 'Malolos City', 3000, 17),
(280, 'Meycauayan City', 3020, 17),
(281, 'San Jose del Monte City', 3023, 17),
(282, 'Angat', 3012, 17),
(283, 'Balagtas', 3016, 17),
(284, 'Baliuag', 3006, 17),
(285, 'Bocaue', 3018, 17),
(286, 'Bulacan', 3017, 17),
(287, 'Bustos', 3007, 17),
(288, 'Calumpit', 3003, 17),
(289, 'Doa Remedios Trinidad', 3009, 17),
(290, 'Guiguinto', 3015, 17),
(291, 'Hagonoy', 3002, 17),
(292, 'Marilao', 3019, 17),
(293, 'Norzagaray', 3013, 17),
(294, 'Obando', 3021, 17),
(295, 'Pandi', 3014, 17),
(296, 'Paombong', 3001, 17),
(297, 'Plaridel', 3004, 17),
(298, 'Pulilan', 3005, 17),
(299, 'San Ildefonso', 3010, 17),
(300, 'San Miguel', 3011, 17),
(301, 'San Rafael', 3008, 17),
(302, 'Santa Maria', 3020, 17),
(303, 'Tuguegarao City', 3500, 18),
(304, 'Abulug', 3517, 18),
(305, 'Alcala', 3506, 18),
(306, 'Allacapan', 3523, 18),
(307, 'Amulung', 3505, 18),
(308, 'Aparri', 3515, 18),
(309, 'Baggao', 3506, 18),
(310, 'Ballesteros', 3516, 18),
(311, 'Buguey', 3511, 18),
(312, 'Calayan', 3520, 18),
(313, 'Camalaniugan', 3510, 18),
(314, 'Claveria', 3519, 18),
(315, 'Enrile', 3501, 18),
(316, 'Gattaran', 3508, 18),
(317, 'Gonzaga', 3511, 18),
(318, 'Iguig', 3504, 18),
(319, 'Lal-lo', 3509, 18),
(320, 'Lasam', 3524, 18),
(321, 'Pamplona', 3522, 18),
(322, 'Peablanca', 3502, 18),
(323, 'Piat', 3527, 18),
(324, 'Rizal', 3526, 18),
(325, 'Sanchez-Mira', 3518, 18),
(326, 'Santa Ana', 3514, 18),
(327, 'Santa Praxedes', 3521, 18),
(328, 'Santa Teresita', 3512, 18),
(329, 'Santo Nio', 3525, 18),
(330, 'Solana', 3503, 18),
(331, 'Tuao', 3528, 18),
(332, 'Basud', 4608, 19),
(333, 'Capalonga', 4606, 19),
(334, 'Daet', 4600, 19),
(335, 'Jose Panganiban', 4606, 19),
(336, 'Labo', 4604, 19),
(337, 'Mercedes', 4601, 19),
(338, 'Paracale', 4605, 19),
(339, 'San Lorenzo Ruiz', 0, 19),
(340, 'San Vicente', 4609, 19),
(341, 'Santa Elena', 4611, 19),
(342, 'Talisay', 4602, 19),
(343, 'Vinzons', 4603, 19),
(344, 'Iriga City', 4431, 20),
(345, 'Naga City', 4400, 20),
(346, 'Baao', 4432, 20),
(347, 'Balatan', 4436, 20),
(348, 'Bato', 4435, 20),
(349, 'Bombon', 4404, 20),
(350, 'Buhi', 4433, 20),
(351, 'Bula', 4430, 20),
(352, 'Cabusao', 4406, 20),
(353, 'Calabanga', 4405, 20),
(354, 'Camaligan', 4401, 20),
(355, 'Canaman', 4402, 20),
(356, 'Caramoan', 4429, 20),
(357, 'Del Gallego', 4411, 20),
(358, 'Gainza', 4412, 20),
(359, 'Garchitorena', 4428, 20),
(360, 'Goa', 4422, 20),
(361, 'Lagonoy', 4425, 20),
(362, 'Libmanan', 4407, 20),
(363, 'Lupi', 4409, 20),
(364, 'Magarao', 4403, 20),
(365, 'Milaor', 4413, 20),
(366, 'Minalabac', 4414, 20),
(367, 'Nabua', 4434, 20),
(368, 'Ocampo', 4419, 20),
(369, 'Pamplona', 4416, 20),
(370, 'Pasacao', 4417, 20),
(371, 'Pili', 4418, 20),
(372, 'Presentacion', 4424, 20),
(373, 'Ragay', 4410, 20),
(374, 'Sagay', 4421, 20),
(375, 'San Fernando', 4415, 20),
(376, 'San Jose', 4423, 20),
(377, 'Sipocot', 4408, 20),
(378, 'Siruma', 4427, 20),
(379, 'Tigaon', 4420, 20),
(380, 'Tinambac', 4426, 20),
(381, 'Catarman', 9104, 21),
(382, 'Guinsiliban', 9102, 21),
(383, 'Mahinog', 9101, 21),
(384, 'Mambajao', 9100, 21),
(385, 'Sagay', 9103, 21),
(386, 'Roxas City', 5800, 22),
(387, 'Cuartero', 5811, 22),
(388, 'Dao', 5810, 22),
(389, 'Dumalag', 5813, 22),
(390, 'Dumarao', 5812, 22),
(391, 'Ivisan', 5805, 22),
(392, 'Jamindan', 5808, 22),
(393, 'Ma-ayon', 5809, 22),
(394, 'Mambusao', 5807, 22),
(395, 'Panay', 5801, 22),
(396, 'Panitan', 5815, 22),
(397, 'Pilar', 5804, 22),
(398, 'Pontevedra', 5802, 22),
(399, 'President Roxas', 5803, 22),
(400, 'Sapi-an', 5816, 22),
(401, 'Sigma', 0, 22),
(402, 'Tapaz', 5814, 22),
(403, 'Bagamanoc', 4807, 23),
(404, 'Baras', 4803, 23),
(405, 'Bato', 4801, 23),
(406, 'Caramoran', 4808, 23),
(407, 'Gigmoto', 4804, 23),
(408, 'Pandan', 4809, 23),
(409, 'Panganiban', 4806, 23),
(410, 'San Andres', 4810, 23),
(411, 'San Miguel', 4802, 23),
(412, 'Viga', 4805, 23),
(413, 'Virac', 4800, 23),
(414, 'Cavite City', 4100, 24),
(415, 'Dasmarias City', 4114, 24),
(416, 'Tagaytay City', 4120, 24),
(417, 'Trece Martires City', 4109, 24),
(418, 'Alfonso', 4123, 24),
(419, 'Amadeo', 4119, 24),
(420, 'Bacoor', 4102, 24),
(421, 'Carmona', 4116, 24),
(422, 'General Mariano Alvarez', 4117, 24),
(423, 'General Emilio Aguinaldo', 4124, 24),
(424, 'General Trias', 4107, 24),
(425, 'Imus', 4103, 24),
(426, 'Indang', 4122, 24),
(427, 'Kawit', 4104, 24),
(428, 'Magallanes', 4113, 24),
(429, 'Maragondon', 4112, 24),
(430, 'Mendez', 4121, 24),
(431, 'Naic', 4110, 24),
(432, 'Noveleta', 4105, 24),
(433, 'Rosario', 4106, 24),
(434, 'Silang', 4118, 24),
(435, 'Tanza', 4108, 24),
(436, 'Ternate', 4111, 24),
(437, 'Bogo City', 6010, 25),
(438, 'Cebu City', 6000, 25),
(439, 'Carcar City', 6019, 25),
(440, 'Danao City', 6004, 25),
(441, 'Lapu-Lapu City', 6015, 25),
(442, 'Mandaue City', 6014, 25),
(443, 'Naga City', 6037, 25),
(444, 'Talisay City', 6045, 25),
(445, 'Toledo City', 6038, 25),
(446, 'Alcantara', 6033, 25),
(447, 'Alcoy', 6023, 25),
(448, 'Alegria', 6030, 25),
(449, 'Aloguinsan', 6040, 25),
(450, 'Argao', 6021, 25),
(451, 'Asturias', 6042, 25),
(452, 'Badian', 6031, 25),
(453, 'Balamban', 6041, 25),
(454, 'Bantayan', 6042, 25),
(455, 'Barili', 6036, 25),
(456, 'Boljoon', 6010, 25),
(457, 'Borbon', 6008, 25),
(458, 'Carmen', 6005, 25),
(459, 'Catmon', 6006, 25),
(460, 'Compostela', 6003, 25),
(461, 'Consolacion', 6001, 25),
(462, 'Cordoba', 6017, 25),
(463, 'Daanbantayan', 6013, 25),
(464, 'Dalaguete', 6022, 25),
(465, 'Dumanjug', 6035, 25),
(466, 'Ginatilan', 6026, 25),
(467, 'Liloan', 6002, 25),
(468, 'Madridejos', 6053, 25),
(469, 'Malabuyoc', 6029, 25),
(470, 'Medellin', 6012, 25),
(471, 'Minglanilla', 6046, 25),
(472, 'Moalboal', 6032, 25),
(473, 'Oslob', 6025, 25),
(474, 'Pilar', 6048, 25),
(475, 'Pinamungahan', 6039, 25),
(476, 'Poro', 6049, 25),
(477, 'Ronda', 6034, 25),
(478, 'Samboan', 6027, 25),
(479, 'San Fernando', 6018, 25),
(480, 'San Francisco', 6050, 25),
(481, 'San Remigio', 6011, 25),
(482, 'Santa Fe', 6047, 25),
(483, 'Santander', 6026, 25),
(484, 'Sibonga', 6020, 25),
(485, 'Sogod', 6007, 25),
(486, 'Tabogon', 6009, 25),
(487, 'Tabuelan', 6044, 25),
(488, 'Tuburan', 6043, 25),
(489, 'Tudela', 6051, 25),
(490, 'Compostela', 6003, 26),
(491, 'Laak', 8810, 26),
(492, 'Mabini', 8807, 26),
(493, 'Maco', 8806, 26),
(494, 'Maragusan', 8808, 26),
(495, 'Mawab', 8802, 26),
(496, 'Monkayo', 8805, 26),
(497, 'Montevista', 8801, 26),
(498, 'Nabunturan', 8800, 26),
(499, 'New Bataan', 8804, 26),
(500, 'Pantukan', 8809, 26),
(501, 'Kidapawan City', 9400, 27),
(502, 'Alamada', 9413, 27),
(503, 'Aleosan', 9415, 27),
(504, 'Antipas', 9414, 27),
(505, 'Arakan', 9417, 27),
(506, 'Banisilan', 9416, 27),
(507, 'Carmen', 9408, 27),
(508, 'Kabacan', 9407, 27),
(509, 'Libungan', 9411, 27),
(510, 'M\'lang', 9402, 27),
(511, 'Magpet', 9404, 27),
(512, 'Makilala', 9401, 27),
(513, 'Matalam', 9406, 27),
(514, 'Midsayap', 9410, 27),
(515, 'Pigkawayan', 9412, 27),
(516, 'Pikit', 9409, 27),
(517, 'President Roxas', 9405, 27),
(518, 'Tulunan', 9403, 27),
(519, 'Panabo City', 8105, 28),
(520, 'Island Garden City of Samal', 0, 28),
(521, 'Tagum City', 8100, 28),
(522, 'Asuncion', 8102, 28),
(523, 'Braulio E. Dujali', 0, 28),
(524, 'Carmen', 8101, 28),
(525, 'Kapalong', 8113, 28),
(526, 'New Corella', 8104, 28),
(527, 'San Isidro', 8209, 28),
(528, 'Santo Tomas', 8112, 28),
(529, 'Talaingod', 0, 28),
(530, 'Davao City', 8000, 29),
(531, 'Digos City', 8002, 29),
(532, 'Bansalan', 8005, 29),
(533, 'Don Marcelino', 8013, 29),
(534, 'Hagonoy', 8006, 29),
(535, 'Jose Abad Santos', 8014, 29),
(536, 'Kiblawan', 8008, 29),
(537, 'Magsaysay', 8004, 29),
(538, 'Malalag', 8010, 29),
(539, 'Malita', 8012, 29),
(540, 'Matanao', 8003, 29),
(541, 'Padada', 8007, 29),
(542, 'Santa Cruz', 8001, 29),
(543, 'Santa Maria', 8011, 29),
(544, 'Sarangani', 8015, 29),
(545, 'Sulop', 0, 29),
(546, 'Mati City', 8200, 30),
(547, 'Baganga', 8204, 30),
(548, 'Banaybanay', 8208, 30),
(549, 'Boston', 8206, 30),
(550, 'Caraga', 8203, 30),
(551, 'Cateel', 8205, 30),
(552, 'Governor Generoso', 8210, 30),
(553, 'Lupon', 8207, 30),
(554, 'Manay', 8202, 30),
(555, 'San Isidro', 8209, 30),
(556, 'Tarragona', 8201, 30),
(557, 'Arteche', 6822, 31),
(558, 'Balangiga', 6812, 31),
(559, 'Balangkayan', 6801, 31),
(560, 'Borongan', 6800, 31),
(561, 'Can-avid', 6806, 31),
(562, 'Dolores', 6817, 31),
(563, 'General MacArthur', 6805, 31),
(564, 'Giporlos', 6811, 31),
(565, 'Guiuan', 6809, 31),
(566, 'Hernani', 6804, 31),
(567, 'Jipapad', 6819, 31),
(568, 'Lawaan', 6813, 31),
(569, 'Llorente', 6803, 31),
(570, 'Maslog', 6820, 31),
(571, 'Maydolong', 6802, 31),
(572, 'Mercedes', 6808, 31),
(573, 'Oras', 6818, 31),
(574, 'Quinapondan', 6810, 31),
(575, 'Salcedo', 6807, 31),
(576, 'San Julian', 6814, 31),
(577, 'San Policarpo', 6821, 31),
(578, 'Sulat', 6815, 31),
(579, 'Taft', 6816, 31),
(580, 'Buenavista', 5044, 32),
(581, 'Jordan', 5045, 32),
(582, 'Nueva Valencia', 5046, 32),
(583, 'San Lorenzo', 0, 32),
(584, 'Sibunag', 0, 32),
(585, 'Aguinaldo', 3606, 33),
(586, 'Alfonso Lista', 0, 33),
(587, 'Asipulo', 3610, 33),
(588, 'Banaue', 3601, 33),
(589, 'Hingyon', 3607, 33),
(590, 'Hungduan', 3603, 33),
(591, 'Kiangan', 3604, 33),
(592, 'Lagawe', 3600, 33),
(593, 'Lamut', 3605, 33),
(594, 'Mayoyao', 3602, 33),
(595, 'Tinoc', 3609, 33),
(596, 'Batac City', 2906, 34),
(597, 'Laoag City', 2900, 34),
(598, 'Adams', 2922, 34),
(599, 'Bacarra', 2916, 34),
(600, 'Badoc', 2904, 34),
(601, 'Bangui', 2920, 34),
(602, 'Banna', 0, 34),
(603, 'Burgos', 2918, 34),
(604, 'Carasi', 2911, 34),
(605, 'Currimao', 2903, 34),
(606, 'Dingras', 2913, 34),
(607, 'Dumalneg', 2921, 34),
(608, 'Marcos', 2907, 34),
(609, 'Nueva Era', 2909, 34),
(610, 'Pagudpud', 2919, 34),
(611, 'Paoay', 2902, 34),
(612, 'Pasuquin', 2917, 34),
(613, 'Piddig', 2912, 34),
(614, 'Pinili', 2905, 34),
(615, 'San Nicolas', 2901, 34),
(616, 'Sarrat', 2914, 34),
(617, 'Solsona', 2910, 34),
(618, 'Vintar', 2915, 34),
(619, 'Candon City', 2716, 35),
(620, 'Vigan City', 2700, 35),
(621, 'Alilem', 2716, 35),
(622, 'Banayoyo', 2708, 35),
(623, 'Bantay', 2727, 35),
(624, 'Burgos', 2724, 35),
(625, 'Cabugao', 2732, 35),
(626, 'Caoayan', 2702, 35),
(627, 'Cervantes', 2718, 35),
(628, 'Galimuyod', 2709, 35),
(629, 'Gregorio Del Pilar', 2720, 35),
(630, 'Lidlidda', 2723, 35),
(631, 'Magsingal', 2730, 35),
(632, 'Nagbukel', 2725, 35),
(633, 'Narvacan', 2704, 35),
(634, 'Quirino', 2721, 35),
(635, 'Salcedo', 2711, 35),
(636, 'San Emilio', 2722, 35),
(637, 'San Esteban', 2706, 35),
(638, 'San Ildefonso', 2728, 35),
(639, 'San Juan', 2731, 35),
(640, 'San Vicente', 2726, 35),
(641, 'Santa', 2703, 35),
(642, 'Santa Catalina', 2701, 35),
(643, 'Santa Cruz', 2713, 35),
(644, 'Santa Lucia', 2712, 35),
(645, 'Santa Maria', 2705, 35),
(646, 'Santiago', 2707, 35),
(647, 'Santo Domingo', 2729, 35),
(648, 'Sigay', 2719, 35),
(649, 'Sinait', 2733, 35),
(650, 'Sugpon', 2717, 35),
(651, 'Suyo', 2715, 35),
(652, 'Tagudin', 2714, 35),
(653, 'Iloilo City', 5000, 36),
(654, 'Passi City', 5037, 36),
(655, 'Ajuy', 5012, 36),
(656, 'Alimodian', 5028, 36),
(657, 'Anilao', 5009, 36),
(658, 'Badiangan', 5033, 36),
(659, 'Balasan', 5018, 36),
(660, 'Banate', 5010, 36),
(661, 'Barotac Nuevo', 5007, 36),
(662, 'Barotac Viejo', 5011, 36),
(663, 'Batad', 5016, 36),
(664, 'Bingawan', 5041, 36),
(665, 'Cabatuan', 5031, 36),
(666, 'Calinog', 5040, 36),
(667, 'Carles', 5019, 36),
(668, 'Concepcion', 5013, 36),
(669, 'Dingle', 5035, 36),
(670, 'Dueas', 5038, 36),
(671, 'Dumangas', 5006, 36),
(672, 'Estancia', 5017, 36),
(673, 'Guimbal', 5022, 36),
(674, 'Igbaras', 5029, 36),
(675, 'Janiuay', 5034, 36),
(676, 'Lambunao', 5042, 36),
(677, 'Leganes', 5003, 36),
(678, 'Lemery', 5043, 36),
(679, 'Leon', 5026, 36),
(680, 'Maasin', 5030, 36),
(681, 'Miagao', 5023, 36),
(682, 'Mina', 5032, 36),
(683, 'New Lucena', 5005, 36),
(684, 'Oton', 5020, 36),
(685, 'Pavia', 5001, 36),
(686, 'Pototan', 5008, 36),
(687, 'San Dionisio', 5015, 36),
(688, 'San Enrique', 5036, 36),
(689, 'San Joaquin', 5024, 36),
(690, 'San Miguel', 5025, 36),
(691, 'San Rafael', 5039, 36),
(692, 'Santa Barbara', 5002, 36),
(693, 'Sara', 5014, 36),
(694, 'Tigbauan', 5021, 36),
(695, 'Tubungan', 5027, 36),
(696, 'Zarraga', 5004, 36),
(697, 'Cauayan City', 3305, 37),
(698, 'Santiago City', 3311, 37),
(699, 'Alicia', 3306, 37),
(700, 'Angadanan', 3307, 37),
(701, 'Aurora', 3316, 37),
(702, 'Benito Soliven', 3331, 37),
(703, 'Burgos', 3322, 37),
(704, 'Cabagan', 3328, 37),
(705, 'Cabatuan', 3315, 37),
(706, 'Cordon', 3312, 37),
(707, 'Delfin Albano', 3326, 37),
(708, 'Dinapigue', 3336, 37),
(709, 'Divilacan', 3335, 37),
(710, 'Echague', 3309, 37),
(711, 'Gamu', 3301, 37),
(712, 'Ilagan', 3300, 37),
(713, 'Jones', 3313, 37),
(714, 'Luna', 3304, 37),
(715, 'Maconacon', 3333, 37),
(716, 'Mallig', 3323, 37),
(717, 'Naguilian', 3302, 37),
(718, 'Palanan', 3334, 37),
(719, 'Quezon', 3324, 37),
(720, 'Quirino', 3321, 37),
(721, 'Ramon', 3319, 37),
(722, 'Reina Mercedes', 3303, 37),
(723, 'Roxas', 3320, 37),
(724, 'San Agustin', 3314, 37),
(725, 'San Guillermo', 3308, 37),
(726, 'San Isidro', 3310, 37),
(727, 'San Manuel', 3317, 37),
(728, 'San Mariano', 3332, 37),
(729, 'San Mateo', 3318, 37),
(730, 'San Pablo', 3329, 37),
(731, 'Santa Maria', 3330, 37),
(732, 'Santo Tomas', 3327, 37),
(733, 'Tumauini', 3325, 37),
(734, 'Tabuk', 3800, 38),
(735, 'Balbalan', 3801, 38),
(736, 'Lubuagan', 3802, 38),
(737, 'Pasil', 3803, 38),
(738, 'Pinukpuk', 3806, 38),
(739, 'Rizal', 3808, 38),
(740, 'Tanudan', 3805, 38),
(741, 'Tinglayan', 3804, 38),
(742, 'San Fernando City', 2500, 39),
(743, 'Agoo', 2504, 39),
(744, 'Aringay', 2503, 39),
(745, 'Bacnotan', 2515, 39),
(746, 'Bagulin', 2512, 39),
(747, 'Balaoan', 2517, 39),
(748, 'Bangar', 2519, 39),
(749, 'Bauang', 2501, 39),
(750, 'Burgos', 2510, 39),
(751, 'Caba', 2502, 39),
(752, 'Luna', 2518, 39),
(753, 'Naguilian', 2511, 39),
(754, 'Pugo', 2508, 39),
(755, 'Rosario', 2506, 39),
(756, 'San Gabriel', 2513, 39),
(757, 'San Juan', 2514, 39),
(758, 'Santo Tomas', 2505, 39),
(759, 'Santol', 2516, 39),
(760, 'Sudipen', 2520, 39),
(761, 'Tubao', 2509, 39),
(762, 'Bian City', 4024, 40),
(763, 'Calamba City', 4027, 40),
(764, 'San Pablo City', 4000, 40),
(765, 'Santa Rosa City', 4026, 40),
(766, 'Alaminos', 4001, 40),
(767, 'Bay', 4033, 40),
(768, 'Cabuyao', 4025, 40),
(769, 'Calauan', 4012, 40),
(770, 'Cavinti', 4013, 40),
(771, 'Famy', 4021, 40),
(772, 'Kalayaan', 4015, 40),
(773, 'Liliw', 4004, 40),
(774, 'Los Baos', 4030, 40),
(775, 'Luisiana', 4032, 40),
(776, 'Lumban', 4014, 40),
(777, 'Mabitac', 4020, 40),
(778, 'Magdalena', 4007, 40),
(779, 'Majayjay', 4005, 40),
(780, 'Nagcarlan', 4002, 40),
(781, 'Paete', 4016, 40),
(782, 'Pagsanjan', 4008, 40),
(783, 'Pakil', 4017, 40),
(784, 'Pangil', 4018, 40),
(785, 'Pila', 4010, 40),
(786, 'Rizal', 4003, 40),
(787, 'San Pedro', 4023, 40),
(788, 'Santa Cruz', 4009, 40),
(789, 'Santa Maria', 4022, 40),
(790, 'Siniloan', 4019, 40),
(791, 'Victoria', 4011, 40),
(792, 'Iligan City', 9200, 41),
(793, 'Bacolod', 9205, 41),
(794, 'Baloi', 9217, 41),
(795, 'Baroy', 9210, 41),
(796, 'Kapatagan', 9214, 41),
(797, 'Kauswagan', 9202, 41),
(798, 'Kolambugan', 9207, 41),
(799, 'Lala', 9211, 41),
(800, 'Linamon', 9201, 41),
(801, 'Magsaysay', 9221, 41),
(802, 'Maigo', 9206, 41),
(803, 'Matungao', 9203, 41),
(804, 'Munai', 9219, 41),
(805, 'Nunungan', 9216, 41),
(806, 'Pantao Ragat', 9208, 41),
(807, 'Pantar', 9218, 41),
(808, 'Poona Piagapo', 9204, 41),
(809, 'Salvador', 9212, 41),
(810, 'Sapad', 9213, 41),
(811, 'Sultan Naga Dimaporo', 0, 41),
(812, 'Tagoloan', 9222, 41),
(813, 'Tangcal', 9220, 41),
(814, 'Tubod', 9209, 41),
(815, 'Marawi City', 0, 42),
(816, 'Bacolod-Kalawi', 0, 42),
(817, 'Balabagan', 0, 42),
(818, 'Balindong', 0, 42),
(819, 'Bayang', 0, 42),
(820, 'Binidayan', 0, 42),
(821, 'Buadiposo-Buntong', 0, 42),
(822, 'Bubong', 0, 42),
(823, 'Bumbaran', 0, 42),
(824, 'Butig', 0, 42),
(825, 'Calanogas', 0, 42),
(826, 'Ditsaan-Ramain', 0, 42),
(827, 'Ganassi', 0, 42),
(828, 'Kapai', 0, 42),
(829, 'Kapatagan', 0, 42),
(830, 'Lumba-Bayabao', 0, 42),
(831, 'Lumbaca-Unayan', 0, 42),
(832, 'Lumbatan', 0, 42),
(833, 'Lumbayanague', 0, 42),
(834, 'Madalum', 0, 42),
(835, 'Madamba', 0, 42),
(836, 'Maguing', 0, 42),
(837, 'Malabang', 0, 42),
(838, 'Marantao', 0, 42),
(839, 'Marogong', 0, 42),
(840, 'Masiu', 0, 42),
(841, 'Mulondo', 0, 42),
(842, 'Pagayawan', 0, 42),
(843, 'Piagapo', 0, 42),
(844, 'Poona Bayabao', 0, 42),
(845, 'Pualas', 0, 42),
(846, 'Saguiaran', 0, 42),
(847, 'Sultan Dumalondong', 0, 42),
(848, 'Picong', 0, 42),
(849, 'Tagoloan II', 0, 42),
(850, 'Tamparan', 0, 42),
(851, 'Taraka', 0, 42),
(852, 'Tubaran', 0, 42),
(853, 'Tugaya', 0, 42),
(854, 'Wao', 0, 42),
(855, 'Ormoc City', 6541, 43),
(856, 'Tacloban City', 6500, 43),
(857, 'Abuyog', 6510, 43),
(858, 'Alangalang', 6517, 43),
(859, 'Albuera', 6542, 43),
(860, 'Babatngon', 6520, 43),
(861, 'Barugo', 6519, 43),
(862, 'Bato', 6525, 43),
(863, 'Baybay', 6521, 43),
(864, 'Burauen', 6516, 43),
(865, 'Calubian', 6534, 43),
(866, 'Capoocan', 6530, 43),
(867, 'Carigara', 6529, 43),
(868, 'Dagami', 6515, 43),
(869, 'Dulag', 6505, 43),
(870, 'Hilongos', 6524, 43),
(871, 'Hindang', 6523, 43),
(872, 'Inopacan', 6522, 43),
(873, 'Isabel', 6539, 43),
(874, 'Jaro', 6527, 43),
(875, 'Javier', 6511, 43),
(876, 'Julita', 6506, 43),
(877, 'Kananga', 6531, 43),
(878, 'La Paz', 6508, 43),
(879, 'Leyte', 6533, 43),
(880, 'Liloan', 0, 43),
(881, 'MacArthur', 6509, 43),
(882, 'Mahaplag', 6512, 43),
(883, 'Matag-ob', 6532, 43),
(884, 'Matalom', 6526, 43),
(885, 'Mayorga', 6507, 43),
(886, 'Merida', 6540, 43),
(887, 'Palo', 6501, 43),
(888, 'Palompon', 6538, 43),
(889, 'Pastrana', 6514, 43),
(890, 'San Isidro', 6535, 43),
(891, 'San Miguel', 6518, 43),
(892, 'Santa Fe', 6513, 43),
(893, 'Sogod', 0, 43),
(894, 'Tabango', 6536, 43),
(895, 'Tabontabon', 6504, 43),
(896, 'Tanauan', 6502, 43),
(897, 'Tolosa', 6503, 43),
(898, 'Tunga', 6528, 43),
(899, 'Villaba', 6537, 43),
(900, 'Cotabato City', 9600, 44),
(901, 'Ampatuan', 9609, 44),
(902, 'Barira', 9614, 44),
(903, 'Buldon', 9615, 44),
(904, 'Buluan', 9616, 44),
(905, 'Datu Abdullah Sangki', 0, 44),
(906, 'Datu Anggal Midtimbang', 0, 44),
(907, 'Datu Blah T. Sinsuat', 9601, 44),
(908, 'Datu Hoffer Ampatuan', 0, 44),
(909, 'Datu Montawal', 0, 44),
(910, 'Datu Odin Sinsuat', 0, 44),
(911, 'Datu Paglas', 9617, 44),
(912, 'Datu Piang', 9607, 44),
(913, 'Datu Salibo', 0, 44),
(914, 'Datu Saudi-Ampatuan', 0, 44),
(915, 'Datu Unsay', 0, 44),
(916, 'General Salipada K. Pendatun', 0, 44),
(917, 'Guindulungan', 0, 44),
(918, 'Kabuntalan', 9606, 44),
(919, 'Mamasapano', 0, 44),
(920, 'Mangudadatu', 0, 44),
(921, 'Matanog', 9613, 44),
(922, 'Northern Kabuntalan', 0, 44),
(923, 'Pagalungan', 9610, 44),
(924, 'Paglat', 0, 44),
(925, 'Pandag', 0, 44),
(926, 'Parang', 9604, 44),
(927, 'Rajah Buayan', 0, 44),
(928, 'Shariff Aguak', 0, 44),
(929, 'Shariff Saydona Mustapha', 0, 44),
(930, 'South Upi', 0, 44),
(931, 'Sultan Kudarat', 9605, 44),
(932, 'Sultan Mastura', 0, 44),
(933, 'Sultan sa Barongis', 0, 44),
(934, 'Talayan', 9612, 44),
(935, 'Talitay', 0, 44),
(936, 'Upi', 9602, 44),
(937, 'Boac', 0, 45),
(938, 'Buenavista', 0, 45),
(939, 'Gasan', 0, 45),
(940, 'Mogpog', 0, 45),
(941, 'Santa Cruz', 0, 45),
(942, 'Torrijos', 0, 45),
(943, 'Masbate City', 5400, 46),
(944, 'Aroroy', 5414, 46),
(945, 'Baleno', 5413, 46),
(946, 'Balud', 5412, 46),
(947, 'Batuan', 5415, 46),
(948, 'Cataingan', 5405, 46),
(949, 'Cawayan', 5405, 46),
(950, 'Claveria', 5419, 46),
(951, 'Dimasalang', 5403, 46),
(952, 'Esperanza', 5407, 46),
(953, 'Mandaon', 5411, 46),
(954, 'Milagros', 5410, 46),
(955, 'Mobo', 5401, 46),
(956, 'Monreal', 5418, 46),
(957, 'Palanas', 5404, 46),
(958, 'Pio V. Corpuz', 5406, 46),
(959, 'Placer', 5408, 46),
(960, 'San Fernando', 5416, 46),
(961, 'San Jacinto', 5417, 46),
(962, 'San Pascual', 5420, 46),
(963, 'Uson', 5402, 46),
(964, 'Caloocan', 0, 47),
(965, 'Las Pias', 0, 47),
(966, 'Makati', 0, 47),
(967, 'Malabon', 0, 47),
(968, 'Mandaluyong', 0, 47),
(969, 'Manila', 0, 47),
(970, 'Marikina', 0, 47),
(971, 'Muntinlupa', 0, 47),
(972, 'Navotas', 0, 47),
(973, 'Paraaque', 0, 47),
(974, 'Pasay', 0, 47),
(975, 'Pasig', 0, 47),
(976, 'Quezon City', 0, 47),
(977, 'San Juan City', 0, 47),
(978, 'Taguig', 0, 47),
(979, 'Valenzuela City', 0, 47),
(980, 'Pateros', 0, 47),
(981, 'Oroquieta City', 7207, 48),
(982, 'Ozamiz City', 7200, 48),
(983, 'Tangub City', 7214, 48),
(984, 'Aloran', 7206, 48),
(985, 'Baliangao', 7211, 48),
(986, 'Bonifacio', 7215, 48),
(987, 'Calamba', 7210, 48),
(988, 'Clarin', 7201, 48),
(989, 'Concepcion', 7213, 48),
(990, 'Don Victoriano Chiongbian', 0, 48),
(991, 'Jimenez', 7204, 48),
(992, 'Lopez Jaena', 7208, 48),
(993, 'Panaon', 7205, 48),
(994, 'Plaridel', 7209, 48),
(995, 'Sapang Dalaga', 7212, 48),
(996, 'Sinacaban', 7203, 48),
(997, 'Tudela', 7202, 48),
(998, 'Cagayan de Oro', 9000, 49),
(999, 'Gingoog City', 9014, 49),
(1000, 'Alubijid', 9018, 49),
(1001, 'Balingasag', 9005, 49),
(1002, 'Balingoan', 9011, 49),
(1003, 'Binuangan', 9008, 49),
(1004, 'Claveria', 9004, 49),
(1005, 'El Salvador', 9017, 49),
(1006, 'Gitagum', 9020, 49),
(1007, 'Initao', 9022, 49),
(1008, 'Jasaan', 9003, 49),
(1009, 'Kinoguitan', 9010, 49),
(1010, 'Lagonglong', 9006, 49),
(1011, 'Laguindingan', 9019, 49),
(1012, 'Libertad', 9021, 49),
(1013, 'Lugait', 9025, 49),
(1014, 'Magsaysay', 9015, 49),
(1015, 'Manticao', 9024, 49),
(1016, 'Medina', 9013, 49),
(1017, 'Naawan', 9023, 49),
(1018, 'Opol', 9016, 49),
(1019, 'Salay', 9007, 49),
(1020, 'Sugbongcogon', 9009, 49),
(1021, 'Tagoloan', 9001, 49),
(1022, 'Talisayan', 9012, 49),
(1023, 'Villanueva', 9002, 49),
(1024, 'Barlig', 2623, 50),
(1025, 'Bauko', 2621, 50),
(1026, 'Besao', 2618, 50),
(1027, 'Bontoc', 2616, 50),
(1028, 'Natonin', 2624, 50),
(1029, 'Paracelis', 2625, 50),
(1030, 'Sabangan', 2622, 50),
(1031, 'Sadanga', 2617, 50),
(1032, 'Sagada', 2619, 50),
(1033, 'Tadian', 2620, 50),
(1034, 'Bacolod City', 6100, 51),
(1035, 'Bago City', 6101, 51),
(1036, 'Cadiz City', 6121, 51),
(1037, 'Escalante City', 6124, 51),
(1038, 'Himamaylan City', 6108, 51),
(1039, 'Kabankalan City', 6100, 51),
(1040, 'La Carlota City', 6130, 51),
(1041, 'Sagay City', 6122, 51),
(1042, 'San Carlos City', 6127, 51),
(1043, 'Silay City', 6116, 51),
(1044, 'Sipalay City', 6113, 51),
(1045, 'Talisay City', 6115, 51),
(1046, 'Victorias City', 6119, 51),
(1047, 'Binalbagan', 6107, 51),
(1048, 'Calatrava', 6126, 51),
(1049, 'Candoni', 6110, 51),
(1050, 'Cauayan', 0, 51),
(1051, 'Enrique B. Magalona', 6118, 51),
(1052, 'Hinigaran', 6106, 51),
(1053, 'Hinoba-an', 6114, 51),
(1054, 'Ilog', 6109, 51),
(1055, 'Isabela', 6128, 51),
(1056, 'La Castellana', 6131, 51),
(1057, 'Manapla', 6120, 51),
(1058, 'Moises Padilla', 6132, 51),
(1059, 'Murcia', 6129, 51),
(1060, 'Pontevedra', 6105, 51),
(1061, 'Pulupandan', 6102, 51),
(1062, 'Salvador Benedicto', 0, 51),
(1063, 'San Enrique', 6104, 51),
(1064, 'Toboso', 6125, 51),
(1065, 'Valladolid', 6103, 51),
(1066, 'Bais City', 6206, 52),
(1067, 'Bayawan City', 6221, 52),
(1068, 'Canlaon City', 6223, 52),
(1069, 'Guihulngan City', 6214, 52),
(1070, 'Dumaguete City', 6200, 52),
(1071, 'Tanjay City', 6204, 52),
(1072, 'Amlan', 6203, 52),
(1073, 'Ayungon', 6210, 52),
(1074, 'Bacong', 6216, 52),
(1075, 'Basay', 6222, 52),
(1076, 'Bindoy', 6209, 52),
(1077, 'Dauin', 6217, 52),
(1078, 'Jimalalud', 6212, 52),
(1079, 'La Libertad', 6213, 52),
(1080, 'Mabinay', 6208, 52),
(1081, 'Manjuyod', 6208, 52),
(1082, 'Pamplona', 6205, 52),
(1083, 'San Jose', 6202, 52),
(1084, 'Santa Catalina', 6220, 52),
(1085, 'Siaton', 6219, 52),
(1086, 'Sibulan', 6201, 52),
(1087, 'Tayasan', 6211, 52),
(1088, 'Valencia', 6215, 52),
(1089, 'Vallehermoso', 6224, 52),
(1090, 'Zamboanguita', 6218, 52),
(1091, 'Allen', 6405, 53),
(1092, 'Biri', 6410, 53),
(1093, 'Bobon', 6401, 53),
(1094, 'Capul', 6408, 53),
(1095, 'Catarman', 6400, 53),
(1096, 'Catubig', 6418, 53),
(1097, 'Gamay', 6422, 53),
(1098, 'Laoang', 6411, 53),
(1099, 'Lapinig', 6423, 53),
(1100, 'Las Navas', 6420, 53),
(1101, 'Lavezares', 6404, 53),
(1102, 'Lope de Vega', 6403, 53),
(1103, 'Mapanas', 6412, 53),
(1104, 'Mondragon', 6417, 53),
(1105, 'Palapag', 6421, 53),
(1106, 'Pambujan', 6413, 53),
(1107, 'Rosario', 6416, 53),
(1108, 'San Antonio', 6407, 53),
(1109, 'San Isidro', 6409, 53),
(1110, 'San Jose', 6402, 53),
(1111, 'San Roque', 6415, 53),
(1112, 'San Vicente', 6419, 53),
(1113, 'Silvino Lobos', 6414, 53),
(1114, 'Victoria', 6406, 53),
(1115, 'Cabanatuan City', 3100, 54),
(1116, 'Gapan City', 3105, 54),
(1117, 'Science City of Muoz', 0, 54),
(1118, 'Palayan City', 3132, 54),
(1119, 'San Jose City', 3121, 54),
(1120, 'Aliaga', 3111, 54),
(1121, 'Bongabon', 3128, 54),
(1122, 'Cabiao', 3107, 54),
(1123, 'Carranglan', 3123, 54),
(1124, 'Cuyapo', 3117, 54),
(1125, 'Gabaldon', 3131, 54),
(1126, 'General Mamerto Natividad', 3125, 54),
(1127, 'General Tinio', 3104, 54),
(1128, 'Guimba', 3115, 54),
(1129, 'Jaen', 3109, 54),
(1130, 'Laur', 3129, 54),
(1131, 'Licab', 3112, 54),
(1132, 'Llanera', 3126, 54),
(1133, 'Lupao', 3122, 54),
(1134, 'Nampicuan', 3116, 54),
(1135, 'Pantabangan', 3124, 54),
(1136, 'Pearanda', 3103, 54),
(1137, 'Quezon', 3113, 54),
(1138, 'Rizal', 3127, 54),
(1139, 'San Antonio', 3108, 54),
(1140, 'San Isidro', 3106, 54),
(1141, 'San Leonardo', 3102, 54),
(1142, 'Santa Rosa', 3101, 54),
(1143, 'Santo Domingo', 3133, 54),
(1144, 'Talavera', 3114, 54),
(1145, 'Talugtug', 3118, 54),
(1146, 'Zaragoza', 3110, 54),
(1147, 'Alfonso Castaneda', 3714, 55),
(1148, 'Ambaguio', 3701, 55),
(1149, 'Aritao', 3704, 55),
(1150, 'Bagabag', 3711, 55),
(1151, 'Bambang', 3702, 55),
(1152, 'Bayombong', 3700, 55),
(1153, 'Diadi', 3712, 55),
(1154, 'Dupax del Norte', 3706, 55),
(1155, 'Dupax del Sur', 3707, 55),
(1156, 'Kasibu', 3703, 55),
(1157, 'Kayapa', 3708, 55),
(1158, 'Quezon', 3713, 55),
(1159, 'Santa Fe', 3705, 55),
(1160, 'Solano', 3709, 55),
(1161, 'Villaverde', 3710, 55),
(1162, 'Abra de Ilog', 5108, 56),
(1163, 'Calintaan', 5102, 56),
(1164, 'Looc', 5111, 56),
(1165, 'Lubang', 5109, 56),
(1166, 'Magsaysay', 5101, 56),
(1167, 'Mamburao', 5106, 56),
(1168, 'Paluan', 5107, 56),
(1169, 'Rizal', 5103, 56),
(1170, 'Sablayan', 5104, 56),
(1171, 'San Jose', 5100, 56),
(1172, 'Santa Cruz', 5105, 56),
(1173, 'Calapan City', 5200, 57),
(1174, 'Baco', 5201, 57),
(1175, 'Bansud', 5210, 57),
(1176, 'Bongabong', 5211, 57),
(1177, 'Bulalacao', 5214, 57),
(1178, 'Gloria', 5209, 57),
(1179, 'Mansalay', 5208, 57),
(1180, 'Naujan', 0, 57),
(1181, 'Pinamalayan', 0, 57),
(1182, 'Pola', 5206, 57),
(1183, 'Puerto Galera', 5203, 57),
(1184, 'Roxas', 5212, 57),
(1185, 'San Teodoro', 5202, 57),
(1186, 'Socorro', 5207, 57),
(1187, 'Victoria', 5205, 57),
(1188, 'Puerto Princesa City', 5300, 58),
(1189, 'Aborlan', 5302, 58),
(1190, 'Agutaya', 5320, 58),
(1191, 'Araceli', 5311, 58),
(1192, 'Balabac', 5307, 58),
(1193, 'Bataraza', 5306, 58),
(1194, 'Brooke\'s Point', 5305, 58),
(1195, 'Busuanga', 5317, 58),
(1196, 'Cagayancillo', 5321, 58),
(1197, 'Coron', 5316, 58),
(1198, 'Culion', 5315, 58),
(1199, 'Cuyo', 5318, 58),
(1200, 'Dumaran', 5310, 58),
(1201, 'El Nido', 5313, 58),
(1202, 'Kalayaan', 5322, 58),
(1203, 'Linapacan', 5314, 58),
(1204, 'Magsaysay', 5319, 58),
(1205, 'Narra', 5303, 58),
(1206, 'Quezon', 5304, 58),
(1207, 'Rizal', 0, 58),
(1208, 'Roxas', 5308, 58),
(1209, 'San Vicente', 5309, 58),
(1210, 'Sofronio Espaola', 0, 58),
(1211, 'Taytay', 5312, 58),
(1212, 'Angeles City', 2009, 59),
(1213, 'City of San Fernando', 2000, 59),
(1214, 'Apalit', 2016, 59),
(1215, 'Arayat', 2012, 59),
(1216, 'Bacolor', 2001, 59),
(1217, 'Candaba', 2013, 59),
(1218, 'Floridablanca', 2006, 59),
(1219, 'Guagua', 2003, 59),
(1220, 'Lubao', 2005, 59),
(1221, 'Mabalacat', 2010, 59),
(1222, 'Macabebe', 2018, 59),
(1223, 'Magalang', 2011, 59),
(1224, 'Masantol', 2017, 59),
(1225, 'Mexico', 2021, 59),
(1226, 'Minalin', 2019, 59),
(1227, 'Porac', 2008, 59),
(1228, 'San Luis', 2014, 59),
(1229, 'San Simon', 2015, 59),
(1230, 'Santa Ana', 2022, 59),
(1231, 'Santa Rita', 2002, 59),
(1232, 'Santo Tomas', 2020, 59),
(1233, 'Sasmuan', 2004, 59),
(1234, 'Alaminos City', 2404, 60),
(1235, 'Dagupan City', 2400, 60),
(1236, 'San Carlos City', 2420, 60),
(1237, 'Urdaneta City', 2428, 60),
(1238, 'Agno', 2408, 60),
(1239, 'Aguilar', 2415, 60),
(1240, 'Alcala', 2425, 60),
(1241, 'Anda', 2405, 60),
(1242, 'Asingan', 2439, 60),
(1243, 'Balungao', 2442, 60),
(1244, 'Bani', 2407, 60),
(1245, 'Basista', 2422, 60),
(1246, 'Bautista', 2424, 60),
(1247, 'Bayambang', 2423, 60),
(1248, 'Binalonan', 2436, 60),
(1249, 'Binmaley', 2417, 60),
(1250, 'Bolinao', 2406, 60),
(1251, 'Bugallon', 2416, 60),
(1252, 'Burgos', 2410, 60),
(1253, 'Calasiao', 2418, 60),
(1254, 'Dasol', 2411, 60),
(1255, 'Infanta', 2412, 60),
(1256, 'Labrador', 2402, 60),
(1257, 'Laoac', 2437, 60),
(1258, 'Lingayen', 2401, 60),
(1259, 'Mabini', 2409, 60),
(1260, 'Malasiqui', 2421, 60),
(1261, 'Manaoag', 2430, 60),
(1262, 'Mangaldan', 2432, 60),
(1263, 'Mangatarem', 2413, 60),
(1264, 'Mapandan', 2429, 60),
(1265, 'Natividad', 2446, 60),
(1266, 'Pozzorubio', 2435, 60),
(1267, 'Rosales', 2441, 60),
(1268, 'San Fabian', 2433, 60),
(1269, 'San Jacinto', 2431, 60),
(1270, 'San Manuel', 2438, 60),
(1271, 'San Nicolas', 2447, 60),
(1272, 'San Quintin', 2444, 60),
(1273, 'Santa Barbara', 2419, 60),
(1274, 'Santa Maria', 2440, 60),
(1275, 'Santo Tomas', 2426, 60),
(1276, 'Sison', 2434, 60),
(1277, 'Sual', 2403, 60),
(1278, 'Tayug', 2445, 60),
(1279, 'Umingan', 2443, 60),
(1280, 'Urbiztondo', 2414, 60),
(1281, 'Villasis', 2427, 60),
(1282, 'Lucena City', 4301, 61),
(1283, 'Tayabas City', 4327, 61),
(1284, 'Agdangan', 4304, 61),
(1285, 'Alabat', 4333, 61),
(1286, 'Atimonan', 4331, 61),
(1287, 'Buenavista', 4320, 61),
(1288, 'Burdeos', 4340, 61),
(1289, 'Calauag', 4318, 61),
(1290, 'Candelaria', 4323, 61),
(1291, 'Catanauan', 4311, 61),
(1292, 'Dolores', 4326, 61),
(1293, 'General Luna', 4310, 61),
(1294, 'General Nakar', 4338, 61),
(1295, 'Guinayangan', 4319, 61),
(1296, 'Gumaca', 4306, 61),
(1297, 'Infanta', 4336, 61),
(1298, 'Jomalig', 4342, 61),
(1299, 'Lopez', 4316, 61),
(1300, 'Lucban', 4328, 61),
(1301, 'Macalelon', 4309, 61),
(1302, 'Mauban', 4330, 61),
(1303, 'Mulanay', 4312, 61),
(1304, 'Padre Burgos', 4303, 61),
(1305, 'Pagbilao', 4302, 61),
(1306, 'Panukulan', 4337, 61),
(1307, 'Patnanungan', 4341, 61),
(1308, 'Perez', 4334, 61),
(1309, 'Pitogo', 4308, 61),
(1310, 'Plaridel', 4306, 61),
(1311, 'Polillo', 4339, 61),
(1312, 'Quezon', 4332, 61),
(1313, 'Real', 4335, 61),
(1314, 'Sampaloc', 4329, 61),
(1315, 'San Andres', 4314, 61),
(1316, 'San Antonio', 4324, 61),
(1317, 'San Francisco', 4315, 61),
(1318, 'San Narciso', 4313, 61),
(1319, 'Sariaya', 4322, 61),
(1320, 'Tagkawayan', 4321, 61),
(1321, 'Tiaong', 4325, 61),
(1322, 'Unisan', 4305, 61),
(1323, 'Aglipay', 3403, 62),
(1324, 'Cabarroguis', 3400, 62),
(1325, 'Diffun', 3401, 62),
(1326, 'Maddela', 3404, 62),
(1327, 'Nagtipunan', 3405, 62),
(1328, 'Saguday', 3402, 62),
(1329, 'Antipolo City', 1870, 63),
(1330, 'Angono', 1930, 63),
(1331, 'Baras', 1970, 63),
(1332, 'Binangonan', 1940, 63),
(1333, 'Cainta', 1900, 63),
(1334, 'Cardona', 1950, 63),
(1335, 'Jalajala', 1990, 63),
(1336, 'Morong', 1960, 63),
(1337, 'Pililla', 1910, 63),
(1338, 'Rodriguez', 1860, 63),
(1339, 'San Mateo', 1850, 63),
(1340, 'Tanay', 1980, 63),
(1341, 'Taytay', 1920, 63),
(1342, 'Teresa', 0, 63),
(1343, 'Alcantara', 5509, 64),
(1344, 'Banton', 5515, 64),
(1345, 'Cajidiocan', 5512, 64),
(1346, 'Calatrava', 5503, 64),
(1347, 'Concepcion', 5516, 64),
(1348, 'Corcuera', 5514, 64),
(1349, 'Ferrol', 5506, 64),
(1350, 'Looc', 5507, 64),
(1351, 'Magdiwang', 5511, 64),
(1352, 'Odiongan', 5505, 64),
(1353, 'Romblon', 5500, 64),
(1354, 'San Agustin', 5501, 64),
(1355, 'San Andres', 5504, 64),
(1356, 'San Fernando', 5513, 64),
(1357, 'San Jose', 5510, 64),
(1358, 'Santa Fe', 5508, 64),
(1359, 'Santa Maria', 0, 64),
(1360, 'Calbayog City', 6710, 65),
(1361, 'Catbalogan City', 6700, 65),
(1362, 'Almagro', 6724, 65),
(1363, 'Basey', 6720, 65),
(1364, 'Calbiga', 6715, 65),
(1365, 'Daram', 6722, 65),
(1366, 'Gandara', 6706, 65),
(1367, 'Hinabangan', 6713, 65),
(1368, 'Jiabong', 6701, 65),
(1369, 'Marabut', 6721, 65),
(1370, 'Matuguinao', 6708, 65),
(1371, 'Motiong', 6702, 65),
(1372, 'Pagsanghan', 6705, 65),
(1373, 'Paranas', 0, 65),
(1374, 'Pinabacdao', 6716, 65),
(1375, 'San Jorge', 6707, 65),
(1376, 'San Jose De Buan', 6723, 65),
(1377, 'San Sebastian', 6714, 65),
(1378, 'Santa Margarita', 6709, 65),
(1379, 'Santa Rita', 6718, 65),
(1380, 'Santo Nio', 6711, 65),
(1381, 'Tagapul-an', 6712, 65),
(1382, 'Talalora', 6719, 65),
(1383, 'Tarangnan', 6704, 65),
(1384, 'Villareal', 6717, 65),
(1385, 'Zumarraga', 6725, 65),
(1386, 'Alabel', 9501, 66),
(1387, 'Glan', 9517, 66),
(1388, 'Kiamba', 9514, 66),
(1389, 'Maasim', 9502, 66),
(1390, 'Maitum', 9515, 66),
(1391, 'Malapatan', 9516, 66),
(1392, 'Malungon', 9503, 66),
(1393, 'Enrique Villanueva', 6230, 67),
(1394, 'Larena', 6226, 67),
(1395, 'Lazi', 6228, 67),
(1396, 'Maria', 6229, 67),
(1397, 'San Juan', 6227, 67),
(1398, 'Siquijor', 6225, 67),
(1399, 'Sorsogon City', 4700, 68),
(1400, 'Barcelona', 4712, 68),
(1401, 'Bulan', 4706, 68),
(1402, 'Bulusan', 4704, 68),
(1403, 'Casiguran', 4702, 68),
(1404, 'Castilla', 4713, 68),
(1405, 'Donsol', 4715, 68),
(1406, 'Gubat', 4710, 68),
(1407, 'Irosin', 4707, 68),
(1408, 'Juban', 4703, 68),
(1409, 'Magallanes', 4705, 68),
(1410, 'Matnog', 4708, 68),
(1411, 'Pilar', 4714, 68),
(1412, 'Prieto Diaz', 4711, 68),
(1413, 'Santa Magdalena', 4709, 68),
(1414, 'General Santos City', 9500, 69),
(1415, 'Koronadal City', 9506, 69),
(1416, 'Banga', 9511, 69),
(1417, 'Lake Sebu', 0, 69),
(1418, 'Norala', 9508, 69),
(1419, 'Polomolok', 9504, 69),
(1420, 'Santo Nio', 9509, 69),
(1421, 'Surallah', 9512, 69),
(1422, 'T\'boli', 9513, 69),
(1423, 'Tampakan', 0, 69),
(1424, 'Tantangan', 9510, 69),
(1425, 'Tupi', 9505, 69),
(1426, 'Maasin City', 6600, 70),
(1427, 'Anahawan', 6610, 70),
(1428, 'Bontoc', 6604, 70),
(1429, 'Hinunangan', 6608, 70),
(1430, 'Hinundayan', 6609, 70),
(1431, 'Libagon', 6615, 70),
(1432, 'Liloan', 6612, 70),
(1433, 'Limasawa', 0, 70),
(1434, 'Macrohon', 6601, 70),
(1435, 'Malitbog', 6603, 70),
(1436, 'Padre Burgos', 6602, 70),
(1437, 'Pintuyan', 6614, 70),
(1438, 'Saint Bernard', 6616, 70),
(1439, 'San Francisco', 6613, 70),
(1440, 'San Juan', 6611, 70),
(1441, 'San Ricardo', 6617, 70),
(1442, 'Silago', 6607, 70),
(1443, 'Sogod', 6606, 70),
(1444, 'Tomas Oppus', 6605, 70),
(1445, 'Tacurong City', 0, 71),
(1446, 'Bagumbayan', 9810, 71),
(1447, 'Columbio', 9801, 71),
(1448, 'Esperanza', 9806, 71),
(1449, 'Isulan', 9805, 71),
(1450, 'Kalamansig', 9808, 71),
(1451, 'Lambayong', 0, 71),
(1452, 'Lebak', 9807, 71),
(1453, 'Lutayan', 9803, 71),
(1454, 'Palimbang', 9809, 71),
(1455, 'President Quirino', 9804, 71),
(1456, 'Senator Ninoy Aquino', 9811, 71),
(1457, 'Banguingui', 0, 72),
(1458, 'Hadji Panglima Tahil', 0, 72),
(1459, 'Indanan', 7407, 72),
(1460, 'Jolo', 7400, 72),
(1461, 'Kalingalan Caluang', 7416, 72),
(1462, 'Lugus', 7411, 72),
(1463, 'Luuk', 7404, 72),
(1464, 'Maimbung', 7409, 72),
(1465, 'Old Panamao', 7402, 72),
(1466, 'Omar', 0, 72),
(1467, 'Pandami', 0, 72),
(1468, 'Panglima Estino', 7415, 72),
(1469, 'Pangutaran', 7414, 72),
(1470, 'Parang', 7408, 72),
(1471, 'Pata', 7405, 72),
(1472, 'Patikul', 7401, 72),
(1473, 'Siasi', 7412, 72),
(1474, 'Talipao', 7403, 72),
(1475, 'Tapul', 7410, 72),
(1476, 'Surigao City', 8400, 73),
(1477, 'Alegria', 8425, 73),
(1478, 'Bacuag', 8408, 73),
(1479, 'Basilisa', 8413, 73),
(1480, 'Burgos', 8424, 73),
(1481, 'Cagdianao', 8411, 73),
(1482, 'Claver', 8410, 73),
(1483, 'Dapa', 8417, 73),
(1484, 'Del Carmen', 8418, 73),
(1485, 'Dinagat', 8412, 73),
(1486, 'General Luna', 8419, 73),
(1487, 'Gigaquit', 8409, 73),
(1488, 'Libjo', 8414, 73),
(1489, 'Loreto', 8415, 73),
(1490, 'Mainit', 8407, 73),
(1491, 'Malimono', 8402, 73),
(1492, 'Pilar', 8420, 73),
(1493, 'Placer', 8405, 73),
(1494, 'San Benito', 8423, 73),
(1495, 'San Francisco', 8401, 73),
(1496, 'San Isidro', 8421, 73),
(1497, 'San Jose', 8427, 73),
(1498, 'Santa Monica', 8422, 73),
(1499, 'Sison', 8404, 73),
(1500, 'Socorro', 8416, 73),
(1501, 'Tagana-an', 8403, 73),
(1502, 'Tubajon', 8426, 73),
(1503, 'Tubod', 8406, 73),
(1504, 'Bislig City', 8311, 74),
(1505, 'Tandag City', 8300, 74),
(1506, 'Barobo', 8309, 74),
(1507, 'Bayabas', 8303, 74),
(1508, 'Cagwait', 8311, 74),
(1509, 'Cantilan', 8317, 74),
(1510, 'Carmen', 8315, 74),
(1511, 'Carrascal', 8318, 74),
(1512, 'Cortes', 8313, 74),
(1513, 'Hinatuan', 8310, 74),
(1514, 'Lanuza', 8314, 74),
(1515, 'Lianga', 8307, 74),
(1516, 'Lingig', 8312, 74),
(1517, 'Madrid', 8316, 74),
(1518, 'Marihatag', 8306, 74),
(1519, 'San Agustin', 8305, 74),
(1520, 'San Miguel', 8301, 74),
(1521, 'Tagbina', 8308, 74),
(1522, 'Tago', 8302, 74),
(1523, 'Tarlac City', 2300, 75),
(1524, 'Anao', 2310, 75),
(1525, 'Bamban', 2317, 75),
(1526, 'Camiling', 2306, 75),
(1527, 'Capas', 2315, 75),
(1528, 'Concepcion', 2316, 75),
(1529, 'Gerona', 2302, 75),
(1530, 'La Paz', 2314, 75),
(1531, 'Mayantoc', 2304, 75),
(1532, 'Moncada', 2308, 75),
(1533, 'Paniqui', 2307, 75),
(1534, 'Pura', 2312, 75),
(1535, 'Ramos', 2311, 75),
(1536, 'San Clemente', 2305, 75),
(1537, 'San Jose', 0, 75),
(1538, 'San Manuel', 2309, 75),
(1539, 'Santa Ignacia', 2303, 75),
(1540, 'Victoria', 2313, 75),
(1541, 'Bongao', 7500, 76),
(1542, 'Languyan', 7509, 76),
(1543, 'Mapun', 0, 76),
(1544, 'Panglima Sugala', 0, 76),
(1545, 'Sapa-Sapa', 7503, 76),
(1546, 'Sibutu', 0, 76),
(1547, 'Simunul', 7505, 76),
(1548, 'Sitangkai', 7506, 76),
(1549, 'South Ubian', 7504, 76),
(1550, 'Tandubas', 7502, 76),
(1551, 'Turtle Islands', 7507, 76),
(1552, 'Olongapo City', 7507, 77),
(1553, 'Botolan', 2202, 77),
(1554, 'Cabangan', 2203, 77),
(1555, 'Candelaria', 2212, 77),
(1556, 'Castillejos', 2208, 77),
(1557, 'Iba', 2201, 77),
(1558, 'Masinloc', 2211, 77),
(1559, 'Palauig', 2210, 77),
(1560, 'San Antonio', 2206, 77),
(1561, 'San Felipe', 2204, 77),
(1562, 'San Marcelino', 2207, 77),
(1563, 'San Narciso', 2205, 77),
(1564, 'Santa Cruz', 2213, 77),
(1565, 'Subic', 2209, 77),
(1566, 'Dapitan City', 7101, 78),
(1567, 'Dipolog City', 7100, 78),
(1568, 'Bacungan', 0, 78),
(1569, 'Baliguian', 7123, 78),
(1570, 'Godod', 0, 78),
(1571, 'Gutalac', 7108, 78),
(1572, 'Jose Dalman', 7111, 78),
(1573, 'Kalawit', 7124, 78),
(1574, 'Katipunan', 7109, 78),
(1575, 'La Libertad', 7119, 78),
(1576, 'Labason', 7117, 78),
(1577, 'Liloy', 7115, 78),
(1578, 'Manukan', 7110, 78),
(1579, 'Mutia', 7107, 78),
(1580, 'Pian', 7105, 78),
(1581, 'Polanco', 7106, 78),
(1582, 'President Manuel A. Roxas', 7102, 78),
(1583, 'Rizal', 7104, 78),
(1584, 'Salug', 7114, 78),
(1585, 'Sergio Osmea Sr.', 7108, 78),
(1586, 'Siayan', 7113, 78),
(1587, 'Sibuco', 7122, 78),
(1588, 'Sibutad', 7103, 78),
(1589, 'Sindangan', 7112, 78),
(1590, 'Siocon', 7120, 78),
(1591, 'Sirawai', 7121, 78),
(1592, 'Tampilisan', 7116, 78),
(1593, 'Pagadian City', 7016, 79),
(1594, 'Zamboanga City', 7000, 79),
(1595, 'Aurora', 7020, 79),
(1596, 'Bayog', 7011, 79),
(1597, 'Dimataling', 7032, 79),
(1598, 'Dinas', 7030, 79),
(1599, 'Dumalinao', 7015, 79),
(1600, 'Dumingag', 7028, 79),
(1601, 'Guipos', 7042, 79),
(1602, 'Josefina', 7027, 79),
(1603, 'Kumalarang', 7013, 79),
(1604, 'Labangan', 7017, 79),
(1605, 'Lakewood', 7014, 79),
(1606, 'Lapuyan', 7037, 79),
(1607, 'Mahayag', 7026, 79),
(1608, 'Margosatubig', 7035, 79),
(1609, 'Midsalip', 7021, 79),
(1610, 'Molave', 7023, 79),
(1611, 'Pitogo', 7033, 79),
(1612, 'Ramon Magsaysay', 7024, 79),
(1613, 'San Miguel', 7029, 79),
(1614, 'San Pablo', 7031, 79),
(1615, 'Sominot', 0, 79),
(1616, 'Tabina', 7034, 79),
(1617, 'Tambulig', 7025, 79),
(1618, 'Tigbao', 7043, 79),
(1619, 'Tukuran', 7019, 79),
(1620, 'Vincenzo A. Sagun', 0, 79),
(1621, 'Alicia', 7040, 80),
(1622, 'Buug', 7009, 80),
(1623, 'Diplahan', 7039, 80),
(1624, 'Imelda', 7007, 80),
(1625, 'Ipil', 7001, 80),
(1626, 'Kabasalan', 7005, 80),
(1627, 'Mabuhay', 7010, 80),
(1628, 'Malangas', 7038, 80),
(1629, 'Naga', 7004, 80),
(1630, 'Olutanga', 7041, 80),
(1631, 'Payao', 7008, 80),
(1632, 'Roseller Lim', 7002, 80),
(1633, 'Siay', 7006, 80),
(1634, 'Talusan', 7012, 80),
(1635, 'Titay', 7003, 80),
(1636, 'Tungawan', 7018, 80),
(1637, 'Danao', 6004, 25);

-- --------------------------------------------------------

--
-- Table structure for table `civil_status`
--

CREATE TABLE `civil_status` (
  `id` int(10) UNSIGNED NOT NULL,
  `name` varchar(191) COLLATE utf8mb4_unicode_ci NOT NULL,
  `created_at` timestamp NULL DEFAULT NULL,
  `updated_at` timestamp NULL DEFAULT NULL
) ENGINE=InnoDB DEFAULT CHARSET=utf8mb4 COLLATE=utf8mb4_unicode_ci;

--
-- Dumping data for table `civil_status`
--

INSERT INTO `civil_status` (`id`, `name`, `created_at`, `updated_at`) VALUES
(1, 'Married', '2018-06-04 12:23:27', '2018-06-04 12:23:27'),
(2, 'Widowed', '2018-06-04 12:23:27', '2018-06-04 12:23:27'),
(3, 'Separated', '2018-06-04 12:23:27', '2018-06-04 12:23:27'),
(4, 'Divorced', '2018-06-04 12:23:27', '2018-06-04 12:23:27'),
(5, 'Single', '2018-06-04 12:23:27', '2018-06-04 12:23:27');

-- --------------------------------------------------------

--
-- Table structure for table `confirm_enrolled`
--

CREATE TABLE `confirm_enrolled` (
  `id` int(10) UNSIGNED NOT NULL,
  `enrollee_id` int(10) UNSIGNED DEFAULT NULL,
  `student_type_id` int(10) UNSIGNED DEFAULT NULL,
  `course_id` int(10) UNSIGNED DEFAULT NULL,
  `school_year_id` int(10) UNSIGNED DEFAULT NULL,
  `year_level_id` int(10) UNSIGNED DEFAULT NULL,
  `semester_id` int(10) UNSIGNED DEFAULT NULL,
  `schedule_id` int(11) DEFAULT NULL,
  `status` tinyint(1) DEFAULT NULL,
  `start_time` time DEFAULT NULL,
  `end_time` time DEFAULT NULL,
  `created_at` timestamp NULL DEFAULT NULL,
  `updated_at` timestamp NULL DEFAULT NULL
) ENGINE=InnoDB DEFAULT CHARSET=utf8mb4 COLLATE=utf8mb4_unicode_ci;

--
-- Dumping data for table `confirm_enrolled`
--

INSERT INTO `confirm_enrolled` (`id`, `enrollee_id`, `student_type_id`, `course_id`, `school_year_id`, `year_level_id`, `semester_id`, `schedule_id`, `status`, `start_time`, `end_time`, `created_at`, `updated_at`) VALUES
(11, 11, 1, 1, 1, 1, 1, 2, 1, NULL, NULL, '2018-06-27 09:14:08', '2018-11-16 11:56:52'),
(13, 12, 1, 1, 1, 1, 1, 1, 1, NULL, NULL, '2018-06-28 09:29:16', '2018-11-26 07:53:43'),
(14, 13, 1, 1, 1, 1, 1, 2, 1, NULL, NULL, '2018-06-28 10:14:57', '2018-11-16 11:50:49'),
(16, 15, 1, 1, 1, 1, 1, 2, 1, NULL, NULL, '2018-06-28 11:17:10', '2018-07-05 12:48:13'),
(17, 16, 1, 1, 1, 1, 1, 1, 1, NULL, NULL, '2018-06-28 11:59:49', '2018-06-28 12:02:44'),
(18, 17, 1, 1, 1, 1, 1, 2, 1, NULL, NULL, '2018-06-28 13:05:04', '2018-06-28 13:08:09'),
(19, 18, 1, 1, 1, 1, 1, 2, 1, NULL, NULL, '2018-06-28 13:22:53', '2018-06-28 13:24:58'),
(20, 19, 1, 1, 1, 1, 1, 2, 1, NULL, NULL, '2018-06-28 13:41:28', '2018-11-16 12:13:40'),
(21, 20, 1, 1, 1, 1, 1, 2, 1, NULL, NULL, '2018-06-28 13:53:34', '2018-11-16 12:36:54'),
(22, 21, 1, 1, 1, 1, 1, 2, 1, NULL, NULL, '2018-06-29 06:57:49', '2018-06-29 07:01:17'),
(23, 22, 1, 1, 1, 1, 1, 3, 1, NULL, NULL, '2018-06-29 10:11:19', '2018-06-29 10:14:08'),
(24, 23, 1, 1, 1, 1, 1, 1, 1, NULL, NULL, '2018-06-29 11:52:04', '2018-06-29 11:54:34'),
(26, 24, 1, 1, 1, 1, 1, 2, 1, NULL, NULL, '2018-07-02 06:13:55', '2018-11-16 11:22:46'),
(27, 25, 1, 1, 1, 1, 1, 2, 1, NULL, NULL, '2018-07-02 07:02:01', '2018-08-01 13:25:51'),
(28, 26, 1, 1, 1, 1, 1, 2, 1, NULL, NULL, '2018-07-02 09:06:04', '2018-07-02 09:09:26'),
(29, 27, 1, 1, 1, 1, 1, 1, 1, NULL, NULL, '2018-07-02 09:40:51', '2018-07-02 09:42:41'),
(30, 28, 1, 1, 1, 1, 2, 2, 1, NULL, NULL, '2018-07-02 10:16:33', '2018-10-27 09:27:18'),
(31, 29, 1, 1, 1, 1, 1, 2, 1, NULL, NULL, '2018-07-02 10:44:01', '2018-07-12 11:33:00'),
(32, 30, 1, 1, 1, 1, 2, 1, 1, NULL, NULL, '2018-07-02 10:59:57', '2018-11-12 14:22:03'),
(34, 32, 1, 1, 1, 1, 1, 1, 1, NULL, NULL, '2018-07-02 11:16:58', '2018-07-02 11:18:53'),
(35, 33, 1, 1, 1, 1, 1, 2, 1, NULL, NULL, '2018-07-02 11:26:47', '2018-07-02 11:27:54'),
(36, 34, 1, 3, 1, 1, 1, 3, 1, NULL, NULL, '2018-07-04 12:23:29', '2018-11-16 10:28:28'),
(38, 35, 1, 1, 1, 1, 1, 1, 1, NULL, NULL, '2018-07-05 13:12:19', '2018-07-05 13:14:01'),
(39, 36, 1, 1, 1, 1, 1, 1, 1, NULL, NULL, '2018-07-05 13:23:42', '2018-07-05 13:25:25'),
(40, 37, 1, 1, 1, 1, 1, 1, 1, NULL, NULL, '2018-07-06 05:15:21', '2018-07-06 05:24:29'),
(41, 38, 1, 1, 1, 1, 1, 1, 1, NULL, NULL, '2018-07-06 06:03:50', '2018-07-06 06:05:43'),
(42, 39, 1, 1, 1, 1, 1, 1, 1, NULL, NULL, '2018-07-06 06:25:54', '2018-07-06 06:28:08'),
(43, 40, 1, 1, 1, 1, 1, 2, 1, NULL, NULL, '2018-07-06 07:25:56', '2018-07-06 07:29:06'),
(44, 41, 1, 1, 1, 1, 1, 2, 1, NULL, NULL, '2018-07-06 07:39:00', '2018-07-06 07:49:21'),
(45, 42, 1, 1, 1, 1, 1, 1, 1, NULL, NULL, '2018-07-06 08:02:53', '2018-07-06 08:05:25'),
(46, 43, 1, 1, 1, 1, 1, 2, 1, NULL, NULL, '2018-07-07 08:57:14', '2018-07-07 09:00:29'),
(47, 44, 1, 1, 1, 1, 1, 1, 1, NULL, NULL, '2018-07-07 09:12:28', '2018-07-07 09:13:40'),
(48, 45, 1, 1, 1, 1, 1, 1, 1, NULL, NULL, '2018-07-07 09:40:16', '2018-07-07 09:41:51'),
(49, 46, 1, 1, 1, 1, 1, 2, 1, NULL, NULL, '2018-07-07 10:05:58', '2018-07-07 10:07:35'),
(50, 47, 1, 1, 1, 1, 2, 2, 1, NULL, NULL, '2018-07-07 10:17:55', '2018-11-06 10:21:33'),
(51, 48, 1, 1, 1, 1, 1, 1, 1, NULL, NULL, '2018-07-07 10:25:43', '2018-07-07 10:26:40'),
(52, 49, 1, 1, 1, 1, 1, 1, 1, NULL, NULL, '2018-07-09 07:05:09', '2018-07-09 07:10:00'),
(53, 50, 1, 1, 1, 1, 1, 2, 1, NULL, NULL, '2018-07-09 07:25:13', '2018-07-09 07:27:09'),
(54, 51, 1, 1, 1, 1, 1, 2, 1, NULL, NULL, '2018-07-09 07:39:11', '2018-07-09 07:42:37'),
(55, 52, 1, 1, 1, 1, 1, 2, 1, NULL, NULL, '2018-07-09 07:54:58', '2018-07-09 07:55:58'),
(56, 53, 1, 1, 1, 1, 1, 2, 1, NULL, NULL, '2018-07-09 08:05:11', '2018-11-16 12:02:47'),
(57, 54, 1, 1, 1, 1, 1, 1, 1, NULL, NULL, '2018-07-09 09:26:56', '2018-07-09 09:28:08'),
(58, 55, 1, 1, 1, 1, 1, 2, 1, NULL, NULL, '2018-07-09 10:09:53', '2018-07-09 10:11:23'),
(59, 56, 1, 1, 1, 1, 1, 2, 1, NULL, NULL, '2018-07-09 10:20:44', '2018-07-09 10:22:32'),
(61, 57, 1, 1, 1, 1, 1, 2, 1, NULL, NULL, '2018-07-09 10:30:28', '2018-07-09 10:32:43'),
(63, 59, 1, 3, 1, 1, 1, 3, 1, NULL, NULL, '2018-07-10 09:11:20', '2018-11-16 10:49:44'),
(64, 60, 1, 3, 1, 1, 1, 3, 1, NULL, NULL, '2018-07-10 09:21:43', '2018-07-10 09:31:11'),
(66, 61, 1, 3, 1, 1, 1, 3, 1, NULL, NULL, '2018-07-10 09:46:04', '2018-11-16 11:10:36'),
(68, 62, 1, 3, 1, 1, 1, 3, 1, NULL, NULL, '2018-07-10 09:55:14', '2018-11-16 11:16:09'),
(69, 63, 1, 3, 1, 1, 1, 3, 1, NULL, NULL, '2018-07-10 12:04:35', '2018-07-10 12:06:23'),
(71, 64, 1, 3, 1, 1, 1, 3, 1, NULL, NULL, '2018-07-10 12:30:02', '2018-07-10 12:31:01'),
(73, 65, 1, 3, 1, 1, 1, 3, 1, NULL, NULL, '2018-07-10 12:42:25', '2018-11-16 10:46:21'),
(74, 66, 1, 3, 1, 1, 1, 3, 1, NULL, NULL, '2018-07-10 12:58:05', '2018-11-16 10:43:07'),
(75, 67, 1, 3, 1, 1, 1, 3, 1, NULL, NULL, '2018-07-10 13:20:31', '2018-11-16 10:36:05'),
(76, 68, 1, 3, 1, 1, 1, 3, 1, NULL, NULL, '2018-07-10 13:44:42', '2018-11-16 11:04:01'),
(78, 69, 1, 3, 1, 1, 1, 3, 1, NULL, NULL, '2018-07-10 13:55:28', '2018-11-16 10:53:42'),
(80, 70, 1, 3, 1, 1, 1, 3, 1, NULL, NULL, '2018-07-10 14:40:04', '2018-07-10 14:41:04'),
(81, 71, 1, 3, 1, 1, 1, 3, 1, NULL, NULL, '2018-07-10 14:46:54', '2018-11-16 11:18:25'),
(82, 72, 1, 3, 1, 1, 1, 3, 1, NULL, NULL, '2018-07-10 14:58:37', '2018-07-10 16:20:49'),
(83, 73, 1, 3, 1, 1, 1, 3, 1, NULL, NULL, '2018-07-10 16:26:31', '2018-07-10 16:27:30'),
(84, 74, 1, 3, 1, 1, 1, 3, 1, NULL, NULL, '2018-07-10 16:33:04', '2018-07-10 16:33:50'),
(85, 75, 1, 3, 1, 1, 1, 3, 1, NULL, NULL, '2018-07-10 16:39:32', '2018-07-10 16:40:17'),
(86, 76, 1, 3, 1, 2, 1, 3, 1, NULL, NULL, '2018-07-10 16:46:06', '2018-11-16 10:40:01'),
(88, 77, 1, 3, 1, 1, 1, 3, 1, NULL, NULL, '2018-07-10 16:56:17', '2018-11-16 10:57:26'),
(90, 78, 1, 3, 1, 1, 1, 3, 1, NULL, NULL, '2018-07-10 17:03:30', '2018-11-16 10:59:50'),
(92, 79, 1, 3, 1, 1, 1, 3, 1, NULL, NULL, '2018-07-10 17:11:30', '2018-07-10 17:12:07'),
(94, 80, 1, 3, 1, 1, 1, 3, 1, NULL, NULL, '2018-07-10 17:20:24', '2018-11-16 11:12:57'),
(96, 81, 1, 3, 1, 2, 1, 3, 1, NULL, NULL, '2018-07-10 17:32:33', '2018-11-16 09:55:55'),
(98, 82, 1, 3, 1, 1, 1, 3, 1, NULL, NULL, '2018-07-10 17:41:52', '2018-11-16 11:08:11'),
(100, 83, 1, 3, 1, 1, 1, 3, 1, NULL, NULL, '2018-07-10 17:53:54', '2018-07-10 17:55:15'),
(101, 84, 1, 1, 1, 1, 1, 2, 1, NULL, NULL, '2018-07-11 09:42:00', '2018-07-11 09:48:47'),
(103, 86, 1, 1, 1, 2, 1, 2, 1, NULL, NULL, '2018-07-11 10:00:41', '2018-11-16 12:23:09'),
(104, 87, 1, 1, 1, 2, 1, 2, 1, NULL, NULL, '2018-07-11 10:14:42', '2018-11-16 12:33:40'),
(105, 88, 1, 1, 1, 1, 1, 2, 1, NULL, NULL, '2018-07-11 10:51:09', '2018-07-11 10:52:36'),
(106, 89, 2, 1, 1, 2, 2, 2, 1, NULL, NULL, '2018-07-11 11:14:45', '2019-03-27 13:43:01'),
(107, 90, 1, 1, 1, 1, 1, 2, 1, NULL, NULL, '2018-07-11 12:13:45', '2018-07-11 12:16:21'),
(108, 91, 1, 1, 1, 2, 1, 2, 1, NULL, NULL, '2018-07-11 12:29:33', '2018-11-16 12:19:17'),
(109, 92, 1, 1, 1, 2, 1, 2, 1, NULL, NULL, '2018-07-11 12:41:32', '2018-11-16 12:32:06'),
(110, 93, 1, 1, 1, 1, 1, 2, 1, NULL, NULL, '2018-07-11 12:52:59', '2018-07-11 12:55:11'),
(111, 94, 1, 1, 1, 2, 2, 2, 1, NULL, NULL, '2018-07-11 13:03:34', '2019-03-28 06:21:17'),
(112, 95, 2, 1, 1, 2, 2, 2, 1, NULL, NULL, '2018-07-11 13:17:59', '2019-03-27 13:07:36'),
(113, 96, 1, 1, 1, 2, 2, 2, 1, NULL, NULL, '2018-07-12 06:38:40', '2018-11-08 09:17:00'),
(114, 97, 1, 3, 1, 2, 1, 3, 1, NULL, NULL, '2018-07-12 07:04:45', '2018-11-16 10:00:00'),
(116, 98, 1, 3, 1, 2, 1, 1, 1, NULL, NULL, '2018-07-12 07:16:33', '2018-11-16 10:25:21'),
(117, 99, 1, 3, 1, 2, 1, 1, 1, NULL, NULL, '2018-07-12 07:24:59', '2018-11-16 09:31:29'),
(118, 100, 1, 3, 1, 1, 1, 3, 1, NULL, NULL, '2018-07-12 07:34:32', '2018-11-16 10:20:49'),
(119, 101, 1, 3, 1, 2, 1, 1, 1, NULL, NULL, '2018-07-12 07:46:24', '2018-11-16 10:08:11'),
(120, 102, 1, 3, 1, 1, 1, 3, 1, NULL, NULL, '2018-07-12 07:52:05', '2018-07-12 07:52:33'),
(121, 103, 1, 3, 1, 2, 1, 3, 1, NULL, NULL, '2018-07-12 09:13:29', '2018-11-16 10:18:25'),
(122, 104, 1, 3, 1, 2, 1, 3, 1, NULL, NULL, '2018-07-12 09:20:22', '2018-11-16 09:46:56'),
(124, 105, 1, 3, 1, 2, 1, 1, 1, NULL, NULL, '2018-07-12 09:30:29', '2018-11-26 12:56:11'),
(125, 106, 1, 3, 1, 2, 1, 1, 1, NULL, NULL, '2018-07-12 09:39:46', '2018-11-22 09:42:10'),
(126, 107, 1, 3, 1, 2, 1, 3, 1, NULL, NULL, '2018-07-12 09:57:12', '2018-11-16 10:13:40'),
(127, 108, 1, 3, 1, 2, 1, 2, 1, NULL, NULL, '2018-07-12 10:14:56', '2018-11-16 10:04:24'),
(128, 109, 1, 3, 1, 1, 1, 3, 1, '05:10:00', '09:10:00', '2018-07-18 06:28:22', '2018-07-18 06:34:28'),
(129, 110, 1, 3, 1, 1, 1, 3, 1, NULL, NULL, '2018-07-18 10:52:47', '2018-07-18 10:59:15'),
(130, 111, 1, 3, 1, 1, 1, 3, 1, NULL, NULL, '2018-07-18 11:05:53', '2018-07-18 11:06:37'),
(131, 112, 1, 3, 1, 1, 1, 3, 1, NULL, NULL, '2018-07-18 11:11:07', '2018-07-18 11:13:08'),
(132, 113, 1, 3, 1, 1, 1, 3, 1, NULL, NULL, '2018-07-18 11:17:00', '2018-07-18 11:20:27'),
(134, 115, 1, 3, 1, 1, 1, 3, 1, NULL, NULL, '2018-07-18 11:22:54', '2018-07-18 11:27:25'),
(135, 116, 1, 1, 1, 2, 1, 2, 1, NULL, NULL, '2018-10-12 09:00:28', '2018-11-16 12:29:54'),
(138, 117, 1, 3, 1, 1, 1, 3, NULL, NULL, NULL, '2018-11-05 06:39:22', '2018-11-05 06:39:22'),
(139, 118, 1, 3, 1, 1, 1, 3, 1, NULL, NULL, '2018-11-05 09:02:03', '2018-11-05 09:03:57'),
(140, 119, 1, 3, 1, 1, 1, 3, 1, NULL, NULL, '2018-11-05 09:14:22', '2018-11-05 09:15:33'),
(141, 120, 1, 3, 1, 1, 1, 3, 1, NULL, NULL, '2018-11-06 13:51:05', '2018-11-06 13:52:06'),
(142, 99, 1, 3, 1, 2, 2, 1, 1, NULL, NULL, '2018-11-15 12:21:21', '2018-11-15 12:27:38'),
(143, 104, 1, 3, 1, 2, 2, 1, 1, NULL, NULL, '2018-11-16 09:47:52', '2018-11-16 09:48:34'),
(144, 81, 1, 3, 1, 2, 2, 1, 1, NULL, NULL, '2018-11-16 09:56:43', '2018-11-16 09:57:13'),
(145, 97, 1, 3, 1, 2, 2, 1, 1, NULL, NULL, '2018-11-16 10:00:33', '2018-11-16 10:01:00'),
(146, 108, 1, 3, 1, 2, 2, 2, 1, NULL, NULL, '2018-11-16 10:04:44', '2018-11-16 10:05:08'),
(147, 101, 1, 3, 1, 2, 2, 1, 1, NULL, NULL, '2018-11-16 10:08:32', '2018-11-16 10:09:00'),
(148, 107, 1, 3, 1, 2, 2, 3, 1, NULL, NULL, '2018-11-16 10:14:10', '2018-11-16 10:14:36'),
(149, 103, 1, 3, 1, 2, 2, 1, 1, NULL, NULL, '2018-11-16 10:18:43', '2018-11-16 10:22:09'),
(150, 100, 1, 3, 1, 1, 2, 3, 1, NULL, NULL, '2018-11-16 10:21:09', '2018-11-16 10:22:35'),
(151, 98, 1, 3, 1, 2, 2, 1, 1, NULL, NULL, '2018-11-16 10:25:38', '2018-11-16 10:26:01'),
(152, 34, 1, 3, 1, 1, 2, 3, 1, NULL, NULL, '2018-11-16 10:28:56', '2018-11-16 10:29:24'),
(153, 67, 1, 3, 1, 1, 2, 3, 1, NULL, NULL, '2018-11-16 10:37:00', '2018-11-16 10:37:31'),
(154, 76, 1, 3, 1, 2, 2, 3, 1, NULL, NULL, '2018-11-16 10:40:21', '2018-11-16 10:40:42'),
(155, 66, 1, 3, 1, 1, 2, 3, 1, NULL, NULL, '2018-11-16 10:43:29', '2018-11-16 10:44:25'),
(157, 65, 1, 3, 1, 1, 2, 3, 1, NULL, NULL, '2018-11-16 10:46:39', '2018-11-16 10:46:59'),
(158, 59, 1, 3, 1, 1, 2, 3, 1, NULL, NULL, '2018-11-16 10:50:16', '2018-11-16 10:50:32'),
(160, 69, 1, 3, 1, 1, 2, 3, 1, NULL, NULL, '2018-11-16 10:54:08', '2018-11-16 10:54:33'),
(161, 77, 1, 3, 1, 1, 2, 3, 1, NULL, NULL, '2018-11-16 10:57:44', '2018-11-16 10:57:59'),
(162, 78, 1, 3, 1, 1, 2, 3, 1, NULL, NULL, '2018-11-16 11:00:14', '2018-11-16 11:00:46'),
(166, 68, 1, 3, 1, 1, 2, 3, 1, NULL, NULL, '2018-11-16 11:04:20', '2018-11-16 11:04:48'),
(167, 82, 1, 3, 1, 1, 2, 3, 1, NULL, NULL, '2018-11-16 11:08:33', '2018-11-16 11:10:09'),
(168, 61, 1, 3, 1, 1, 2, 3, 1, NULL, NULL, '2018-11-16 11:11:06', '2018-11-16 11:11:24'),
(169, 80, 1, 3, 1, 1, 2, 3, 1, NULL, NULL, '2018-11-16 11:13:28', '2018-11-16 11:13:46'),
(170, 62, 1, 3, 1, 1, 2, 3, 1, NULL, NULL, '2018-11-16 11:16:27', '2018-11-16 11:16:44'),
(171, 71, 1, 3, 1, 1, 2, 3, 1, NULL, NULL, '2018-11-16 11:18:43', '2018-11-16 11:19:09'),
(173, 24, NULL, NULL, 1, 1, 2, 2, NULL, NULL, NULL, '2018-11-16 11:23:14', '2018-11-16 11:23:14'),
(174, 17, NULL, NULL, 1, 1, 2, 2, NULL, NULL, NULL, '2018-11-16 11:24:19', '2018-11-16 11:24:19'),
(175, 57, NULL, NULL, 1, 1, 2, 2, NULL, NULL, NULL, '2018-11-16 11:25:19', '2018-11-16 11:25:19'),
(176, 42, NULL, NULL, 1, 1, 2, 1, NULL, NULL, NULL, '2018-11-16 11:25:56', '2018-11-16 11:25:56'),
(177, 50, NULL, NULL, 1, 1, 2, 2, NULL, NULL, NULL, '2018-11-16 11:26:33', '2018-11-16 11:26:33'),
(178, 52, NULL, NULL, 1, 1, 2, 2, NULL, NULL, NULL, '2018-11-16 11:33:37', '2018-11-16 11:33:37'),
(179, 25, NULL, NULL, 1, 1, 2, 2, NULL, NULL, NULL, '2018-11-16 11:34:23', '2018-11-16 11:34:23'),
(180, 21, NULL, NULL, 1, 1, 2, 2, NULL, NULL, NULL, '2018-11-16 11:34:51', '2018-11-16 11:34:51'),
(181, 29, NULL, NULL, 1, 1, 2, 2, NULL, NULL, NULL, '2018-11-16 11:38:15', '2018-11-16 11:38:15'),
(182, 45, NULL, NULL, 1, 1, 2, 1, NULL, NULL, NULL, '2018-11-16 11:38:52', '2018-11-16 11:38:52'),
(183, 22, 1, 1, 1, 1, 2, 3, 1, NULL, NULL, '2018-11-16 11:39:32', '2018-11-16 11:40:44'),
(184, 73, 1, 3, 1, 1, 2, 3, 1, NULL, NULL, '2018-11-16 11:43:04', '2018-11-28 14:33:35'),
(185, 16, NULL, NULL, 1, 1, 2, 1, NULL, NULL, NULL, '2018-11-16 11:45:50', '2018-11-16 11:45:50'),
(186, 32, NULL, NULL, 1, 1, 2, 1, NULL, NULL, NULL, '2018-11-16 11:48:02', '2018-11-16 11:48:02'),
(187, 36, NULL, NULL, 1, 1, 2, 1, NULL, NULL, NULL, '2018-11-16 11:48:47', '2018-11-16 11:48:47'),
(188, 44, NULL, NULL, 1, 1, 2, 1, NULL, NULL, NULL, '2018-11-16 11:49:26', '2018-11-16 11:49:26'),
(189, 33, NULL, NULL, 1, 1, 2, 2, NULL, NULL, NULL, '2018-11-16 11:50:09', '2018-11-16 11:50:09'),
(190, 13, NULL, NULL, 1, 1, 2, 2, NULL, NULL, NULL, '2018-11-16 11:51:28', '2018-11-16 11:51:28'),
(191, 28, NULL, NULL, 1, 1, 2, 2, NULL, NULL, NULL, '2018-11-16 11:52:23', '2018-11-16 11:52:23'),
(192, 51, NULL, NULL, 1, 1, 2, 2, NULL, NULL, NULL, '2018-11-16 11:52:59', '2018-11-16 11:52:59'),
(193, 11, NULL, NULL, 1, 1, 2, 2, NULL, NULL, NULL, '2018-11-16 11:57:20', '2018-11-16 11:57:20'),
(194, 55, NULL, NULL, 1, 1, 2, 2, NULL, NULL, NULL, '2018-11-16 11:58:32', '2018-11-16 11:58:32'),
(195, 56, NULL, NULL, 1, 1, 2, 2, NULL, NULL, NULL, '2018-11-16 11:59:04', '2018-11-16 11:59:04'),
(196, 26, NULL, NULL, 1, 1, 2, 2, NULL, NULL, NULL, '2018-11-16 11:59:36', '2018-11-16 11:59:36'),
(197, 37, NULL, NULL, 1, 1, 2, 1, NULL, NULL, NULL, '2018-11-16 12:00:03', '2018-11-16 12:00:03'),
(198, 47, NULL, NULL, 1, 1, 2, 2, NULL, NULL, NULL, '2018-11-16 12:01:02', '2018-11-16 12:01:02'),
(199, 53, NULL, NULL, 1, 1, 2, 2, NULL, NULL, NULL, '2018-11-16 12:02:00', '2018-11-16 12:02:00'),
(200, 48, NULL, NULL, 1, 1, 2, 1, NULL, NULL, NULL, '2018-11-16 12:03:35', '2018-11-16 12:03:35'),
(201, 43, 1, 1, 1, 1, 2, 2, 1, NULL, NULL, '2018-11-16 12:06:00', '2019-01-07 09:54:13'),
(202, 35, NULL, NULL, 1, 1, 2, 1, NULL, NULL, NULL, '2018-11-16 12:06:42', '2018-11-16 12:06:42'),
(203, 41, NULL, NULL, 1, 1, 2, 2, NULL, NULL, NULL, '2018-11-16 12:07:36', '2018-11-16 12:07:36'),
(204, 27, NULL, NULL, 1, 1, 2, 1, NULL, NULL, NULL, '2018-11-16 12:10:29', '2018-11-16 12:10:29'),
(205, 40, NULL, NULL, 1, 1, 2, 2, NULL, NULL, NULL, '2018-11-16 12:11:07', '2018-11-16 12:11:07'),
(206, 46, NULL, NULL, 1, 1, 2, 2, NULL, NULL, NULL, '2018-11-16 12:11:42', '2018-11-16 12:11:42'),
(208, 38, NULL, NULL, 1, 1, 2, 1, NULL, NULL, NULL, '2018-11-16 12:13:05', '2018-11-16 12:13:05'),
(209, 19, NULL, NULL, 1, 1, 2, 2, NULL, NULL, NULL, '2018-11-16 12:14:11', '2018-11-16 12:14:11'),
(210, 49, NULL, NULL, 1, 1, 2, 1, NULL, NULL, NULL, '2018-11-16 12:14:41', '2018-11-16 12:14:41'),
(211, 54, NULL, NULL, 1, 1, 2, 1, NULL, NULL, NULL, '2018-11-16 12:15:20', '2018-11-16 12:15:20'),
(212, 22, NULL, NULL, 1, 1, 2, 3, NULL, NULL, NULL, '2018-11-16 12:15:51', '2018-11-16 12:15:51'),
(213, 39, NULL, NULL, 1, 1, 2, 1, NULL, NULL, NULL, '2018-11-16 12:18:38', '2018-11-16 12:18:38'),
(214, 91, 2, 1, 1, 2, 2, 2, 1, NULL, NULL, '2018-11-16 12:20:09', '2019-03-07 12:52:53'),
(216, 86, 2, 1, 1, 2, 2, 2, 1, NULL, NULL, '2018-11-16 12:23:35', '2019-02-14 12:48:05'),
(221, 95, 2, 1, 1, 2, 2, 2, NULL, NULL, NULL, '2018-11-16 12:28:44', '2019-03-04 09:01:20'),
(222, 84, NULL, NULL, 1, 2, 2, 2, NULL, NULL, NULL, '2018-11-16 12:29:14', '2018-11-16 12:29:14'),
(223, 116, NULL, NULL, 1, 2, 2, 2, NULL, NULL, NULL, '2018-11-16 12:30:53', '2018-11-16 12:30:53'),
(224, 88, 1, 1, 1, 2, 2, 2, 1, NULL, NULL, '2018-11-16 12:31:23', '2019-03-23 08:33:29'),
(225, 92, 1, 1, 1, 2, 2, 2, 1, NULL, NULL, '2018-11-16 12:33:07', '2019-03-04 09:40:50'),
(226, 87, 1, 1, 1, 2, 2, 2, 1, NULL, NULL, '2018-11-16 12:34:15', '2019-03-15 12:37:27'),
(228, 20, NULL, NULL, 1, 1, 2, 2, NULL, NULL, NULL, '2018-11-16 12:37:26', '2018-11-16 12:37:26'),
(229, 106, 1, 3, 1, 2, 2, 1, 1, NULL, NULL, '2018-11-22 09:42:36', '2018-11-22 09:43:00'),
(230, 99, 1, 3, 1, 2, 2, 1, 1, NULL, NULL, '2018-11-23 14:50:07', '2018-11-23 14:50:41'),
(231, 12, 1, 1, 1, 1, 2, 1, 1, NULL, NULL, '2018-11-26 07:54:15', '2018-11-26 07:54:59'),
(232, 105, 1, 3, 1, 2, 2, 1, 1, NULL, NULL, '2018-11-26 12:56:41', '2018-11-26 12:57:08'),
(233, 15, 1, 1, 1, 1, 2, 2, 1, NULL, NULL, '2018-11-28 12:32:25', '2018-11-28 12:33:17'),
(234, 70, 1, 3, 1, 1, 2, 3, 1, NULL, NULL, '2018-12-18 10:51:14', '2018-12-18 10:53:28'),
(235, 102, 1, 3, 1, 2, 2, 2, 1, NULL, NULL, '2018-12-19 06:40:14', '2018-12-19 06:41:09'),
(236, 79, 1, 3, 1, 1, 2, 1, 1, NULL, NULL, '2019-01-25 14:28:58', '2019-01-25 14:30:03'),
(237, 121, 1, 1, 2, 1, 1, 1, NULL, NULL, NULL, '2019-02-09 06:22:08', '2019-02-09 06:22:08'),
(239, 95, 1, 1, 1, 2, 2, 2, 1, NULL, NULL, '2019-03-04 09:02:24', '2019-03-04 09:03:02'),
(241, 84, 2, 1, 1, 2, 2, 2, 1, NULL, NULL, '2019-03-19 08:32:35', '2019-03-19 08:35:20'),
(247, 95, 2, 1, 1, 2, 2, 2, 1, NULL, NULL, '2019-03-27 13:07:44', '2019-03-27 13:09:14'),
(251, 90, 2, 1, 1, 2, 2, 2, 1, NULL, NULL, '2019-04-01 04:52:39', '2019-04-01 04:54:03'),
(252, 123, 1, 3, 2, 1, 1, 3, 1, NULL, NULL, '2019-04-26 06:46:13', '2019-04-26 06:48:09'),
(253, 124, 1, 3, 2, 1, 1, 3, 1, NULL, NULL, '2019-04-26 07:42:59', '2019-04-26 07:43:49');

-- --------------------------------------------------------

--
-- Table structure for table `confirm_enrolled_payment`
--

CREATE TABLE `confirm_enrolled_payment` (
  `id` int(10) UNSIGNED NOT NULL,
  `confirm_enrolled_id` int(10) UNSIGNED DEFAULT NULL,
  `payment_id` int(10) UNSIGNED DEFAULT NULL,
  `created_at` timestamp NULL DEFAULT NULL,
  `updated_at` timestamp NULL DEFAULT NULL
) ENGINE=InnoDB DEFAULT CHARSET=utf8mb4 COLLATE=utf8mb4_unicode_ci;

-- --------------------------------------------------------

--
-- Table structure for table `countries`
--

CREATE TABLE `countries` (
  `id` int(11) NOT NULL,
  `sortname` varchar(3) NOT NULL,
  `name` varchar(150) NOT NULL
) ENGINE=InnoDB DEFAULT CHARSET=utf8;

--
-- Dumping data for table `countries`
--

INSERT INTO `countries` (`id`, `sortname`, `name`) VALUES
(1, 'AF', 'Afghanistan'),
(2, 'AL', 'Albania'),
(3, 'DZ', 'Algeria'),
(4, 'AS', 'American Samoa'),
(5, 'AD', 'Andorra'),
(6, 'AO', 'Angola'),
(7, 'AI', 'Anguilla'),
(8, 'AQ', 'Antarctica'),
(9, 'AG', 'Antigua And Barbuda'),
(10, 'AR', 'Argentina'),
(11, 'AM', 'Armenia'),
(12, 'AW', 'Aruba'),
(13, 'AU', 'Australia'),
(14, 'AT', 'Austria'),
(15, 'AZ', 'Azerbaijan'),
(16, 'BS', 'Bahamas The'),
(17, 'BH', 'Bahrain'),
(18, 'BD', 'Bangladesh'),
(19, 'BB', 'Barbados'),
(20, 'BY', 'Belarus'),
(21, 'BE', 'Belgium'),
(22, 'BZ', 'Belize'),
(23, 'BJ', 'Benin'),
(24, 'BM', 'Bermuda'),
(25, 'BT', 'Bhutan'),
(26, 'BO', 'Bolivia'),
(27, 'BA', 'Bosnia and Herzegovina'),
(28, 'BW', 'Botswana'),
(29, 'BV', 'Bouvet Island'),
(30, 'BR', 'Brazil'),
(31, 'IO', 'British Indian Ocean Territory'),
(32, 'BN', 'Brunei'),
(33, 'BG', 'Bulgaria'),
(34, 'BF', 'Burkina Faso'),
(35, 'BI', 'Burundi'),
(36, 'KH', 'Cambodia'),
(37, 'CM', 'Cameroon'),
(38, 'CA', 'Canada'),
(39, 'CV', 'Cape Verde'),
(40, 'KY', 'Cayman Islands'),
(41, 'CF', 'Central African Republic'),
(42, 'TD', 'Chad'),
(43, 'CL', 'Chile'),
(44, 'CN', 'China'),
(45, 'CX', 'Christmas Island'),
(46, 'CC', 'Cocos (Keeling) Islands'),
(47, 'CO', 'Colombia'),
(48, 'KM', 'Comoros'),
(49, 'CG', 'Congo'),
(50, 'CD', 'Congo The Democratic Republic Of The'),
(51, 'CK', 'Cook Islands'),
(52, 'CR', 'Costa Rica'),
(53, 'CI', 'Cote D\'Ivoire (Ivory Coast)'),
(54, 'HR', 'Croatia (Hrvatska)'),
(55, 'CU', 'Cuba'),
(56, 'CY', 'Cyprus'),
(57, 'CZ', 'Czech Republic'),
(58, 'DK', 'Denmark'),
(59, 'DJ', 'Djibouti'),
(60, 'DM', 'Dominica'),
(61, 'DO', 'Dominican Republic'),
(62, 'TP', 'East Timor'),
(63, 'EC', 'Ecuador'),
(64, 'EG', 'Egypt'),
(65, 'SV', 'El Salvador'),
(66, 'GQ', 'Equatorial Guinea'),
(67, 'ER', 'Eritrea'),
(68, 'EE', 'Estonia'),
(69, 'ET', 'Ethiopia'),
(70, 'XA', 'External Territories of Australia'),
(71, 'FK', 'Falkland Islands'),
(72, 'FO', 'Faroe Islands'),
(73, 'FJ', 'Fiji Islands'),
(74, 'FI', 'Finland'),
(75, 'FR', 'France'),
(76, 'GF', 'French Guiana'),
(77, 'PF', 'French Polynesia'),
(78, 'TF', 'French Southern Territories'),
(79, 'GA', 'Gabon'),
(80, 'GM', 'Gambia The'),
(81, 'GE', 'Georgia'),
(82, 'DE', 'Germany'),
(83, 'GH', 'Ghana'),
(84, 'GI', 'Gibraltar'),
(85, 'GR', 'Greece'),
(86, 'GL', 'Greenland'),
(87, 'GD', 'Grenada'),
(88, 'GP', 'Guadeloupe'),
(89, 'GU', 'Guam'),
(90, 'GT', 'Guatemala'),
(91, 'XU', 'Guernsey and Alderney'),
(92, 'GN', 'Guinea'),
(93, 'GW', 'Guinea-Bissau'),
(94, 'GY', 'Guyana'),
(95, 'HT', 'Haiti'),
(96, 'HM', 'Heard and McDonald Islands'),
(97, 'HN', 'Honduras'),
(98, 'HK', 'Hong Kong S.A.R.'),
(99, 'HU', 'Hungary'),
(100, 'IS', 'Iceland'),
(101, 'IN', 'India'),
(102, 'ID', 'Indonesia'),
(103, 'IR', 'Iran'),
(104, 'IQ', 'Iraq'),
(105, 'IE', 'Ireland'),
(106, 'IL', 'Israel'),
(107, 'IT', 'Italy'),
(108, 'JM', 'Jamaica'),
(109, 'JP', 'Japan'),
(110, 'XJ', 'Jersey'),
(111, 'JO', 'Jordan'),
(112, 'KZ', 'Kazakhstan'),
(113, 'KE', 'Kenya'),
(114, 'KI', 'Kiribati'),
(115, 'KP', 'Korea North'),
(116, 'KR', 'Korea South'),
(117, 'KW', 'Kuwait'),
(118, 'KG', 'Kyrgyzstan'),
(119, 'LA', 'Laos'),
(120, 'LV', 'Latvia'),
(121, 'LB', 'Lebanon'),
(122, 'LS', 'Lesotho'),
(123, 'LR', 'Liberia'),
(124, 'LY', 'Libya'),
(125, 'LI', 'Liechtenstein'),
(126, 'LT', 'Lithuania'),
(127, 'LU', 'Luxembourg'),
(128, 'MO', 'Macau S.A.R.'),
(129, 'MK', 'Macedonia'),
(130, 'MG', 'Madagascar'),
(131, 'MW', 'Malawi'),
(132, 'MY', 'Malaysia'),
(133, 'MV', 'Maldives'),
(134, 'ML', 'Mali'),
(135, 'MT', 'Malta'),
(136, 'XM', 'Man (Isle of)'),
(137, 'MH', 'Marshall Islands'),
(138, 'MQ', 'Martinique'),
(139, 'MR', 'Mauritania'),
(140, 'MU', 'Mauritius'),
(141, 'YT', 'Mayotte'),
(142, 'MX', 'Mexico'),
(143, 'FM', 'Micronesia'),
(144, 'MD', 'Moldova'),
(145, 'MC', 'Monaco'),
(146, 'MN', 'Mongolia'),
(147, 'MS', 'Montserrat'),
(148, 'MA', 'Morocco'),
(149, 'MZ', 'Mozambique'),
(150, 'MM', 'Myanmar'),
(151, 'NA', 'Namibia'),
(152, 'NR', 'Nauru'),
(153, 'NP', 'Nepal'),
(154, 'AN', 'Netherlands Antilles'),
(155, 'NL', 'Netherlands The'),
(156, 'NC', 'New Caledonia'),
(157, 'NZ', 'New Zealand'),
(158, 'NI', 'Nicaragua'),
(159, 'NE', 'Niger'),
(160, 'NG', 'Nigeria'),
(161, 'NU', 'Niue'),
(162, 'NF', 'Norfolk Island'),
(163, 'MP', 'Northern Mariana Islands'),
(164, 'NO', 'Norway'),
(165, 'OM', 'Oman'),
(166, 'PK', 'Pakistan'),
(167, 'PW', 'Palau'),
(168, 'PS', 'Palestinian Territory Occupied'),
(169, 'PA', 'Panama'),
(170, 'PG', 'Papua new Guinea'),
(171, 'PY', 'Paraguay'),
(172, 'PE', 'Peru'),
(173, 'PH', 'Philippines'),
(174, 'PN', 'Pitcairn Island'),
(175, 'PL', 'Poland'),
(176, 'PT', 'Portugal'),
(177, 'PR', 'Puerto Rico'),
(178, 'QA', 'Qatar'),
(179, 'RE', 'Reunion'),
(180, 'RO', 'Romania'),
(181, 'RU', 'Russia'),
(182, 'RW', 'Rwanda'),
(183, 'SH', 'Saint Helena'),
(184, 'KN', 'Saint Kitts And Nevis'),
(185, 'LC', 'Saint Lucia'),
(186, 'PM', 'Saint Pierre and Miquelon'),
(187, 'VC', 'Saint Vincent And The Grenadines'),
(188, 'WS', 'Samoa'),
(189, 'SM', 'San Marino'),
(190, 'ST', 'Sao Tome and Principe'),
(191, 'SA', 'Saudi Arabia'),
(192, 'SN', 'Senegal'),
(193, 'RS', 'Serbia'),
(194, 'SC', 'Seychelles'),
(195, 'SL', 'Sierra Leone'),
(196, 'SG', 'Singapore'),
(197, 'SK', 'Slovakia'),
(198, 'SI', 'Slovenia'),
(199, 'XG', 'Smaller Territories of the UK'),
(200, 'SB', 'Solomon Islands'),
(201, 'SO', 'Somalia'),
(202, 'ZA', 'South Africa'),
(203, 'GS', 'South Georgia'),
(204, 'SS', 'South Sudan'),
(205, 'ES', 'Spain'),
(206, 'LK', 'Sri Lanka'),
(207, 'SD', 'Sudan'),
(208, 'SR', 'Suriname'),
(209, 'SJ', 'Svalbard And Jan Mayen Islands'),
(210, 'SZ', 'Swaziland'),
(211, 'SE', 'Sweden'),
(212, 'CH', 'Switzerland'),
(213, 'SY', 'Syria'),
(214, 'TW', 'Taiwan'),
(215, 'TJ', 'Tajikistan'),
(216, 'TZ', 'Tanzania'),
(217, 'TH', 'Thailand'),
(218, 'TG', 'Togo'),
(219, 'TK', 'Tokelau'),
(220, 'TO', 'Tonga'),
(221, 'TT', 'Trinidad And Tobago'),
(222, 'TN', 'Tunisia'),
(223, 'TR', 'Turkey'),
(224, 'TM', 'Turkmenistan'),
(225, 'TC', 'Turks And Caicos Islands'),
(226, 'TV', 'Tuvalu'),
(227, 'UG', 'Uganda'),
(228, 'UA', 'Ukraine'),
(229, 'AE', 'United Arab Emirates'),
(230, 'GB', 'United Kingdom'),
(231, 'US', 'United States'),
(232, 'UM', 'United States Minor Outlying Islands'),
(233, 'UY', 'Uruguay'),
(234, 'UZ', 'Uzbekistan'),
(235, 'VU', 'Vanuatu'),
(236, 'VA', 'Vatican City State (Holy See)'),
(237, 'VE', 'Venezuela'),
(238, 'VN', 'Vietnam'),
(239, 'VG', 'Virgin Islands (British)'),
(240, 'VI', 'Virgin Islands (US)'),
(241, 'WF', 'Wallis And Futuna Islands'),
(242, 'EH', 'Western Sahara'),
(243, 'YE', 'Yemen'),
(244, 'YU', 'Yugoslavia'),
(245, 'ZM', 'Zambia'),
(246, 'ZW', 'Zimbabwe');

-- --------------------------------------------------------

--
-- Table structure for table `courses`
--

CREATE TABLE `courses` (
  `id` int(10) UNSIGNED NOT NULL,
  `name` varchar(191) COLLATE utf8mb4_unicode_ci NOT NULL,
  `created_at` timestamp NULL DEFAULT NULL,
  `updated_at` timestamp NULL DEFAULT NULL
) ENGINE=InnoDB DEFAULT CHARSET=utf8mb4 COLLATE=utf8mb4_unicode_ci;

--
-- Dumping data for table `courses`
--

INSERT INTO `courses` (`id`, `name`, `created_at`, `updated_at`) VALUES
(1, 'Senior HighSchool', '2018-06-04 12:23:24', '2018-06-04 12:23:24'),
(2, 'Junior HighSchool', '2018-06-04 12:23:24', '2018-06-04 12:23:24'),
(3, 'ICT', '2018-06-04 12:23:24', '2018-06-04 12:23:24');

-- --------------------------------------------------------

--
-- Table structure for table `educational_attainments`
--

CREATE TABLE `educational_attainments` (
  `id` int(10) UNSIGNED NOT NULL,
  `name` varchar(191) COLLATE utf8mb4_unicode_ci NOT NULL,
  `created_at` timestamp NULL DEFAULT NULL,
  `updated_at` timestamp NULL DEFAULT NULL
) ENGINE=InnoDB DEFAULT CHARSET=utf8mb4 COLLATE=utf8mb4_unicode_ci;

--
-- Dumping data for table `educational_attainments`
--

INSERT INTO `educational_attainments` (`id`, `name`, `created_at`, `updated_at`) VALUES
(1, 'HighSchool', '2018-06-04 12:23:22', '2018-06-04 12:23:22'),
(2, 'College Level', '2018-06-04 12:23:22', '2018-06-04 12:23:22'),
(3, 'College Degree', '2018-06-04 12:23:22', '2018-06-04 12:23:22'),
(4, 'Masteral PHD', '2018-06-04 12:23:22', '2018-06-04 12:23:22');

-- --------------------------------------------------------

--
-- Table structure for table `educational_att_enrollee`
--

CREATE TABLE `educational_att_enrollee` (
  `id` int(10) UNSIGNED NOT NULL,
  `enrollee_id` int(10) UNSIGNED DEFAULT NULL,
  `educational_att_id` int(10) UNSIGNED DEFAULT NULL,
  `created_at` timestamp NULL DEFAULT NULL,
  `updated_at` timestamp NULL DEFAULT NULL
) ENGINE=InnoDB DEFAULT CHARSET=utf8mb4 COLLATE=utf8mb4_unicode_ci;

-- --------------------------------------------------------

--
-- Table structure for table `enrollees`
--

CREATE TABLE `enrollees` (
  `id` int(10) UNSIGNED NOT NULL,
  `lrn` int(10) UNSIGNED DEFAULT NULL,
  `idno` varchar(191) COLLATE utf8mb4_unicode_ci DEFAULT NULL,
  `admissionNo` bigint(20) NOT NULL,
  `firstname` varchar(191) COLLATE utf8mb4_unicode_ci NOT NULL,
  `middlename` varchar(191) COLLATE utf8mb4_unicode_ci NOT NULL,
  `lastname` varchar(191) COLLATE utf8mb4_unicode_ci NOT NULL,
  `suffix` varchar(191) COLLATE utf8mb4_unicode_ci DEFAULT NULL,
  `nickname` varchar(191) COLLATE utf8mb4_unicode_ci DEFAULT NULL,
  `age` varchar(191) COLLATE utf8mb4_unicode_ci NOT NULL,
  `birthday` date DEFAULT NULL,
  `birth_place` varchar(191) COLLATE utf8mb4_unicode_ci NOT NULL,
  `sex` int(11) NOT NULL,
  `civil_id` int(10) UNSIGNED DEFAULT NULL,
  `spouse_lastname` varchar(191) COLLATE utf8mb4_unicode_ci DEFAULT NULL,
  `spouse_firstname` varchar(191) COLLATE utf8mb4_unicode_ci DEFAULT NULL,
  `spouse_middlename` varchar(191) COLLATE utf8mb4_unicode_ci DEFAULT NULL,
  `landline` varchar(191) COLLATE utf8mb4_unicode_ci DEFAULT NULL,
  `mobile` varchar(191) COLLATE utf8mb4_unicode_ci NOT NULL,
  `email` varchar(191) COLLATE utf8mb4_unicode_ci NOT NULL,
  `religion` varchar(191) COLLATE utf8mb4_unicode_ci NOT NULL,
  `citizenship` varchar(191) COLLATE utf8mb4_unicode_ci NOT NULL,
  `present_address` varchar(191) COLLATE utf8mb4_unicode_ci NOT NULL,
  `present_province_id` int(11) NOT NULL,
  `present_city_id` int(11) NOT NULL,
  `present_zipcode` int(11) NOT NULL,
  `permanent_address` varchar(191) COLLATE utf8mb4_unicode_ci NOT NULL,
  `permanent_province_id` int(11) NOT NULL,
  `permanent_city_id` int(11) NOT NULL,
  `permanent_zipcode` int(11) NOT NULL,
  `educ_at_id` int(10) UNSIGNED DEFAULT NULL,
  `father_firstname` varchar(191) COLLATE utf8mb4_unicode_ci NOT NULL,
  `father_lastname` varchar(191) COLLATE utf8mb4_unicode_ci NOT NULL,
  `father_middlename` varchar(191) COLLATE utf8mb4_unicode_ci NOT NULL,
  `father_occupation` varchar(191) COLLATE utf8mb4_unicode_ci NOT NULL,
  `father_contact_number` varchar(191) COLLATE utf8mb4_unicode_ci DEFAULT NULL,
  `father_address` varchar(191) COLLATE utf8mb4_unicode_ci NOT NULL,
  `father_province_id` int(11) NOT NULL,
  `father_city_id` int(11) NOT NULL,
  `father_zipcode` int(11) NOT NULL,
  `mother_firstname` varchar(191) COLLATE utf8mb4_unicode_ci NOT NULL,
  `mother_lastname` varchar(191) COLLATE utf8mb4_unicode_ci NOT NULL,
  `mother_middlename` varchar(191) COLLATE utf8mb4_unicode_ci NOT NULL,
  `mother_occupation` varchar(191) COLLATE utf8mb4_unicode_ci NOT NULL,
  `mother_contact_number` varchar(191) COLLATE utf8mb4_unicode_ci DEFAULT NULL,
  `mother_address` varchar(191) COLLATE utf8mb4_unicode_ci NOT NULL,
  `mother_province_id` int(11) NOT NULL,
  `mother_city_id` int(11) NOT NULL,
  `mother_zipcode` int(11) NOT NULL,
  `primary` varchar(191) COLLATE utf8mb4_unicode_ci NOT NULL,
  `elementary` varchar(191) COLLATE utf8mb4_unicode_ci NOT NULL,
  `name_of_school` varchar(191) COLLATE utf8mb4_unicode_ci NOT NULL,
  `school_address` varchar(191) COLLATE utf8mb4_unicode_ci NOT NULL,
  `school_province_id` int(11) NOT NULL,
  `school_city_id` int(11) NOT NULL,
  `school_zipcode` int(11) NOT NULL,
  `remarks` varchar(191) COLLATE utf8mb4_unicode_ci DEFAULT NULL,
  `created_at` timestamp NULL DEFAULT NULL,
  `updated_at` timestamp NULL DEFAULT NULL
) ENGINE=InnoDB DEFAULT CHARSET=utf8mb4 COLLATE=utf8mb4_unicode_ci;

--
-- Dumping data for table `enrollees`
--

INSERT INTO `enrollees` (`id`, `lrn`, `idno`, `admissionNo`, `firstname`, `middlename`, `lastname`, `suffix`, `nickname`, `age`, `birthday`, `birth_place`, `sex`, `civil_id`, `spouse_lastname`, `spouse_firstname`, `spouse_middlename`, `landline`, `mobile`, `email`, `religion`, `citizenship`, `present_address`, `present_province_id`, `present_city_id`, `present_zipcode`, `permanent_address`, `permanent_province_id`, `permanent_city_id`, `permanent_zipcode`, `educ_at_id`, `father_firstname`, `father_lastname`, `father_middlename`, `father_occupation`, `father_contact_number`, `father_address`, `father_province_id`, `father_city_id`, `father_zipcode`, `mother_firstname`, `mother_lastname`, `mother_middlename`, `mother_occupation`, `mother_contact_number`, `mother_address`, `mother_province_id`, `mother_city_id`, `mother_zipcode`, `primary`, `elementary`, `name_of_school`, `school_address`, `school_province_id`, `school_city_id`, `school_zipcode`, `remarks`, `created_at`, `updated_at`) VALUES
(1, NULL, '2143', 1528125827714, 'sdf', 'asdf', 'wer', 'asdf', 'sadf', '43', '2018-06-12', 'asdf', 1, 2, NULL, NULL, NULL, '435', '545454', 'ewt@yahoo.com', 'asfd', 'sadf', 'asdf', 3, 41, 8506, 'asdf', 5, 73, 4511, 2, 'asdf', 'asdf', 'fda', 'asdf', '234', 'asdf', 2, 30, 8605, 'sadf', 'sadf', 'asdf', 'sadf', NULL, 'asdf', 3, 41, 8506, 'asdf', 'gsad', 'asdf', 'asdf', 2, 29, 8601, NULL, '2018-06-04 12:37:24', '2018-06-04 12:37:24'),
(2, NULL, 'qwrger', 1528125827714, 'gasdf', 'asdf', 'gas', 'asdf', 'sadf', '43', '2018-06-12', 'asdf', 1, 2, NULL, NULL, NULL, '435', '545454', 'ewt@yahoo.com', 'asfd', 'sadf', 'asdf', 3, 41, 8506, 'asdf', 5, 73, 4511, 2, 'asdf', 'asdf', 'fda', 'asdf', '234', 'asdf', 2, 30, 8605, 'sadf', 'sadf', 'asdf', 'sadf', NULL, 'asdf', 3, 41, 8506, 'asdf', 'gsad', 'asdf', 'asdf', 2, 29, 8601, NULL, '2018-06-04 12:38:01', '2018-06-04 12:38:01'),
(3, NULL, '2314', 1528125827714, 'as', 'asdf', 'ghg', 'asdf', 'sadf', '43', '2018-06-12', 'asdf', 1, 2, NULL, NULL, NULL, '435', '545454', 'ewt@yahoo.com', 'asfd', 'sadf', 'asdf', 3, 41, 8506, 'asdf', 5, 73, 4511, 2, 'asdf', 'asdf', 'fda', 'asdf', '234', 'asdf', 2, 30, 8605, 'sadf', 'sadf', 'asdf', 'sadf', NULL, 'asdf', 3, 41, 8506, 'asdf', 'gsad', 'asdf', 'asdf', 2, 29, 8601, NULL, '2018-06-04 12:38:14', '2018-06-04 12:38:14'),
(4, NULL, '89765', 1528125827714, 'erer', 'asdf', 'erer', 'asdf', 'sadf', '43', '2018-06-12', 'asdf', 1, 2, NULL, NULL, NULL, '435', '545454', 'ewt@yahoo.com', 'asfd', 'sadf', 'asdf', 3, 41, 8506, 'asdf', 5, 73, 4511, 2, 'asdf', 'asdf', 'fda', 'asdf', '234', 'asdf', 2, 30, 8605, 'sadf', 'sadf', 'asdf', 'sadf', NULL, 'asdf', 3, 41, 8506, 'asdf', 'gsad', 'asdf', 'asdf', 2, 29, 8601, NULL, '2018-06-04 12:38:25', '2018-06-04 12:38:25'),
(5, NULL, 'df', 1528125827714, 'kjh', 'asdf', 'lkj', 'asdf', 'sadf', '43', '2018-06-12', 'asdf', 1, 2, NULL, NULL, NULL, '435', '545454', 'ewt@yahoo.com', 'asfd', 'sadf', 'asdf', 3, 41, 8506, 'asdf', 5, 73, 4511, 2, 'asdf', 'asdf', 'fda', 'asdf', '234', 'asdf', 2, 30, 8605, 'sadf', 'sadf', 'asdf', 'sadf', NULL, 'asdf', 3, 41, 8506, 'asdf', 'gsad', 'asdf', 'asdf', 2, 29, 8601, NULL, '2018-06-04 12:38:41', '2018-06-04 12:38:41'),
(6, NULL, 'wqef', 1528125827714, 'xv', 'asdf', 'cxvx', 'asdf', 'sadf', '43', '2018-06-12', 'asdf', 1, 2, NULL, NULL, NULL, '435', '545454', 'ewt@yahoo.com', 'asfd', 'sadf', 'asdf', 3, 41, 8506, 'asdf', 5, 73, 4511, 2, 'asdf', 'asdf', 'fda', 'asdf', '234', 'asdf', 2, 30, 8605, 'sadf', 'sadf', 'asdf', 'sadf', NULL, 'asdf', 3, 41, 8506, 'asdf', 'gsad', 'asdf', 'asdf', 2, 29, 8601, NULL, '2018-06-04 12:38:52', '2018-06-04 12:38:52'),
(7, NULL, 'sadgf', 1528125827714, 'fasd', 'asdf', 'fdas', 'asdf', 'sadf', '43', '2018-06-12', 'asdf', 1, 2, NULL, NULL, NULL, '435', '545454', 'ewt@yahoo.com', 'asfd', 'sadf', 'asdf', 3, 41, 8506, 'asdf', 5, 73, 4511, 2, 'asdf', 'asdf', 'fda', 'asdf', '234', 'asdf', 2, 30, 8605, 'sadf', 'sadf', 'asdf', 'sadf', NULL, 'asdf', 3, 41, 8506, 'asdf', 'gsad', 'asdf', 'asdf', 2, 29, 8601, NULL, '2018-06-04 12:39:11', '2018-06-04 12:39:11'),
(8, NULL, 'thgr', 1528125827714, 'fasd', 'asdf', 'fdas', 'asdf', 'sadf', '43', '2018-06-12', 'asdf', 1, 2, NULL, NULL, NULL, '435', '545454', 'ewt@yahoo.com', 'asfd', 'sadf', 'asdf', 3, 41, 8506, 'asdf', 5, 73, 4511, 2, 'asdf', 'asdf', 'fda', 'asdf', '234', 'asdf', 2, 30, 8605, 'sadf', 'sadf', 'asdf', 'sadf', NULL, 'asdf', 3, 41, 8506, 'asdf', 'gsad', 'asdf', 'asdf', 2, 29, 8601, NULL, '2018-06-04 12:39:16', '2018-06-04 12:39:16'),
(9, NULL, 'SHS-101', 1528125827714, 'faa', 'asdf', 'hgf', 'asdf', 'sadf', '43', '2018-06-12', 'asdf', 1, 2, NULL, NULL, NULL, '435', '545454', 'ewt@yahoo.com', 'asfd', 'sadf', 'asdf', 3, 41, 8506, 'asdf', 5, 73, 4511, 2, 'asdf', 'asdf', 'fda', 'asdf', '234', 'asdf', 2, 30, 8605, 'sadf', 'sadf', 'asdf', 'sadf', NULL, 'asdf', 3, 41, 8506, 'asdf', 'gsad', 'asdf', 'asdf', 2, 29, 8601, NULL, '2018-06-04 12:39:19', '2018-06-04 13:32:46'),
(10, 456675643, NULL, 1528125827714, 'fasd', 'asdf', 'fdas', 'asdf', 'sadf', '43', '2018-06-12', 'asdf', 1, 2, NULL, NULL, NULL, '435', '545454', 'ewt@yahoo.com', 'asfd', 'sadf', 'asdf', 3, 41, 8506, 'asdf', 5, 73, 4511, 2, 'asdf', 'asdf', 'fda', 'asdf', '234', 'asdf', 2, 30, 8605, 'sadf', 'sadf', 'asdf', 'sadf', NULL, 'asdf', 3, 41, 8506, 'asdf', 'gsad', 'asdf', 'asdf', 2, 29, 8601, NULL, '2018-06-04 12:39:23', '2018-06-04 13:12:54'),
(11, NULL, 'IIT-SHS06', 1121589186, 'Almer', 'Aralquez', 'Mondejar', NULL, 'Almer', '18', '1999-10-22', 'Davao City', 1, 5, NULL, NULL, NULL, NULL, '09234387537', 'Almer3012@gmail.com', 'Roman Catholic', 'Filipino', 'Umapad Mandaue City', 25, 442, 6014, 'Umapad Mandaue City', 25, 442, 6014, 1, 'Alejo', 'Mondejar', 'Panpon', 'None', '09234383537', 'Umapad Mandaue City', 25, 442, 6014, 'Maredeth', 'Mondejar', 'Aralquez', 'None', NULL, 'Umapad Mandaue City', 25, 442, 6014, 'Mandaue', 'Opao Elementary School', 'Don Gerardo Lapu Lapu National High School', 'Umapad Mandaue City', 25, 442, 6014, NULL, '2018-06-27 09:14:07', '2018-08-01 13:20:26'),
(12, NULL, 'IIT-SHS16', 1212798223, 'John Rey', 'Cuizon', 'Repuela', NULL, 'John', '17', '2001-03-09', 'Jagobiao Mandaue City', 1, 5, NULL, NULL, NULL, NULL, '000000000000', 'asdf@gmail.com', 'Roman Catholic', 'Filipino', 'Cansaga Consolacion City Cebu', 25, 442, 6014, 'Cansaga Consolacion Mandaue City', 25, 442, 6014, 1, 'John Rhey', 'Repuela', 'Cuizon', 'None', '00000000000', 'Cansaga Consolacion Mandaue City', 25, 442, 6014, 'Yolanda', 'Repuela', 'Cuizon', 'None', '00000000000', 'Cansaga Consolacion Mandaue City', 25, 442, 6014, 'Consolacion Cebu', 'Consolacion Central School', 'Jagobiao National High School', 'Jagobiao Mandaue City', 25, 442, 6014, NULL, '2018-06-28 09:29:16', '2018-08-01 13:23:12'),
(13, NULL, 'IIT-SHS63', 1214256489, 'Deceme', 'Lagnason', 'Maningo', NULL, 'Deceme', '17', '2001-12-07', 'Bihang Bongoyan Borbon Cebu', 2, 5, NULL, NULL, NULL, NULL, '09758169474', 'asdf@gmail.com', 'Roman Catholic', 'Filipino', 'Mandaue City', 25, 442, 6014, 'Bihang Bongoyan Borbon Cebu', 25, 457, 6008, 1, 'Democrito', 'Manigo', 'Arnado', 'Driver', NULL, 'Bongoyan Borbon Cebu', 25, 457, 6008, 'Berlita', 'Maningo', 'Ochea', 'Housewife', '09061578215', 'Bongoyan Borbon Cebu', 25, 457, 6008, 'Bongoyan Borbon Cebu', 'Bongoyan Elementary School', 'Don Emilio Osmea Memorial School', 'Sagay Borbon Cebu', 25, 457, 6008, NULL, '2018-06-28 10:14:57', '2018-08-01 13:32:24'),
(14, NULL, NULL, 1217817527, 'Almer', 'Aralquez', 'Mondejar', NULL, 'Almer', '18', '1999-10-22', 'Davao City', 1, 5, NULL, NULL, NULL, NULL, '09234387537', 'asdf@gmail.com', 'Roman Catholic', 'Filipino', 'Umapad Mandaue City', 25, 442, 6014, 'Umapad Mandaue City', 25, 442, 6014, 1, 'Almer', 'Mondejar', 'Panpon', 'None', '092343383537', 'Umapad Mandaue City', 25, 442, 6014, 'Maredeth', 'Mondejar', 'Aaralquez', 'None', NULL, 'Umapad Mandaue City', 25, 442, 6014, 'Umapad Mandaue City', 'Opao Elementary School', 'Don Gerardo LL Ouano National High School', 'Mandaue City', 25, 442, 6014, NULL, '2018-06-28 10:47:26', '2018-06-28 10:47:26'),
(15, NULL, 'IIT-SHS08', 1218663212, 'Howard', 'Cilo', 'Bardaje', NULL, 'Howard', '17', '2001-03-31', 'Cebu City', 1, 5, NULL, NULL, NULL, NULL, '09474421977', '19was68@gmail.com', 'Roman Catholic', 'Filipino', 'Babag Lapu-Lapu City', 25, 441, 6015, 'Babag Lapu-Lapu City', 25, 441, 6015, 1, 'Haylin', 'Bardaje', 'Villegas', 'Vendor', NULL, 'Babag Lapu-Lapu City', 25, 441, 6015, 'Maribeth', 'Cilo', 'Cain', 'Vendor', '09999977796', 'Babag Lapu-Lapu City', 25, 441, 6015, 'Seventhday Adventist School', 'Seventhday Adventist School', 'Babag 1 Lapu-Lapu City', 'Babg Lapu-Lapu City', 25, 441, 6015, NULL, '2018-06-28 11:17:10', '2018-08-01 13:21:13'),
(16, NULL, 'IIT-SHS65', 1221209644, 'Jessa Mae', 'Talle', 'Judilla', NULL, 'Jessa', '16', '2002-04-24', 'Tabok Mandaue City', 2, 5, NULL, NULL, NULL, NULL, '09333654165', 'asdf@gmail.com', 'Roman Catholic', 'Filipino', 'Tabok Mandaue City', 25, 442, 6014, 'Tabok Mandaue City', 25, 442, 6014, 1, 'Jesucito', 'Judilla', 'Talle', 'None', NULL, 'Tabok Mandaue City', 25, 442, 6014, 'Myrna', 'Judilla', 'Talle', 'Housewife', NULL, 'Tabok Mandaue City', 25, 442, 6014, 'Tabok Mandaue City', 'Tabok Elementary School', 'Tabok National High School', 'Tabok Mandaue City', 25, 442, 6014, NULL, '2018-06-28 11:59:49', '2018-08-01 13:33:30'),
(17, NULL, 'IIT-SHS64', 1223021419, 'Fhlor De May', 'Allecer', 'Aum', NULL, 'May', '17', '2001-05-26', 'Cebu City', 2, 5, NULL, NULL, NULL, NULL, '00000000000', 'asdf@gmail.com', 'Roman Catholic', 'Filipino', 'PusokChamba-Chamba Lapu-Lapu City', 25, 441, 6015, 'PusokChamba-Chamba Lapu-Lapu City', 25, 442, 6014, 1, 'Arnel', 'Aum', 'Muros', 'Operation Manager', '09332934070', 'PusokChamba-Chamba Lapu-Lapu City', 25, 441, 6015, 'Eleonor', 'Aum', 'Allecer', 'Housewife', NULL, 'PusokChamba-Chamba Lapu-Lapu City', 25, 442, 6014, 'PusokChamba-Chamba Lapu-Lapu City', 'Pusok Elementary School', 'Gun-ob High School', 'PusokChamba-Chamba Lapu-Lapu City', 25, 441, 6015, NULL, '2018-06-28 13:05:04', '2018-08-01 13:32:45'),
(18, NULL, 'IIT-SHS46', 1226927779, 'Ritchie', 'Casa', 'Rodriguez', NULL, 'Ritchie', '19', '1999-03-12', 'Guinsay Danao City', 1, 5, NULL, NULL, NULL, NULL, '09260827328', 'asdf@gmail.com', 'Roman Catholic', 'Filipino', 'Casuntingan Mandaue City', 25, 442, 6014, 'Casuntingan Mandaue City', 25, 442, 6014, 1, 'Ernesto', 'Rodriguez', 'Casas', 'None', NULL, 'Casuntingan Mandaue City', 25, 442, 6014, 'Arlene', 'Rodriguez', 'Casas', 'None', NULL, 'Casuntingan Mandaue City', 25, 442, 6014, 'Casuntingan', 'Casuntingan', 'Cabancalan National High School', 'Casuntingan Mandaue City', 25, 442, 6014, NULL, '2018-06-28 13:22:53', '2018-07-18 11:35:27'),
(19, NULL, 'IIT-SHS62', 1227847435, 'Mariadith', 'Cleopas', 'Sanchez', NULL, 'Mariadith', '18', '2000-03-18', 'Oslob', 2, 5, NULL, NULL, NULL, NULL, '09227030561', '09227030561@facebook.com', 'Roman Catholic', 'Filipino', 'Casuntingan Mandaue City', 25, 442, 6014, 'Casuntingan Mandaue City', 25, 442, 6014, 1, 'Gerilito', 'Sanchez', 'Cleopas', 'Company Driver', '09421886891', 'Casuntingan Mandaue City', 25, 442, 6014, 'Juditha', 'Sanchez', 'Cleopas', 'Hosewife', NULL, 'Casuntingan Mandaue City', 25, 442, 6014, 'Cabancalan', 'Cabancalan 1 National School', 'Cabancalan 2 National High School', 'Casuntingan Mandaue City', 25, 442, 6014, NULL, '2018-06-28 13:41:28', '2018-11-07 10:10:28'),
(20, NULL, 'IIT-SHS31', 1228996387, 'Melanie', 'Sanchez', 'Estillore', NULL, 'Melanie', '17', '2001-05-05', 'Alegria Cordova Cebu', 2, 5, NULL, NULL, NULL, NULL, '00000000000', 'asdf@gmail.com', 'Roman Catholic', 'Filipino', 'Alegria Cordova Cebu', 25, 462, 6017, 'Alegria Cordova Cebu', 25, 462, 6017, 1, 'Romeo', 'Estillore', 'Jao', 'Driver', NULL, 'Alegria Cordova Cebu', 25, 462, 6017, 'Marina', 'Estillore', 'Amoren', 'Housewife', NULL, 'Alegria Cordova Cebu', 25, 462, 6017, 'Alegria', 'Alegria Elementary School', 'Babag National High School', 'Alegria Cordova Cebu', 25, 462, 6017, NULL, '2018-06-28 13:53:34', '2018-08-01 13:27:31'),
(21, NULL, 'IIT-SHS39', 1288205863, 'Joanne', 'Pevida', 'Estaero', NULL, 'Joanne', '17', '2000-08-20', 'Tabuelan Cebu', 2, 5, NULL, NULL, NULL, NULL, '09233771423', 'asdf@gmail.com', 'Roman Catholic', 'Filipino', 'Tabuelan Cebu', 25, 487, 6044, 'Tabuelan Cebu', 25, 487, 6044, 1, 'Ponciano', 'Estaero', 'N/A', 'Carpenter', NULL, 'Tabuelan Cebu', 25, 487, 6044, 'Marivic', 'Estaero', 'D', 'Housekeeping', NULL, 'Tabuelan Cebu', 25, 487, 6044, 'Tabuelan', 'Kantubaon Elementary School', 'San Miguel National High School', 'Tabuelan Cebu', 25, 487, 6044, NULL, '2018-06-29 06:57:48', '2018-08-01 13:28:24'),
(22, NULL, 'IIT-SHS43', 1291232497, 'Kevin', 'Bacunas', 'Unabia', NULL, 'Kevin', '18', '2000-05-21', 'Lipata Linao Minglanilla', 1, 5, NULL, NULL, NULL, NULL, '00000000000', 'asdf@gmail.com', 'Roman Catholic', 'Filipino', 'Paknaan Mandaue City', 25, 442, 6014, 'Paknaan Mandaue City', 25, 442, 6014, 1, 'Rolando', 'Unabia', 'P', 'None', NULL, 'Paknaan Mandaue City', 25, 442, 6014, 'Medina', 'Unabia', 'V', 'None', NULL, 'Paknaan Mandaue City', 25, 442, 6014, 'Lipata Central School', 'Lipata Central School', 'Tabok National School', 'Paknaan Mandaue City', 25, 442, 6014, NULL, '2018-06-29 10:11:19', '2018-08-01 13:30:10'),
(23, 0, 'IIT-SHS53', 1308106916, 'Venz Miko', 'Pabillore', 'Orcales', NULL, 'Chong', '19', '1999-03-06', 'Cebu Doctors Cebu City', 1, 5, NULL, NULL, NULL, NULL, '09272560906', 'asdf@gmail.com', 'Roman Catholic', 'Filipino', 'Banilad Mandaue City', 25, 442, 6014, 'Banilad Mandaue City', 25, 442, 6014, 1, 'Fernando', 'Orcales', 'Tagod', 'Jeepney Driver', NULL, 'Banilad Mandaue City', 25, 442, 6014, 'Marissa', 'Orcales', 'Pabillore', 'Housewife', '09168942172', 'Banilad Mandaue City', 25, 442, 6014, 'Cabancalan Elementary School', 'Cabancalan Elementary School', 'Cabancalan National High School', 'Banilad Mandaue City', 25, 442, 6014, NULL, '2018-06-29 11:52:04', '2018-06-29 11:54:34'),
(24, NULL, 'IIT-SHS30', 1546505811, 'Regina', 'Caranzo', 'Alarba', NULL, 'Regina', '16', '2002-01-08', 'Nangka Consolacion Cebu', 2, 5, NULL, NULL, NULL, NULL, '09202056143', 'alarbaregina@gmail.com', 'Roman Catholic', 'Filipino', 'Purok 5 Nangka Consolacion Cebu', 25, 461, 6001, 'Purok 5 Nangka Consolacion Cebu', 25, 461, 6001, 1, 'Rafael', 'Alarba', 'M', 'None', NULL, 'Purok 5 Nangka Consolacion Cebu', 25, 461, 6001, 'Imelda', 'Alarba', 'C', 'Housewife', NULL, 'Purok 5 Nangka Consolacion Cebu', 25, 461, 6001, 'Consolacion', 'Nangka Elementary School', 'Consolacion National High School', 'Purok 5 Nangka Consolacion Cebu', 25, 461, 6001, NULL, '2018-07-02 06:13:55', '2018-11-07 10:14:43'),
(25, NULL, 'IIT-SHS26', 1548173544, 'Leo ivan', 'Bathan', 'Elnas', NULL, 'Leoivan', '16', '2001-05-04', 'Mandaue City', 1, 5, NULL, NULL, NULL, NULL, '09768531776', 'Denryle@gmai.com', 'Roman Catholic', 'Filipino', 'Sectoer 2  Pagsabungan Mandaue City', 25, 442, 6014, 'Sector 2 Pagsabungan Mandaue City', 25, 442, 6014, 1, 'Leonardo', 'Elnas', 'N/A', 'Pumpcript', '099758531776', 'Sector 2 Pagsabungan Mandaue City', 25, 442, 6014, 'Myrna', 'Bathan', 'A', 'Housewife', '099758531776', 'Sector 2 Pagsabungan Mandaue City', 25, 442, 6014, 'Redimer Learning Center', 'Basak Elementary School', 'Pagsabungan National High School', 'Pagsabungan Mandaue City', 25, 442, 6014, NULL, '2018-07-02 07:02:01', '2018-08-01 13:25:25'),
(26, NULL, 'IIT-SHS49', 1551264276, 'Lanie', 'Remellete', 'Morales', NULL, 'Lanie', '17', '2002-09-04', 'Tabok Mandaue City', 2, 5, NULL, NULL, NULL, NULL, '00000000000', 'asdf@gmai.com', 'Roman Catholic', 'Filipino', 'Tabok, Mandaue City', 25, 442, 6014, 'Tabok, Mandaue City', 25, 442, 6014, 1, 'Romeo', 'Morales', 'Capul', 'None', NULL, 'Tabok, Mandaue City', 25, 442, 6014, 'Diosdada', 'Remellete', 'Bontigao', 'Housewife', NULL, 'Tabok, Mandaue City', 25, 442, 6014, 'Tabok', 'Tabok', 'Tabok National High School', 'Tabok Mandaue City', 25, 442, 6014, NULL, '2018-07-02 09:06:04', '2018-08-01 13:31:43'),
(27, NULL, 'IIT-SHS32', 1558194751, 'Michelle', 'Casul', 'Pogoy', NULL, 'Elle', '18', '1999-11-05', 'Cebu City', 2, 5, NULL, NULL, NULL, NULL, '09453817651', 'asdf@gmail.com', 'Roman Catholic', 'Filipino', 'Ylaya, Ibabao, Cordova, Cebu City', 25, 462, 6017, 'Ylaya, Ibabao, Cordova, Cebu City', 25, 462, 6017, 1, 'Rene', 'Pogoy', 'Y', 'Carpenter', '09179539741', 'Ylaya, Ibabao, Cordova, Cebu City', 25, 462, 6017, 'Teresita', 'Pogoy', 'A', 'Housewife', NULL, 'Ylaya, Ibabao, Cordova, Cebu City', 25, 462, 6017, 'Pilipog Cordova', 'Pilipog Elementary School', 'Babag National High School', 'Ylaya, Ibabao, Cordova, Cebu City', 25, 462, 6017, NULL, '2018-07-02 09:40:51', '2018-08-01 13:28:54'),
(28, NULL, 'IIT-SHS70', 1560112352, 'Jhon Morris', 'A', 'Marabello', NULL, 'Morris', '17', '2001-03-09', 'Cebu City', 1, 5, NULL, NULL, NULL, NULL, '09335364717', 'jmmarabello1233@gmail.com', 'Roman Catholic', 'Filipino', 'Basak Relis Mandaue City', 25, 442, 6014, 'Basak Relis Mandaue City', 25, 442, 6014, 1, 'Herbert', 'Marabillo', 'A', 'N/A', NULL, 'Basak Relis Mandaue City', 25, 442, 6014, 'Temotea', 'Marabillo', 'A', 'Housewife', NULL, 'Basak Relis Mandaue City', 25, 442, 6014, 'Pagsabungan', 'Pagsabungan', 'Pasabungan National High School', 'Basak Relis Mandaue City', 25, 442, 6014, NULL, '2018-07-02 10:16:33', '2018-10-27 09:27:18'),
(29, NULL, 'IIT-SHS11', 1563173322, 'Christian Gregory', 'Waban', 'Gonzaga', NULL, 'Chan', '16', '2001-08-01', 'Consolacion Mandaue City', 1, 5, NULL, NULL, NULL, NULL, '099214878357', 'geyanelnsa@gmail.com', 'Roman Catholic', 'Filipino', 'Sector 1 Hermag Mandaue City', 25, 442, 6014, 'Sector 1 Hermag Mandaue City', 25, 442, 6014, 1, 'Randy', 'Gonzaga', 'G', 'None', NULL, 'Sector 1 Mandaue City', 25, 442, 6014, 'Shine', 'Waban', 'S.', 'None', NULL, 'Sector 1 Hermag Mandaue City', 25, 442, 6014, 'Basak Elementary School', 'Basak Elementary School', 'Pagsabungan Mandaue City', 'Pagsabungan Mandaue City', 25, 442, 6014, NULL, '2018-07-02 10:44:01', '2018-07-12 11:33:00'),
(30, NULL, 'IIT-SHS07', 1563847790, 'Megan', 'Mapaho', 'Montecalvo', NULL, 'Megan', '18', '2000-03-02', 'Guindulman Bohol', 2, 5, NULL, NULL, NULL, NULL, '09056893004', 'Melanie1234@gmail.com', 'Roman Catholic', 'Filipino', 'Ibabao Esatancia, Mandaue City', 25, 442, 6014, 'Ibabao Esatancia, Mandaue City', 25, 442, 6014, 1, 'Romeo', 'Montecalvo', 'A', 'N/A', NULL, 'Ibabao Estancia Mandaue City', 25, 442, 6014, 'Simplicia', 'Montecalvo', 'M', 'N/A', NULL, 'Ibabao Mandaue City', 25, 442, 6014, 'Canhaway', 'Canhaway Elementary School', 'Maguikay National High School', 'Maguikay Mandaue City', 25, 442, 6014, NULL, '2018-07-02 10:59:57', '2018-07-18 09:01:57'),
(31, NULL, NULL, 1563847790, 'Megan', 'Mapaho', 'Montecalvo', NULL, 'Megan', '18', '2000-03-02', 'Guindulman Bohol', 2, 5, NULL, NULL, NULL, NULL, '09056893004', 'Melanie1234@gmail.com', 'Roman Catholic', 'Filipino', 'Ibabao Esatancia, Mandaue City', 25, 442, 6014, 'Ibabao Esatancia, Mandaue City', 25, 442, 6014, 1, 'Romeo', 'Montecalvo', 'A', 'N/A', NULL, 'Ibabao Estancia Mandaue City', 25, 442, 6014, 'Simplicia', 'Montecalvo', 'M', 'N/A', NULL, 'Ibabao Mandaue City', 25, 442, 6014, 'Canhaway', 'Canhaway Elementary School', 'Maguikay National High School', 'Maguikay Mandaue City', 25, 442, 6014, NULL, '2018-07-02 11:00:06', '2018-07-02 11:00:06'),
(32, NULL, 'IIT-SHS25', 1565031687, 'Shara Mae', 'Condiman', 'Lape', NULL, 'shara', '16', '2001-08-13', 'Fortaliza Tuburan Cebu', 2, 5, NULL, NULL, NULL, NULL, '00000000000', 'asdf@gmail.com', 'Roman Catholic', 'Filipino', 'Tabok Mandaue City', 25, 442, 6014, 'Tabok Mandaue City', 25, 442, 6014, 1, 'Jonathan', 'Lape', 'M', 'None', NULL, 'Tabok Mandaue City', 25, 442, 6014, 'Viviana', 'Lape', 'C', 'None', NULL, 'Tabok Mandaue City', 25, 442, 6014, 'Colonia', 'Colonia Elementary School', 'Tabok National High School', 'Tabok National High School', 25, 442, 6014, NULL, '2018-07-02 11:16:57', '2018-08-01 13:24:54'),
(33, NULL, 'IIT-SHS27', 1565895988, 'Frank Niel', 'Manus', 'Manatad', NULL, 'Niel', '16', '2001-06-04', 'Labogon Mandaue City', 2, 5, NULL, NULL, NULL, NULL, '09223913354', 'Erlynmanus75@gmail.com', 'Protestant', 'Filipino', 'Sector 7, Pagsabungan Mandaue City', 25, 442, 6014, 'Sector 7, Pagsabungan Mandaue City', 25, 442, 6014, 1, 'Rene', 'Manatad', 'M.', 'NONE', NULL, 'Sector 7, Pagsabungan Mandaue City', 25, 442, 6014, 'Erlyn', 'Manatad', 'M', 'nOne', '09223913354', 'Sector 7, Pagsabungan Mandaue City', 25, 442, 6014, 'Pagsabungan', 'Pagsabungan Elementary School', 'Pagsabungan National High School', 'Sector 7, Pagsabungan Mandaue City', 25, 442, 6014, NULL, '2018-07-02 11:26:47', '2018-08-01 13:26:19'),
(34, NULL, 'IIT-0378', 1739086103, 'Rosemarie', 'N/A', 'Alsado', NULL, 'Marie', '25', '1992-06-01', 'Negros Occidental', 2, 5, NULL, NULL, NULL, NULL, '09121253432', 'rosemariealsado@gmai.com', 'Roman Catholic', 'Filipino', 'Alang-Alang Mandaue City', 25, 442, 6014, 'Alang- ALang Mandaue City', 25, 442, 6014, 1, 'None', 'None', 'none', 'none', NULL, 'Alang-Alang Mandaue City', 25, 442, 6014, 'Patricia', 'Alsado', 'L', 'None', NULL, 'Alang-Alang Mandaue City', 25, 442, 6014, 'Mandaue', 'Mandaue', 'Alternative Learning Center', 'Alang-Alang Mandaue City', 25, 442, 6014, NULL, '2018-07-04 12:23:29', '2018-11-06 14:50:47'),
(35, NULL, 'IIT-SHS17', 1830467604, 'Reglen', 'Lepon', 'Pedroza', NULL, 'Regs', '17', '2001-05-14', 'Cebu City', 2, 5, NULL, NULL, NULL, NULL, '09436716726', 'asdf@gmail.com', 'Roman Catholic', 'Filipino', 'Greenland Tabok Mandaue City', 25, 442, 6014, 'Greeanland Tabok Mandaue City', 25, 442, 6014, 1, 'Ricardo', 'Socayre', 'Soco', 'Driver', '09424577592', 'Greenland Tabok Mandaue City', 25, 442, 6014, 'Aileen', 'Socayre', 'Pedroza', 'Housewife', '09436716726', 'Greenland Tabok Mandaue City', 25, 442, 6014, 'Tabok', 'Tabok Elementary School', 'Tabok National High School', 'Tabok National High School', 25, 442, 6014, NULL, '2018-07-05 13:12:19', '2018-08-01 13:23:45'),
(36, NULL, 'IIT-SHS24', 1832073014, 'Maria Fe', 'N/A', 'Mabatid', NULL, 'Maria Fe', '16', '2001-07-20', 'Carcar City', 2, 5, NULL, NULL, NULL, NULL, '09152965041', 'asdf@gmail.com', 'Roman Catholic', 'Filipino', 'ML Quezon Admer Maguikay Mandaue City', 25, 442, 6014, 'ML Quezon Admer Maguikay Mandaue Cit', 25, 442, 6014, 1, 'Joel', 'Mabatid', 'Sato', 'Farmer', NULL, 'Calidngan Carcar Cebu City', 25, 439, 6019, 'Elvira', 'Mabatid', 'Mabatid', 'Housewife', NULL, 'Calidngan Carcar Cebu City', 25, 439, 6019, 'Calidngan', 'Calidngan Elementary School', 'Calidngan National High School', 'Calidngan Carcar Cebu', 25, 439, 6019, NULL, '2018-07-05 13:23:42', '2018-08-01 13:19:23'),
(37, NULL, 'IIT-SHS42', 1887851531, 'Erick', 'Ombao', 'Nadela', NULL, 'Rick', '16', '2001-10-22', 'Carcar City', 1, 5, NULL, NULL, NULL, NULL, '09755674495', 'asdf@gamil.com', 'Roman Catholic', 'Filipino', 'Calidngan Carcar Cebu City', 25, 439, 6019, 'Calidngan Carcar Mandaue City', 25, 439, 6019, 1, 'Raymundo', 'Nadela', 'L', 'Vendor', NULL, 'Calidngan Carcar Mandaue City', 25, 439, 6019, 'Leonarda', 'Nadela', 'B', 'Housewife', NULL, 'Calidngan Carcar Mandaue City', 25, 439, 6019, 'Calidngan', 'Calidngan Elementary School', 'Roberto E Sato National High School', 'Calidngan Carcar Cebu City', 25, 439, 6019, NULL, '2018-07-06 05:15:21', '2018-08-01 13:29:53'),
(38, NULL, 'IIT-SHS36', 1890231165, 'Jia Blair', 'N/A', 'Sagayno', NULL, 'Ji', '17', '2000-10-04', 'Carmen Cebu', 2, 5, NULL, NULL, NULL, NULL, '09361632557', 'asdf@gmail.com', 'Roman Catholic', 'Filipino', 'Number 8, 11th avenue phase 2, Agro Macro Subdivision, Cabancalan, Mandaue City', 25, 442, 6014, 'Number 8, 11th avenue phase 2, Agro Macro Subdivision, Cabancalan, Mandaue City', 25, 442, 6014, 1, 'None', 'None', 'None', 'None', NULL, 'Number 8, 11th avenue phase 2, Agro Macro Subdivision, Cabancalan, Mandaue City', 25, 442, 6014, 'Rufina', 'Sagayno', 'Dugho', 'Cook', '09361637551', '09361637551', 25, 442, 6014, 'Elpidio De Dios Elementary School', 'Binongkalan Elementary School', 'Cabancalan National High school', 'Cabancalan Mandaue City', 25, 442, 6014, NULL, '2018-07-06 06:03:50', '2018-07-31 14:35:41'),
(39, NULL, 'IIT-SHS44', 1892761738, 'Janice', 'Candar', 'Yumil', NULL, 'Nes', '17', '2000-11-04', 'Paknaan Mandaue City', 2, 5, NULL, NULL, NULL, NULL, '00000000000', 'asdf@gmai.com', 'Roman CATHOLIC', 'Filipinoooo', 'Paknaan Mandaue City', 25, 442, 6014, 'Paknaan Mandaue City', 25, 442, 6014, 1, 'Yumil', 'Jonathan', 'Alburo', 'None', '09351505292', 'Paknaa Mandaue City', 25, 442, 6014, 'Candar', 'Imelda', 'Permales', 'None', NULL, 'Paknaan Mandaue City', 25, 442, 6014, 'Paknaan', 'Paknaan Elementary School', 'Paknaan NATIONAL High School', 'Paknaan Mandaue City', 25, 442, 6014, NULL, '2018-07-06 06:25:54', '2018-08-01 13:30:34'),
(40, NULL, 'IIT-SHS68', 1894151913, 'Rica Jane', 'Yano', 'Primitiva', NULL, 'Rica', '18', '1999-12-20', 'Mandaue City', 2, 5, NULL, NULL, NULL, NULL, '09755169225', 'asdf@gmail.com', 'Roman Catholic', 'Filipno', 'Sitio Lub-ang Cabanlan Mandaue City', 25, 442, 6014, 'Sitio Lub-ang Cabancalan Mandaue', 25, 442, 6014, 1, 'Jose', 'Primitiva', 'S', 'Gurd', NULL, 'Sitio Lub-ang Cabancalan Mandaue City', 25, 442, 6014, 'Luminada', 'Primitiva', 'Y', 'Housewife', NULL, 'Sitio Lub-ang Cabancalan Mandaue City', 25, 442, 6014, 'Cabancalan', 'Cabancalan Elementary School', 'Cabancalan National High School', 'Sitio Lub-ang Cabancalan Mandaue City', 25, 442, 6014, NULL, '2018-07-06 07:25:56', '2018-08-01 13:34:17'),
(41, NULL, 'IIT-SHS35', 1897700800, 'Roy', 'N/A', 'Pepito', NULL, 'Pepito', '16', '2001-06-17', 'Daan Bantayan City', 1, 5, NULL, NULL, NULL, NULL, '09223913354', 'Erlynmanus75@gmail.com', 'Roman Catholic', 'Filipino', 'Sector 1 Pagsabungan Mandaue City', 25, 442, 6014, 'Sector 1 Pagsabungan Mandaue City', 25, 442, 6014, 1, 'Roland', 'Saplad', 'C', 'None', NULL, 'Sector 1 Pagsabungan Mandaue City', 25, 442, 6014, 'Lorena', 'Saplad', 'D', 'None', NULL, 'Sector 1 Pagsabungan Mandaue City', 25, 442, 6014, 'Tabok', 'Tabok Elementary School', 'Pagsabungan National High School', 'Pasabungan Mamdaue City', 25, 442, 6014, NULL, '2018-07-06 07:39:00', '2018-08-01 13:29:18'),
(42, NULL, 'IIT-SHS69', 1899172345, 'Rian Rey', 'Cajes', 'Barriga', NULL, 'Drops', '17', '2001-03-09', 'San Carlos Talibon Bohol', 1, 5, NULL, NULL, NULL, NULL, '09324419905', 'Barrigaete@gmail.com', 'Roman Catholic', 'Filipino', 'Sector 6, Pagsabungan Mandaue City', 25, 442, 6014, 'Sector 6, Pagsabungan Mandaue City', 25, 442, 6014, 1, 'Renato', 'Barriga', 'Agasan', 'Basketball referee', '09339261996', 'Sector 6, Pagsabungan Mandaue City', 25, 442, 6014, 'Carolina', 'Barriga', 'Cajes', 'Cahier', '09236390353', 'Sector 6, Pagsabungan Mandaue City', 25, 442, 6014, 'Pagsabungan Elementary School', 'Pagsabungan Elementary School', 'Pagsabungan National School', 'Sector 6, Pagsabungan Mandaue City', 25, 442, 6014, NULL, '2018-07-06 08:02:53', '2018-08-01 13:34:36'),
(43, NULL, 'IIT-SHS29', 1978733336, 'Jessa Mae', 'N/A', 'Pederico', NULL, 'Samae', '16', '2001-12-02', 'Basak Mandaue City', 2, 5, NULL, NULL, NULL, NULL, '099762516681', 'asdf@gmail.com', 'Roman Catholic', 'Flipino', 'Pulpogan1 Consolacion Cebu', 25, 461, 6001, 'Pulpogan 1 Consolacion Cebu', 25, 461, 6001, 1, 'Jhon', 'Abinosa', 'V', 'Driver', '09354476600', 'Pulpogan 1 Consolacion Cebu', 25, 461, 6001, 'Virgie', 'Pederico', 'L', 'housewife', '09976251618', 'Pulpogan 1 Consolacion', 25, 461, 6001, 'Consolacion', 'Consolacion', 'Consolacion National High School', 'Consolacion Cebu', 25, 461, 6001, NULL, '2018-07-07 08:57:14', '2018-08-01 13:26:51'),
(44, NULL, 'IIT-SHS37', 1989589330, 'Christine Jasel', 'Cannen', 'Maloloy-on', NULL, 'Jasel', '19', '1998-08-17', 'Cebu City', 2, 5, NULL, NULL, NULL, NULL, '09424579478', 'asdf@gmail.com', 'Roman Catholic', 'Filipino', '311 Bakilid Mandaue City', 25, 442, 6014, '311 Bakilid Mandaue City', 25, 442, 6014, 1, 'Edwin', 'Maloloy-on', 'N', 'None', NULL, '311 Bakilid Mandaue City', 25, 442, 6014, 'Leilyn Rose', 'Maloloy-on', 'B', 'Housewife', '09231666126', '311 Bakilid Mandaue City', 25, 442, 6014, 'Bakilid', 'Bakilid Elementary School', 'Alternative Learning Center', '311 Bakilid Mandaue City', 25, 442, 6014, NULL, '2018-07-07 09:12:28', '2018-08-01 13:18:57'),
(45, NULL, 'IIT-SHS18', 1990408994, 'Chrisia Mae', 'N/A', 'Gumera', NULL, 'Siamae', '16', '2001-07-01', 'Cebu', 2, 5, NULL, NULL, NULL, NULL, '09959033139', 'aisirpedra@gmail.com', 'Roman Catholic', 'Filipino', 'Basak Lapu-Lapu City', 25, 441, 6015, 'Basak Lapu-Lapu City', 25, 441, 6015, 1, 'Sammy Christopher', 'Secuya', 'N/A', 'Driver', '09235394247', 'Basak Lapu-Lapu City', 25, 441, 6015, 'Martha Marista', 'Secuya', 'N/A', 'Housewife', '09235394247', 'Basak Lapu-Lapu City', 25, 441, 6015, 'Pajo Elementary School', 'Pajo Elementary School', 'Gun-ob National High School', 'Gun-ob Lapu-Lapu City', 25, 441, 6015, NULL, '2018-07-07 09:40:16', '2018-08-01 13:24:05'),
(46, NULL, 'IIT-SHS22', 1992065854, 'Arain Mariz', 'Dungog', 'Remulta', NULL, 'Arian', '16', '2001-05-27', 'Cebu City', 2, 5, NULL, NULL, NULL, NULL, '09324399191', 'marian_arvin@yahoo.com', 'Roman Catholic', 'Filipino', 'Purok Juda Belt, Babag Lapu-Lapu City', 25, 441, 6015, 'Purok Judas, Belt Babag Lapu-Lapu City', 25, 441, 6015, 1, 'Remulta', 'Arvin', 'Ornopia', 'PCSO Coordinator', NULL, 'Purok Judas, Belt Babag Lapu-Lapu City', 25, 441, 6015, 'Marissa', 'Remulta', 'Dungog', 'Housewife', NULL, 'Purok Judas Belt Babag Lapu-Lapu City', 25, 441, 6015, 'Opon Kindergarten and Nursery School', 'Canjulao Elementary School', 'Babag National High School', 'Babag Lapu-Lapu City', 25, 441, 6015, NULL, '2018-07-07 10:05:58', '2018-08-01 13:24:27'),
(47, NULL, 'IIT-SHS13', 1993714984, 'Pamela Joy', 'Villa', 'Nulla', NULL, 'Ella', '17', '2000-09-05', 'Cebu', 2, 5, NULL, NULL, NULL, NULL, '09976275002', 'asdf@gmail.cpm', 'Roman Catholic', 'Filipino', 'yati liloan cebu', 25, 467, 6002, 'yati liloan cebu', 25, 467, 6002, 1, 'Felipe', 'Nulla', 'Punes', 'Paintor', '09754754543', 'Paypay Daanbantayan Cebu', 25, 463, 6013, 'Carmelita', 'Nulla', 'Villa', 'Food Binding', '09975718054', 'yati liloan 09368033589 mother', 25, 441, 6015, 'Paypay Elementary School', 'Paypay Elementary School', 'Gun-ob National High School', 'Gun-ob Lapu-Lapu City', 25, 441, 6015, NULL, '2018-07-07 10:17:55', '2018-11-06 10:21:34'),
(48, NULL, 'IIT-SHS15', 1994350746, 'Honie Mae', 'Villahermosa', 'Palacio', NULL, 'Honie', '15', '2002-09-18', 'Tabok Mandaue City', 2, 5, NULL, NULL, NULL, NULL, '00000000000', 'asd@gmail.com', 'Roman Catholic', 'Filipino', 'Tabok Mandaue City', 25, 442, 6014, 'Tabok Mandaue City', 25, 442, 6014, 1, 'Julito', 'Palcio', 'N', 'NONE', NULL, 'Tabok Mandaue City', 25, 442, 6014, 'Josephine', 'Palacio', 'O', 'hOUSEWIFE', NULL, 'Tabok Mandaue City', 25, 442, 6014, 'Tabok ELementary School', 'Tabok Elementary School', 'Tabok National High School', 'Tabok Mandaue City', 25, 442, 6014, NULL, '2018-07-07 10:25:43', '2018-08-01 13:22:46'),
(49, NULL, 'IIT-SHS45', -2145527678, 'Cristy Jade', 'Pasignasigna', 'Tubos', NULL, 'CJ', '16', '2002-05-10', 'Paknaan Mandaue City', 2, 5, NULL, NULL, NULL, NULL, '00000000000', 'asdf@gmail.com', 'Roman Catholic', 'Filipino', 'Paknaan Mandaue City', 25, 442, 6014, 'Paknaan  Mandaue City', 25, 442, 6014, 1, 'Fernando', 'Tubos', 'O', 'Jeep', NULL, 'Paknaan Mandaue City', 25, 442, 6014, 'Amelita', 'Tubos', 'P', 'Housewife', NULL, 'Paknaan Mandaue City', 25, 442, 6014, 'Paknaan', 'Paknaan Elementary School', 'Paknaan National High School', 'Paknaan Mandaue City', 25, 442, 6014, NULL, '2018-07-09 07:05:08', '2018-08-01 13:30:55'),
(50, NULL, 'IIT-SHS12', -2139159839, 'Xavier Neil', 'Miral', 'Calderon', NULL, 'Vier', '16', '2001-08-18', 'Mandaue City', 1, 5, NULL, NULL, NULL, NULL, '09158774650', 'BEEFEB@gmail.com', 'Roman Catholic', 'Filipino', 'Bas-Bas Mandaue City', 25, 442, 6014, 'Bas-Bas Mandaue City', 25, 442, 6014, 1, 'Jerex', 'Calderon', 'D', 'Industrial Engineer', '09266670887', 'Bas-Bas Mandaue City', 25, 442, 6014, 'Marylyn', 'Calderon', 'M', 'Sales Lady', '09158774630', 'Bas-Bas Mandaue City', 25, 442, 6014, 'Pasabungan', 'Pagsabungan Elementary School', 'Pagsabungan National High School', 'Pagsabungan Mandaue City', 25, 442, 6014, NULL, '2018-07-09 07:25:12', '2018-08-01 13:21:44'),
(51, NULL, 'IIT-SHS48', -2138005226, 'Kyle Christian', 'Padayogdog', 'Mayol', NULL, 'Kyle', '16', '2002-05-17', 'Consolacion Cebu', 1, 5, NULL, NULL, NULL, NULL, '09066313735', 'asdf@gmail.com', 'Roman Catholic', 'Filipino', 'Consolacion Cebu', 25, 461, 6001, 'Consolacion Cebu', 25, 461, 6001, 1, 'Tereso', 'Mayol', 'C', 'Maintainance Electrician', '09358438878', 'Consolacion Cebu', 25, 461, 6001, 'Lelet', 'Mayol', 'P', 'Sales Lady', NULL, 'Consolacion Mandaue', 25, 461, 6001, 'Borbon Central Elementary School', 'Borbon Central Elementary School', 'Cabangahan National High School', 'Cabangahan Consolacion Cebu', 25, 461, 6001, NULL, '2018-07-09 07:39:10', '2018-08-01 13:31:21'),
(52, NULL, 'IIT-SHS67', -2137234098, 'Loreal Apple', 'Postrero', 'Diva', NULL, 'Apple', '18', '1999-06-14', 'Mandaue City', 2, 5, NULL, NULL, NULL, NULL, '09224571640', 'asdf@gmail.com', 'Roman Catholic', 'Filipino', 'Sitio Lub-ang Casuntingan Mandaue City', 25, 442, 6014, 'Sitio Lub-ang Casuntingan Mandaue City', 25, 442, 6014, 1, 'Alfredo', 'Diva', 'Garcia', 'N/A', NULL, 'Sitio Lub-ang Casuntingan Mandaue City', 25, 442, 6014, 'Carmencita', 'Diva', 'Postrero', 'N/A', NULL, 'Sitio Lub-ang Casuntingan Mandaue City', 25, 442, 6014, 'Maguikay', 'Maguikay Elemetary School', 'Cabancalan National High School', 'Sitio Lub-ang Casuntingan Mandaue City', 25, 442, 6014, NULL, '2018-07-09 07:54:58', '2018-08-01 13:33:55'),
(53, NULL, 'IIT-SHS28', -2136329891, 'Jay-U Val', 'N/A', 'Pacilan', NULL, 'Jay-U', '17', '2000-05-22', 'Naval', 1, 5, NULL, NULL, NULL, NULL, '09321394654', 'Jayuval@yahoo.com', 'Roman Catholic', 'Filipino', 'Gun-ob Timpolok Lapu-Lapu City', 25, 441, 6015, 'Gun-ob Timpolok Lapu-Lapu City', 25, 441, 6015, 1, 'N/A', 'N/A', 'N/A', 'N/A', NULL, 'Gun-ob Timpolok Lapu-Lapu City', 25, 441, 6015, 'Mariabel', 'Pacilan', 'R', 'Bussiness', NULL, 'Gun-ob Timpolok Lapu-Lapu City', 25, 441, 6015, 'Seventh Day Adventist School', 'St. Agustine International School', 'Babag National High School', 'Babag 1 Lapu-Lapu City', 25, 441, 6015, NULL, '2018-07-09 08:05:10', '2018-11-07 10:18:21'),
(54, NULL, 'IIT-SHS54', -2135795178, 'Kervie', 'Cartogena', 'Tudtud', NULL, 'Keeey', '16', '2002-01-16', 'Cayang Bogo Cebu', 1, 5, NULL, NULL, NULL, NULL, '0920573930', 'sanmigcoffe@ymail.com', 'Roman Catholic', 'Filipino', 'Pagsabungan Mandaue City', 25, 442, 6014, 'Pagsabungan Mandaue City', 25, 442, 6014, 1, 'Virgillo', 'Tutdud', 'F', 'Laborer', NULL, 'Pagsabungan Mandaue City', 25, 442, 6014, 'Vilma', 'Tudtud', 'C', 'Laborer', NULL, 'Pagsabungan Mandaue City', 25, 442, 6014, 'Redeemer Learning Center', 'Pagsabungan Elementary School', 'Pasabungan National High School', 'Pagsabungan Mandaue City', 25, 442, 6014, NULL, '2018-07-09 09:26:56', '2018-07-31 11:43:57'),
(55, NULL, 'IIT-SHS41', -2130083590, 'Cristymae', 'Rivera', 'Montecalvo', NULL, 'Cristy', '17', '2001-04-06', 'Masbate', 2, 5, NULL, NULL, NULL, NULL, '0000000000', 'asdf@gmail.com', 'Roman Catholic', 'Filipino', 'Number 19 Zone Gabe Paknaan Mandaue City', 25, 442, 6014, 'Naro Cawayan Masbate', 46, 949, 5405, 1, 'Chanelito', 'Montecalvo', 'Nugas', 'Fisherman', NULL, 'Naro Cawayan Masbate', 46, 949, 5405, 'Marcelina', 'Rivera', 'Ruelo', 'Housekeeper', NULL, 'Naro Cawayan Masbate', 46, 949, 5405, 'Naro', 'Naro Elementary School', 'Naro National High School', 'Naro Cawayan Masbate', 46, 949, 5405, NULL, '2018-07-09 10:09:53', '2018-08-01 13:20:53'),
(56, NULL, 'IIT-SHS50', -2128283312, 'Louie Jay', 'Ygot', 'Monterde', NULL, 'Lorraine', '16', '2001-09-15', 'Daaanbantayan Cebu', 1, 5, NULL, NULL, NULL, NULL, '09424726802', 'moraleslouiejay@yahoo.com', 'Roman Catholic', 'Filipino', 'Paknaan Mandaue City', 25, 442, 6014, 'Paknaan  Mandaue City', 25, 442, 6014, 1, 'Glen', 'Morales', 'Villanueva', 'Laborer', '0942476802', 'Paknaan Mandaue City', 25, 442, 6014, 'Liza', 'Monterde', 'Ygot', 'Laborer', '09424400444', 'Paknaan Mandaue City', 25, 442, 6014, 'Maguikay Elementary School', 'Paknaan Elementary School', 'Alternative Learning Center', 'Paknaan Mandaue City', 25, 442, 6014, NULL, '2018-07-09 10:20:44', '2018-07-09 10:22:32'),
(57, NULL, 'IIT-SHS40', -2127629801, 'Christopher', 'Etang', 'Balani', 'JR', 'Chris', '17', '2001-05-19', 'Mandaue City', 1, 5, NULL, NULL, NULL, NULL, '09424726802', 'Riarimirishi@yahoo.com', 'Roman Catholic', 'Filipino', 'Paknaan Mandaue City', 25, 442, 6014, 'Paknaan Mandaue City', 25, 442, 6014, 1, 'Christopher', 'Balani', 'Lapao', 'Mepza', NULL, 'Paknaan Mandaue City', 25, 442, 6014, 'Cherry', 'Balani', 'Etang', 'Housewife', '0942470303', 'Paknaan Mandaue City', 25, 442, 6014, 'Robina Daycare Center', 'Paknaan Elementary School', 'Alternative Learning Center', 'Paknaan Mandaue City', 25, 442, 6014, NULL, '2018-07-09 10:30:27', '2018-07-31 11:56:15'),
(58, NULL, NULL, -2126930122, 'Roselyn', 'Poledario', 'Evangelio', NULL, 'Roselyn', '17', '2000-06-11', 'Mandaue City', 2, 5, NULL, NULL, NULL, NULL, '09322181771', 'asdf@gmail.com', 'Roman Catholic', 'Filipino', 'Paknaan Mandaue City', 25, 442, 6014, 'Paknaan Mandaue City', 25, 442, 6014, 1, 'Hernani', 'Evangelio', 'N/A', 'Chief Mechanic', NULL, 'Paknaan Mandaue City', 25, 442, 6014, 'Adelen', 'Evangelio', 'P', 'Housewife', NULL, 'Paknaan Mandaue City', 25, 442, 6014, 'Paknaan', 'Paknaan', 'Alternative Learning Center', 'Paknaann Mandaue City', 25, 442, 6014, NULL, '2018-07-09 10:54:22', '2018-07-09 10:54:22'),
(59, NULL, 'IIT-358', -2045881375, 'Roselyn', 'Poledario', 'Evangelio', NULL, 'Roselyn', '17', '2000-06-11', 'Mandaue City', 2, 5, NULL, NULL, NULL, NULL, '09322181771', 'asdf@gmail.com', 'Roman Catholic', 'Filipino', 'Paknaan Mandaue City', 25, 442, 6014, 'Paknaan Mandaue City', 25, 442, 6014, 1, 'Hernani', 'Evangelio', 'N/A', 'Chief Mechanic', NULL, 'Paknaan Mandaue City', 25, 442, 6014, 'Adelen', 'Evangelio', 'P', 'Housewife', NULL, 'Paknaan Mandaue City', 25, 442, 6014, 'Paknaan Mandaue', 'Paknaan Mandaue', 'Alternative Learning Center', 'Paknaan Mandaue City', 25, 442, 6014, NULL, '2018-07-10 09:11:20', '2018-08-01 13:18:28'),
(60, NULL, 'IIT-359', -2045363989, 'Anna Marie', 'Leones', 'Pirino', NULL, 'Ann', '17', '2000-09-26', 'Paknaaan Mandaue City', 2, 5, NULL, NULL, NULL, NULL, '09425256483', 'asdf@gmail.com', 'Roman Catholic', 'Filipino', 'Paknaan Mandaeu City', 25, 442, 6014, 'Paknaan Mandaue City', 25, 442, 6014, 1, 'Rinato', 'Pirino', 'L', 'Driver', NULL, 'Paknaan Mandaue City', 25, 442, 6014, 'Marivic', 'Leones', 'C', 'Housewife', '09425256483', 'Paknaan Mandaue City', 25, 442, 6014, 'Paknaan Mandaue', 'Paknaan', 'Alternative Learning System', 'Paknaan Mandaue City', 25, 442, 6014, NULL, '2018-07-10 09:21:43', '2018-07-10 09:31:11'),
(61, NULL, 'IIT-363', -2044024136, 'Cherwin', 'Albuan', 'Sanceda', NULL, 'Cherwin', '27', '1991-02-01', 'Sariaya Quezon', 1, 5, NULL, NULL, NULL, NULL, '09281801132', 'sancedacherwin@yahoo.com.ph', 'Roman Catholic', 'Filipino', 'House 16 Garcia Compound Mandaue City', 25, 442, 6014, 'House 16 Garcia Compound Mandaue City', 25, 442, 6014, 1, 'Francisco', 'Sanceda', 'G', 'Driver', '09124647581', 'Castaas Sariaya Quezon', 61, 1319, 4322, 'Daisy', 'Albuan', 'P', 'Housewife', '09124674581', 'Castaas Sariaya Quezon', 61, 1319, 4322, 'Castaas', 'Castaas Elementary', 'Alternative Learning System', 'Alang-Alang Mandaue City', 25, 442, 6014, NULL, '2018-07-10 09:46:04', '2018-07-10 09:47:12'),
(62, NULL, 'IIT-373', -2043329136, 'Luz', 'Dejito', 'Valmoria', NULL, 'Luz', '27', '1990-12-30', 'Pinamungajan Cebu', 2, 5, NULL, NULL, NULL, NULL, '09280822191', 'asdf@gmail.com', 'Roman Catholic', 'Filipino', 'H. Ablellana St. Canduman Mandaue City', 25, 442, 6014, 'H. Ablellana St. Canduman Mandaue City', 25, 442, 6014, 1, 'Ponciano', 'Valmoria', 'C', 'Fisherman', NULL, 'Aguiniag Bohol', 15, 216, 6318, 'Elsa', 'Valmoria', 'N', 'Housewife', NULL, 'Sambag San Vicente Liloan', 25, 467, 6002, 'Bohol', 'Bohol', 'Alternative Learning System', 'Mandaue City', 25, 442, 6014, NULL, '2018-07-10 09:55:14', '2018-08-01 13:17:57'),
(63, NULL, 'IIT-0374', -2097934611, 'Jamie', 'Pepito', 'Borja', NULL, 'Baby J', '24', '1994-03-03', 'Mandaue', 2, 5, NULL, NULL, NULL, NULL, '09508068172', 'dod2_jamie@yahoo.com', 'Roman Catholic', 'Filipino', 'Mandaue City', 25, 442, 6014, 'Mandaue City', 25, 442, 6014, 1, 'Jimmy', 'Borja', 'Parawan', 'Driver', '09096456363', 'Mandaue City', 25, 442, 6014, 'Marilou', 'Borja', 'Pepito', 'Housewife', NULL, 'Mandaue City', 25, 442, 6014, 'Mandaue', 'Cesar Cabahug Elementary School', 'Alternative Learning System', 'Mandaue City', 25, 442, 6014, NULL, '2018-07-10 12:04:34', '2018-08-02 09:23:36'),
(64, NULL, 'IIT-0362', -2092891384, 'Raniel', 'Jumao-as', 'Bulanon', NULL, 'Raniel', '18', '1999-05-25', 'Looc Mandaue City', 1, 5, NULL, NULL, NULL, NULL, '09755510733', 'ranielBulanon@yahoo.com', 'Roman Catholic', 'Filipino', 'Plaridel St. Umapad Mandaue City', 25, 442, 6014, 'Plaridel St. Umapad Mandaue City', 25, 442, 6014, 1, 'Arniel', 'Bulanon', 'J', 'NONE', '09225940540', 'Plaridel St. Umapad Mandaue City', 25, 442, 6014, 'Baby', 'Bulanon', 'J', 'NONE', '09322842445', 'Plaridel St. Umapad Mandaue City', 25, 442, 6014, 'Opao', 'Opao Elementary School', 'Alternative Learning System', 'Plaridel St. Umapad Mandaue City', 25, 442, 6014, NULL, '2018-07-10 12:29:22', '2018-07-10 12:30:02'),
(65, NULL, 'IIT-0366', -2091828529, 'Sarah Jane', 'Gomez', 'Cuizon', NULL, 'Sarah', '19', '1998-09-19', 'Looc Mandaue City', 2, 5, NULL, NULL, NULL, NULL, '09998708719', 'sarahjanecuizon627@yahoo.com', 'Roman Catholic', 'Filipino', 'Mantuyong Mandaue City', 25, 442, 6014, 'Mantuyong Mandaue City', 25, 442, 6014, 1, 'Cesar', 'Cuizon', 'T', 'Vendor', NULL, 'Mantuyong Mandaue City', 25, 442, 6014, 'Virginia', 'Cuizon', 'Gomez', 'Vendor', NULL, 'Mantuyong Mandaue City', 25, 442, 6014, 'Mandaue', 'Mandaue City Central School', 'Alternative Learning System', 'Mandaue City', 25, 442, 6014, NULL, '2018-07-10 12:42:25', '2018-11-05 14:38:41'),
(66, NULL, 'IIT-0379', -2091126577, 'Jay Ann', 'N/A', 'Batucan', NULL, 'Dayan', '21', '1997-01-04', 'Mandaue City', 2, 5, NULL, NULL, NULL, NULL, '09959028386', 'asdf@gmail.com', 'Roman Catholic', 'Filipino', 'Banilad Mandaue City', 25, 442, 6014, 'Mantuyong Mandaue City', 25, 442, 6014, 1, 'none', 'none', 'none', 'none', NULL, 'Mantuyong Mandaue City', 25, 442, 6014, 'Annabelle', 'Batucan', 'Denson', 'None', '00000000000', 'Mantuyong Mandaue City', 25, 442, 6014, 'Banilad Daycare Center', 'Banilad Elementary School', 'Alternative Learning System', 'Mandaue City', 25, 442, 6014, NULL, '2018-07-10 12:58:05', '2018-08-02 09:18:47'),
(67, NULL, 'IIT-0368', -2089815443, 'Ma. Dawn', 'Lubang', 'Andrin', NULL, 'Dawn', '19', '1998-10-20', 'Guizo Mandaue City', 2, 5, NULL, NULL, NULL, NULL, '093242217372', 'asdf@gmail.com', 'Roman Catholic', 'Filipino', 'Guizo Mandaue City', 25, 442, 6014, 'Guizo Mandaue City', 25, 442, 6014, 1, 'Melchor', 'Andrin', 'Frasco', 'Company Driver', NULL, 'Guizo Mandaue City', 25, 442, 6014, 'Gina', 'Andrin', 'Lubang', 'Street Cleaner', NULL, 'Guizo Mandaue City', 25, 442, 6014, 'Guizo', 'Guizo Elementary School', 'Alternative Learning System', 'Mandaue City', 25, 442, 6014, NULL, '2018-07-10 13:20:31', '2018-11-12 13:48:12'),
(68, NULL, 'IIT-0370', -2088309165, 'Cris-Velt', 'Opaon', 'Pide', NULL, 'Vivel', '20', '1997-06-14', 'Lapu-Lapu City', 2, 5, NULL, NULL, NULL, NULL, '09420210305', 'asdf@gmail.com', 'Roman Catholic', 'Filipino', 'Iba Basak Lapu-Lapu City', 25, 441, 6015, 'Iba Basak Lapu-Lapu City', 25, 441, 6015, 1, 'Crisanto', 'Pide', 'Nakila', 'None', '09271340409', 'Iba Basak Lapu-Lapu City', 25, 441, 6015, 'Ellen', 'Pide', 'Opaon', 'None', NULL, 'Iba Basak Lapu-Lapu City', 25, 441, 6015, 'Lapu-Lapu City', 'Basak Elementary School', 'Basak National High School', 'Iba Basak Lapu-Lapu City', 25, 442, 6014, NULL, '2018-07-10 13:44:42', '2018-07-10 13:47:24'),
(69, NULL, 'IIT-376', -2087252418, 'Juliet', 'Lerio', 'Homecillo', NULL, 'Juliet', '19', '1998-05-12', 'Alegria', 2, 5, NULL, NULL, NULL, NULL, '09224784004', 'asdf@gmail.com', 'Roman Catholic', 'Filipino', 'Banilad Mandaue City', 25, 442, 6014, 'Banilad Mandaue City', 25, 442, 6014, 1, 'Marciano', 'Homecillo', 'Lerio', 'Farmer', NULL, 'Alegria', 25, 448, 6030, 'Natividad', 'Homecillo', 'Lerio', 'Housewife', NULL, 'Alegria', 25, 448, 6030, 'Dugyan Primary School', 'Inghoy Elementary School', 'Alternative Learning System', 'Mandaue City', 25, 442, 6014, NULL, '2018-07-10 13:55:27', '2018-07-10 13:57:00'),
(70, NULL, 'IIT-0375', -2086741397, 'Carl Joseph', 'Bate', 'Jayme', NULL, 'Joseph', '22', '1995-05-08', 'Looc Mandaue City', 1, 5, NULL, NULL, NULL, NULL, '09331000146', 'asdf@gmail.com', 'Roman Catholic', 'Filipino', 'Looc Mandaue City', 25, 442, 6014, 'Looc Mandaue City', 25, 442, 6014, 1, 'Oscar', 'Jayme', 'B', 'None', '09224770265', 'Looc Mandaue City', 25, 442, 6014, 'Salie', 'Jayme', 'B', 'None', '09332026856', 'Looc Mandaue City', 25, 442, 6014, 'Ibabao', 'Ibabao', 'Alternative Learning System', 'Mandaue City', 25, 442, 6014, NULL, '2018-07-10 14:40:04', '2018-08-02 09:17:51'),
(71, NULL, 'IIT-0371', -2084068024, 'Ralph Gify', 'None', 'Villegas', NULL, 'Ralph', '22', '1996-02-01', 'Mandaue City', 2, 5, NULL, NULL, NULL, NULL, '09420389182', 'asdf@gmail.com', 'Roman Catholic', 'Filipino', 'Banilad Mandaue City', 25, 442, 6014, 'Banilad Mandaue City', 25, 442, 6014, 1, 'Rafael', 'Ligaray', 'L', 'Welder', NULL, 'Banilad Mandaue City', 25, 442, 6014, 'Girlie', 'Villegas', 'Paeste', 'OFW', NULL, 'Mandaue City', 25, 442, 6014, 'Cabacancalan Elementary School', 'Cabancalan Elementary School', 'Alternative Learning System', 'Mandaue City', 25, 442, 6014, NULL, '2018-07-10 14:46:54', '2018-07-31 14:57:16'),
(72, NULL, 'IIT-364', -2083627843, 'Lloyd', 'Arances', 'Nayon', NULL, 'Lloyd', '28', '1989-10-29', 'Zamboanga', 1, 5, NULL, NULL, NULL, NULL, '09300325010', 'lloydnayon@gmail.com', 'Roman Catholic', 'Filipino', 'Santa Maria Pusok Lapu-Lapu City', 25, 441, 6015, 'Santa Maria Pusok Lapu-Lapu City', 25, 441, 6015, 1, 'Teofilo', 'Nayon', 'Wagas', 'N/A', NULL, 'Santa Maria Pusok Lapu-Lapu City', 25, 441, 6015, 'Fidelina', 'Arances', 'Baje', 'N/A', NULL, 'Santa Maria Pusok Lapu-Lapu City', 25, 441, 6015, 'Aseniero Elementary School', 'Aseniero Elementary School', 'Aseniero National High School', 'Lapu-lapu City', 25, 441, 6015, NULL, '2018-07-10 14:58:37', '2018-07-10 16:20:49'),
(73, NULL, 'IIT-0377', -2078112392, 'Cindy', 'Gomez', 'Duazo', NULL, 'Cindy', '18', '1999-10-19', 'Looc Mandaue City', 2, 5, NULL, NULL, NULL, NULL, '093260073309', 'asdf@gmail.com', 'Roman Cathpolic', 'Filipino', 'Looc Mandaue City', 25, 442, 6014, 'Looc Mandaue City', 25, 442, 6014, 1, 'Condado', 'Duazo', 'A', 'Vendor', NULL, 'Looc Mandaue City', 25, 442, 6014, 'Thelma', 'Duazo', 'G', 'Vendor', NULL, 'Looc Mandaue City', 25, 442, 6014, 'Mandaue City Central School', 'Mandaue City Central School', 'Alternative Learning Center', 'Mandaue City', 25, 442, 6014, NULL, '2018-07-10 16:26:31', '2018-07-31 14:43:48'),
(74, NULL, 'IIT-0380', -2077716483, 'Japper Jake', 'Garrica', 'Jumalon', NULL, 'Jake', '21', '1997-02-10', 'Cebu City', 1, 5, NULL, NULL, NULL, NULL, '00000000000', 'Japperjake10@gmail.com', 'Roman Catholic', 'Filipino', 'Tipolo Mandaue City', 25, 442, 6014, 'Tipolo Mandaue City', 25, 442, 6014, 1, 'Bernard', 'Jumalon', 'G', 'OFW', NULL, 'Tipolo Mandaue City', 25, 442, 6014, 'Rebecca', 'Jumalon', 'G', 'Housewife', NULL, 'Tipolo Mandaue City', 25, 442, 6014, 'Tipolo', 'Tipolo', 'Alternative Learning System', 'Tipolo Mandaue City', 25, 442, 6014, NULL, '2018-07-10 16:33:04', '2018-07-31 14:42:19'),
(75, NULL, 'IIT-0369', -2077336295, 'Aibie', 'V', 'Sagayno', NULL, 'Aibie', '21', '1996-12-30', 'Cebu City', 2, 5, NULL, NULL, NULL, NULL, '09385993784', 'asdf@gmail.com', 'Roman Catholic', 'Filipino', 'Mandaue City', 25, 442, 6014, 'Mandaue City', 25, 442, 6014, 1, 'Cepriano', 'Sagaynon', 'N/A', 'Company Driver', NULL, 'Mandaue City', 25, 442, 6014, 'Rosales', 'Sagayno', 'A', 'Vendor', NULL, 'Mandaue City', 25, 442, 6014, 'Mandaue', 'Mandaue', 'Alternative Learning System', 'Mandaue City', 25, 442, 6014, NULL, '2018-07-10 16:39:32', '2018-07-31 14:29:36'),
(76, NULL, 'IIT-0367', -2076948559, 'Angelo', 'L', 'Ban-as', NULL, 'Gel', '21', '1996-02-22', 'Cebu City', 1, 5, NULL, NULL, NULL, NULL, '09168780079', 'asdf@gmail.com', 'Roman Catholic', 'Filipno', 'Lapu-Lapu City', 25, 441, 6015, 'Lapu-Lapu City', 25, 441, 6015, 1, 'Fridie', 'Ban-as', 'L', 'Farmer', NULL, 'Lapu-Lapu City', 25, 441, 6015, 'Merlyn', 'Ban-as', 'L', 'NONE', NULL, 'Lapu-Lapu City', 25, 441, 6015, 'Lapu-Lapu City', 'Lapu-Lapu City', 'Alternative Learning System', 'Mandaue City', 25, 442, 6014, NULL, '2018-07-10 16:46:06', '2018-07-10 16:47:04'),
(77, NULL, 'IIT-365', -2076522467, 'Mary Grace', 'Supperales', 'Malantig', NULL, 'Epey', '21', '1996-06-26', 'Zamboanga Del Sur', 2, 5, NULL, NULL, NULL, NULL, '09334969320', 'marygracemalantig@gmail.com', 'Roman CATHOLIC', 'Filipino', 'Tipolo Mandaue City', 25, 442, 6014, 'Tipolo Mandaue City', 25, 442, 6014, 1, 'Pateio', 'Malantig', 'b', 'Foreman', '09334969320', 'Tipolo Manadaue City', 25, 442, 6014, 'Lanie', 'Malantig', 'S', 'Food Binding', NULL, 'Tipolo Mandaue City', 25, 442, 6014, 'Tipolo Mandaue City', 'Tipolo Elementary School', 'Tipolo Natioanl High School', 'Tipolo Mandaue City', 25, 442, 6014, NULL, '2018-07-10 16:56:17', '2018-11-06 14:54:29');
INSERT INTO `enrollees` (`id`, `lrn`, `idno`, `admissionNo`, `firstname`, `middlename`, `lastname`, `suffix`, `nickname`, `age`, `birthday`, `birth_place`, `sex`, `civil_id`, `spouse_lastname`, `spouse_firstname`, `spouse_middlename`, `landline`, `mobile`, `email`, `religion`, `citizenship`, `present_address`, `present_province_id`, `present_city_id`, `present_zipcode`, `permanent_address`, `permanent_province_id`, `permanent_city_id`, `permanent_zipcode`, `educ_at_id`, `father_firstname`, `father_lastname`, `father_middlename`, `father_occupation`, `father_contact_number`, `father_address`, `father_province_id`, `father_city_id`, `father_zipcode`, `mother_firstname`, `mother_lastname`, `mother_middlename`, `mother_occupation`, `mother_contact_number`, `mother_address`, `mother_province_id`, `mother_city_id`, `mother_zipcode`, `primary`, `elementary`, `name_of_school`, `school_address`, `school_province_id`, `school_city_id`, `school_zipcode`, `remarks`, `created_at`, `updated_at`) VALUES
(78, NULL, 'IIT-356', -2075917229, 'Richelle', 'N', 'Miro', NULL, 'Chell', '24', '1993-12-15', 'Antipolo Medellin Cebu', 2, 5, NULL, NULL, NULL, NULL, '09194557065', 'asdf@gmail.com', 'Roman Catholic', 'Filipino', 'Banilad Mandaue Cety', 25, 442, 6014, 'Banilad Mandaue City', 25, 442, 6014, 1, 'Vicente', 'Miro', 'N', 'None', NULL, 'Banilad Mandaue City', 25, 442, 6014, 'Cecilia', 'Negapatan', 'P', 'Vendor', NULL, 'Banilad Mandaue City', 25, 442, 6014, 'Subangdaku Elementary School', 'Subangdaku Elementary School', 'Subangdaku Technical Vocational', 'Subangdaku Mandaue City', 25, 442, 6014, NULL, '2018-07-10 17:03:28', '2018-07-10 17:04:07'),
(79, NULL, 'IIT-301', -2075444221, 'Archie', 'Renacia', 'Reambonanza', NULL, 'Archie', '18', '1999-07-25', 'Zamboanga Del Norte', 1, 5, NULL, NULL, NULL, NULL, '09365227602', 'asdf@gmail.com', 'Roman Catholic', 'Filipino', 'Umapad Mandaue City', 25, 442, 6014, 'Umapad Mandaue City', 25, 442, 6014, 1, 'Agaton', 'Reambonanza', 'L', 'Telecom', NULL, 'Umapad Mandaue City', 25, 442, 6014, 'Cheryl', 'Renacia', 'C', 'hOUSEWIFE', NULL, 'Umapad Mandaue City', 25, 442, 6014, 'Tayud', 'Tayud Mandaue City', 'Paknaan Manadaue City', 'Umapad Mandaue City', 25, 442, 6014, NULL, '2018-07-10 17:11:30', '2018-07-10 17:12:06'),
(80, NULL, 'IIT-381', -2074964629, 'Bryan', 'Bonghanoy', 'Tuacao', NULL, 'Bry', '23', '1994-12-01', 'Ibabao Mandaue City', 1, 5, NULL, NULL, NULL, NULL, '00000000000', 'asdf@gmail.com', 'Roman Catholic', 'Filipino', 'Mandaue City', 25, 442, 6014, 'Mandaue City', 25, 442, 6014, 1, 'Eugenio', 'Tuacao', 'N', 'NONE', NULL, 'Paknaan Mandaue City', 25, 442, 6014, 'Remedio', 'Tuacao', 'B', 'NONE', NULL, 'Paknaan Mandaue City', 25, 442, 6014, 'Mandaue City', 'Mandaue City Central School', 'Maguikay National High School', 'Mandaue City', 25, 442, 6014, NULL, '2018-07-10 17:20:23', '2018-07-10 17:24:00'),
(81, NULL, 'IIT-0121', -2074258593, 'John Rey', 'Calago', 'Antone', NULL, 'Rey', '16', '1999-01-15', 'San Vicente Sotto', 1, 5, NULL, NULL, NULL, NULL, '091271755990', 'janrey829@yahoo.com', 'Roman Catholic', 'Filipino', 'Liloan', 25, 467, 6002, 'Liloan', 25, 467, 6002, 1, 'Eduardo', 'Antone', 'C', 'Taxi Driver', '09127175590', 'Liloan', 25, 467, 6002, 'Dominga', 'Antone', 'C', 'Housewife', '09339608284', 'Liloan', 25, 442, 6014, 'Consolacion', 'Consolacion Mandaue City', 'Consolacion Mandaue City', 'Consolacion Mandaue City', 25, 442, 6014, NULL, '2018-07-10 17:32:33', '2018-07-10 17:33:44'),
(82, NULL, 'IIT-0369', -2073692168, 'John Walter', 'Dianon', 'Regis', NULL, 'Walter', '21', '1996-06-07', 'Poog Toledob Cebu', 1, 5, NULL, NULL, NULL, NULL, '09322956714', 'asdf@gmail.com', 'Roman Catholic', 'Filipino', 'Maguikay Mandaue City', 25, 442, 6014, 'Maguikay Mandaue City', 25, 442, 6014, 1, 'Fernando', 'Regis', 'Y', 'none', NULL, 'Maguikay Mandaue City', 25, 442, 6014, 'Merlyn', 'Diano', 'P', 'NONE', NULL, 'Maguikay Mandaue City', 25, 442, 6014, 'Maguikay', 'Bo. Luz Elementary School', 'Alternative Learning System', 'Maguikay Elementary School', 25, 442, 6014, NULL, '2018-07-10 17:41:52', '2018-07-10 17:42:51'),
(83, NULL, 'IIT-0372', -2072795883, 'Loren', 'Medina', 'Atimana', NULL, 'Lor', '19', '1999-01-07', 'Mandaue City', 2, 5, NULL, NULL, NULL, NULL, '09321081909', 'asdf@gmail.com', 'Roman Catholic', 'Filipino', 'Mandaue City', 25, 442, 6014, 'Mandaue City', 25, 442, 6014, 1, 'Renante', 'Atimana', 'Macasero', 'Farmer', '00000000000', 'Mandaue City', 25, 442, 6014, 'Diday', 'Atimana', 'M', 'Housewife', NULL, 'Mandaue City', 25, 442, 6014, 'Mandaue', 'Mandaue', 'Alternative Learning System', 'Mandaue City', 25, 442, 6014, NULL, '2018-07-10 17:53:53', '2018-07-31 14:41:09'),
(84, NULL, 'IIT-SHS20', -2024043186, 'Jhan-Jhan', 'M', 'Noynay', NULL, 'Jhan-Jhan', '19', '1998-06-10', 'Daan Bantayan Cebu', 1, 5, NULL, NULL, NULL, NULL, '094209313433', 'asmail.comdf@gmail.com', 'Roman Catholic', 'Filipino', 'Umapad Mandaue City', 25, 442, 6014, 'Umapad Mandaue City', 25, 442, 6014, 1, 'Amedeo', 'Noynay', 'M', 'Matimco Corp.', '09234566179', 'Umapad Mandaue City', 25, 442, 6014, 'Myrna', 'Noynay', 'M', 'Housewife', NULL, 'Umapad Mandaue City', 25, 442, 6014, 'Umapad Daycare Center', 'Opao Elementary School', 'Don Gerardo LL. Ouano Memorial High School', 'Mandaue City', 25, 442, 6014, NULL, '2018-07-11 09:41:58', '2018-07-31 12:01:21'),
(85, NULL, NULL, -2015163258, 'Leizel Mae', 'Pahagae', 'Arnoza', NULL, 'Mae', '17', '2001-02-25', 'Tambulig Zambo Sur, Pagadian City', 2, 5, NULL, NULL, NULL, NULL, '09557114975', 'asdf@gmail.com', 'Roman Catholic', 'Filipino', 'Alang-Alang Mandaue City', 25, 442, 6014, 'Alang-Alang Mandaue City', 25, 442, 6014, 1, 'Avelino', 'Arnoza Sr.', 'Ebisa', 'Farmer', NULL, 'Alang-Alang Mandaue City', 25, 442, 6014, 'Maricho', 'Arnoza', 'Pahagae', 'Housewife', '09269139523', 'Alang-Alang Mandaue City', 25, 442, 6014, 'Balugo Daycare Center', 'Balugo Elementary School', 'FNHS-Lower Tiparak Annex', 'Mandaue City', 25, 442, 6014, NULL, '2018-07-11 10:00:31', '2018-07-11 10:00:31'),
(86, NULL, 'IIT-SHS09', -2015163258, 'Leizel Mae', 'Pahagae', 'Arnoza', NULL, 'Mae', '17', '2001-02-25', 'Tambulig Zambo Sur, Pagadian City', 2, 5, NULL, NULL, NULL, NULL, '09557114975', 'asdf@gmail.com', 'Roman Catholic', 'Filipino', 'Alang-Alang Mandaue City', 25, 442, 6014, 'Alang-Alang Mandaue City', 25, 442, 6014, 1, 'Avelino', 'Arnoza Sr.', 'Ebisa', 'Farmer', NULL, 'Alang-Alang Mandaue City', 25, 442, 6014, 'Maricho', 'Arnoza', 'Pahagae', 'Housewife', '09269139523', 'Alang-Alang Mandaue City', 25, 442, 6014, 'Balugo Daycare Center', 'Balugo Elementary School', 'FNHS-Lower Tiparak Annex', 'Mandaue City', 25, 442, 6014, NULL, '2018-07-11 10:00:39', '2018-07-31 11:57:54'),
(87, NULL, 'IIT-SHS10', -2014437933, 'Jenneth', 'Rodrigo', 'Quiles', NULL, 'Jenneth', '20', '1998-06-01', 'Guizo Mandaue City', 2, 5, NULL, NULL, NULL, NULL, '0995022443', 'asdf@gmail.com', 'Roman Catholic', 'Filipino', 'Guizo Mandaue City', 25, 442, 6014, 'Guizo Mandaue City', 25, 442, 6014, 1, 'Joel', 'Quiles', 'R', 'Delivery', '09758174324', 'Guizo Mandaue City', 25, 442, 6014, 'Judith', 'Quiles', 'R', 'Housewife', NULL, 'Guizo Mandaue City', 25, 442, 6014, 'Opao Mandaue City', 'Opao Elementary School', 'DGLLOMNHS', 'Guizo Mandaue City', 25, 442, 6014, NULL, '2018-07-11 10:14:42', '2018-07-31 13:11:49'),
(88, NULL, 'IIT-SHS01', -2011972653, 'Nicole Mae', 'R', 'Pairez', NULL, 'Nicole', '18', '1999-02-21', 'La Alpea Duena Mactan', 2, 5, NULL, NULL, NULL, NULL, '09424006462', 'asdf@gmail.com', 'Roman Catholic', 'Filipino', 'Mactan', 25, 441, 6015, 'Mactan', 25, 441, 6015, 1, 'Lorenzo', 'Pairez', 'Soriaga', 'None', '09076407902', 'Mactan', 25, 441, 6015, 'Chona', 'Pairez', 'Remolisan', 'GovernmentEmployee', '09494286166', 'Mactan', 25, 441, 6015, 'Babag', 'Babag Elementary School', 'Babag National High School', 'Babag Lapu-Lapu City', 25, 441, 6015, NULL, '2018-07-11 10:51:09', '2018-07-31 13:16:58'),
(89, NULL, 'IIT-SHS21', -2011429555, 'Jessmar', 'N/A', 'Bontilao', NULL, 'Jessmar', '18', '2000-02-08', 'Pulang Bukid', 1, 5, NULL, NULL, NULL, NULL, '09334403512', 'asdf@gmail.com', 'Roman CATHOLIC', 'Filipino', 'Tipolo Maharlika Mandaue City', 25, 442, 6014, 'Tipolo Mandaue City', 25, 442, 6014, 1, 'Alfonso', 'Lauron', 'E', 'None', NULL, 'Tipolo Mandaue City', 25, 442, 6014, 'Perehalyn', 'Lauron', 'B', 'None', NULL, 'Tipolo Maharlika Mandaue City', 25, 442, 6014, 'Tipolo', 'Tipolo', 'Tipolo National High School', 'Tipolo Mandaue City', 25, 442, 6014, NULL, '2018-07-11 11:14:45', '2018-07-31 13:31:29'),
(90, NULL, 'IIT-SHS19', -2007214200, 'Oliver', 'Llanos', 'Brigoli', NULL, 'Oli', '16', '2001-06-07', 'Umapad Mandaue City', 1, 5, NULL, NULL, NULL, NULL, '09420931343', 'asdf@gmail.com', 'Roman Catholic', 'Filipino', 'Umapad Mandaue City', 25, 442, 6014, 'Umapad Mandaue City', 25, 442, 6014, 1, 'Nestor', 'Brigoli', 'S', 'Carpenter', NULL, 'Umapad Mandaue City', 25, 442, 6014, 'Ramonita', 'Llanos', 'A', 'Housewife', NULL, 'Umapad Mandaue City', 25, 442, 6014, 'Opao Elementary School', 'Opao Elementary School', 'Don Gerardo LL Ouano MNHS', 'Opao Mandaue City', 25, 442, 6014, NULL, '2018-07-11 12:13:44', '2018-07-31 13:33:38'),
(91, NULL, 'IIT-SHS14', -2006330781, 'Jonesa', 'Guimod', 'Algabre', NULL, 'Jonesa', '18', '1999-09-14', 'Jagobiao Mandaue City', 2, 5, NULL, NULL, NULL, NULL, '09424759738', 'asdf@gmail.com', 'Roman Catholic', 'Filipino', 'Jagobiao Mandaue City', 25, 442, 6014, 'Jagobiao Mandaue City', 25, 442, 6014, 1, 'Pedro', 'Algabre', 'C', 'None', NULL, 'Jagobiao Mandaue City', 25, 442, 6014, 'Zelaida', 'Algabre', 'Q', 'Utility', '09423833409', 'Jagobiao Mandaue City', 25, 442, 6014, 'Agape Daycare Center', 'Tugbongan Elementary School', 'Don Gerardo LL Ouano MNHS', 'Opao Mandaue City', 25, 442, 6014, NULL, '2018-07-11 12:29:33', '2018-08-01 13:35:26'),
(92, NULL, 'IIT-SHS23', -2005438007, 'Queny', 'A', 'Pepito', NULL, 'Queny', '16', '2001-06-15', 'Mandaue City', 2, 5, NULL, NULL, NULL, NULL, '09559002896', 'chaenly1416@gmail.com', 'Roman Catholic', 'Filipino', 'Umapad Mandaue City', 25, 442, 6014, 'Umapad Mandaue City', 25, 442, 6014, 1, 'Ariel Sr.', 'Pepito', 'A', 'A', '09750868392', 'Umapad Mandaue City', 25, 442, 6014, 'Janet', 'Pepito', 'S', 'Housewife', '0975086392', 'Umapad Mandaue City', 25, 442, 6014, 'Lantawan Elementary School', 'Lantawan Elementary School', 'Don Gerardo LL MNHS', 'Opao Mandaue City', 25, 442, 6014, NULL, '2018-07-11 12:41:32', '2018-07-31 14:04:11'),
(93, NULL, 'IIT-SHS03', -2004796849, 'Jessah Marie', 'Olisiman', 'Hinoguin', NULL, 'Jessa', '18', '1999-12-09', 'Ibabao-Estancia Mandaue City', 2, 5, NULL, NULL, NULL, NULL, '09229651908', 'asdf@gmail.com', 'Roman Catholic', 'Filipino', 'Mandaue City', 25, 442, 6014, 'Mandaue City', 25, 442, 6014, 1, 'Jerry', 'Olasiman', 'Hinoguin', 'None', '09229651908', 'Mandaue City', 25, 442, 6014, 'Eda', 'Olasiman', 'Olasiman', 'None', NULL, 'Mandaue City', 25, 442, 6014, 'Mandaue', 'Mandaue', 'Argawan Integrated School', 'San Remegio', 25, 442, 6014, NULL, '2018-07-11 12:52:58', '2018-07-31 13:34:54'),
(94, NULL, 'IIT-SHS52', -2004040632, 'Charlie', 'Pocdol', 'Bontilao', NULL, 'Charlie', '19', '1999-06-12', 'Umapad Mandaue City', 1, 5, NULL, NULL, NULL, NULL, '092545537385', 'asdf@gmail.com', 'Roman Catholic', 'Filipino', 'Umapad Mandaue City', 25, 442, 6014, 'Umapad Mandaue City', 25, 442, 6014, 1, 'Chanilo', 'Bontilao', 'M', 'Driver', NULL, 'Umapad Mandaue City', 25, 442, 6014, 'Rosalina', 'Bontilao', 'P', 'Housewife', NULL, 'Umapad Mandaue City', 25, 442, 6014, 'Opao Elementary School', 'Opao Elementary School', 'Don Gerardo LL Ouano High School', 'Umapad Mandaue City', 25, 442, 6014, NULL, '2018-07-11 13:03:33', '2018-07-31 13:37:11'),
(95, NULL, 'IIT-SHS51', -2003385769, 'Jhun Bon Chives', 'Geray', 'Gerolaga', NULL, 'Bonjo', '22', '1995-11-29', 'Mandaue City', 1, 5, NULL, NULL, NULL, NULL, '09235536447', 'asdf@gmail.com', 'Roman Catholic', 'Filipino', 'Looc Mandaue City', 25, 442, 6014, 'Looc Mandaue City', 25, 442, 6014, 1, 'Eduardo', 'Gerolaga', 'Geray', 'None', NULL, 'Looc Mandaue City', 25, 442, 6014, 'Felomina', 'Gerolaga', 'Geray', 'Housewife', NULL, 'Looc Mandaue City', 25, 442, 6014, 'Mandaue', 'Mandaue', 'MCCNHS', 'Mandaue City', 25, 442, 6014, NULL, '2018-07-11 13:17:59', '2018-07-18 09:00:09'),
(96, NULL, 'IIT-SHS2', -1940696902, 'Ipana Marie', 'Remolisan', 'Pairez', NULL, 'Marie', '16', '2000-12-15', 'Lapu-Lapu City', 2, 5, NULL, NULL, NULL, NULL, '09254555945', 'asdf@gmail.com', 'Roman Catholic', 'Filipino', 'Lapu-Lapu City', 25, 441, 6015, 'Lapu-Lapu City', 25, 441, 6015, 1, 'Lorenzo', 'Pairez', 'S', 'nONE', NULL, 'Lapu-Lapu City', 25, 441, 6015, 'Chona', 'Pairez', 'R', 'Government Employee', '09254555945', 'Lapu-Lapu City', 25, 441, 6015, 'Lapu-Lapu City', 'Lapu-Lapu City', 'Babag National High School', 'Babag 1 Lapu-Lapu City', 25, 441, 6015, NULL, '2018-07-12 06:38:40', '2018-07-18 08:58:55'),
(97, NULL, 'IITS-0336', -1939413596, 'Aiza Mae', 'M', 'Ariola', NULL, 'Aiza', '20', '1997-07-14', 'Mandaue City', 2, 5, NULL, NULL, NULL, NULL, '09192847903', 'asdf@gmail.com', 'Roman Catholic', 'Filipino', 'Labogon Mandaue City', 25, 442, 6014, 'Labogon Mandaue City', 25, 442, 6014, 1, 'Alex', 'Ariola', 'L', 'Company Guard', NULL, 'Labogon Mandaue City', 25, 442, 6014, 'Elsa', 'Ariola', 'B', 'None', '0912847903', 'Labogon Mandaue City', 25, 442, 6014, 'Labogon Elementary School', 'Labogon Elementary School', 'Labogon National High School', 'Mandaue City', 25, 442, 6014, NULL, '2018-07-12 07:04:45', '2018-07-12 07:06:11'),
(98, NULL, 'IIT-0338', -1938564750, 'Ginreym', 'Ouno', 'Tuba', NULL, 'Ginreym', '20', '1997-08-29', 'Mandaue City', 1, 5, NULL, NULL, NULL, NULL, '09435442897', 'asdf@gmail.com', 'Roman Catholic', 'Filipino', 'Tingub Mandaue City', 25, 442, 6014, 'Tingub Mandaue City', 25, 442, 6014, 1, 'Remegio', 'Tuba', 'Ouno', 'Welder', NULL, 'Tingub Mandaue City', 25, 442, 6014, 'Gina', 'Tuba', 'Ouno', 'Housewife', NULL, 'Tingub Mandaue City', 25, 442, 6014, 'Mandaue', 'Mandaue', 'Tabok National High School', 'Mandaue City', 25, 442, 6014, NULL, '2018-07-12 07:16:33', '2018-07-31 07:37:49'),
(99, NULL, 'IIT-0339', -1937853771, 'Stephanie', 'Andren', 'Andren', NULL, 'Panie', '20', '1996-08-20', 'Looc Mandaue City', 2, 5, NULL, NULL, NULL, NULL, '0928372277', 'asdf@gmail.com', 'Roman Catholic', 'Filipino', 'Looc Mandaue City', 25, 442, 6014, 'Looc Mandaue City', 25, 442, 6014, 1, 'Francisco', 'Andrin', 'Andrin', 'Barangay Tanod', NULL, 'Looc Mandaue City', 25, 442, 6014, 'Evelyn', 'Andrin', 'Espinosa', 'Housewife', NULL, 'Looc Mandaue City', 25, 442, 6014, 'Mandaue', 'Mandaue', 'Alternative Learning System', 'Mandaue City', 25, 442, 6014, NULL, '2018-07-12 07:24:59', '2018-07-12 07:25:36'),
(100, NULL, 'IIT-0351', -1937436759, 'Roel James', 'Puenliona', 'Pescalia', NULL, 'Roel', '19', '1998-05-17', 'Lapu-Lapu City', 1, 5, NULL, NULL, NULL, NULL, '09165145285', 'pescaliaroel@gmail.com', 'Roman Catholic', 'Filipino', 'Lapu-Lapu City', 25, 441, 6015, 'Lapu-Lapu City', 25, 441, 6015, 1, 'Cesario', 'Pescalia', 'M', 'None', '09234546944', 'Lapu-Lapu City', 25, 441, 6015, 'Veronica', 'Pescalia', 'P', 'Housewife', NULL, 'Lapu-Lap City', 25, 441, 6015, 'Pajo Elementary School', 'Pajo Elementary School', 'Pajo National School', 'Lapu-Lapu City', 25, 441, 6015, NULL, '2018-07-12 07:34:32', '2018-07-12 07:35:10'),
(101, NULL, 'IIT-0342', -1936856052, 'Angelica', 'Rojo', 'Dueas', NULL, 'Lica', '20', '1997-08-23', 'Alcoy', 2, 5, NULL, NULL, NULL, NULL, '09296618272', 'asdf@gmail.com', 'Roman Catholic', 'Filipino', 'Poblacion Alcoy Cebu', 25, 447, 6023, 'Poblacion Alcoy Cebu', 25, 447, 6023, 1, 'Antinio', 'Dueas', 'Debuayan', 'None', NULL, 'Poblacion Alcoy', 25, 447, 6023, 'Rebbeca', 'Dueas', 'Rojo', 'Housewife', NULL, 'Poblacion Alcoy Cebu', 25, 447, 6023, 'Alcoy', 'Alcoy Elementary School', 'Alcoy National High School', 'Poblacion Alcoy Cebu', 25, 447, 6023, NULL, '2018-07-12 07:46:24', '2018-07-12 07:46:51'),
(102, NULL, 'IIT-0343', -1936180815, 'Jane', 'Lopez', 'Becare', NULL, 'Jane', '22', '1995-01-03', 'Looc Mandaue City', 2, 5, NULL, NULL, NULL, NULL, '093222365348', 'asdf@gmail.com', 'Roman Catholic', 'Filipino', 'Looc Mandaue City', 25, 442, 6014, 'Looc Mandaue City', 25, 442, 6014, 1, 'Jose', 'Becare', 'becare', 'none', NULL, 'Looc Mandaue City', 25, 442, 6014, 'Andrea', 'Becare', 'L', 'none', NULL, 'Looc Mandaue City', 25, 442, 6014, 'Mandaue City', 'Mandaue', 'Subangdaku Technical Vocational School', 'Mandaue City', 25, 442, 6014, NULL, '2018-07-12 07:52:05', '2018-07-12 07:52:33'),
(103, NULL, 'IIT-0346', -1931288082, 'Alvin Jay', 'Pabillore', 'Orcales', NULL, 'AJ', '19', '1998-02-10', 'Cebu City', 1, 5, NULL, NULL, NULL, NULL, '09219225213', 'asdf@gmail.com', 'roman Catholic', 'Filipino', 'Banilad Mandaue City', 25, 442, 6014, 'Banilad Mandaue Ciy', 25, 442, 6014, 1, 'Fernando', 'Orcales', 'Tagod', 'PUJ Driver', NULL, 'Banilad Mandaue City', 25, 442, 6014, 'Marissa', 'Orcales', 'Pabillore', 'None', NULL, 'Banilad Mandaue City', 25, 442, 6014, 'Banilad', 'Banilad', 'Cabancalan National High School', 'Mandaue City', 25, 442, 6014, NULL, '2018-07-12 09:13:29', '2018-11-06 10:20:09'),
(104, NULL, 'IIT-0348', -1930918963, 'Madel', 'Opatana', 'Balansag', NULL, 'Madel', '21', '1995-11-22', 'Bogo City', 2, 5, NULL, NULL, NULL, NULL, '09069025042', 'asdf@gmail.com', 'Roman Catholic', 'Filipino', 'Casuntingan Mandaue City', 25, 442, 6014, 'Casuntingan Mandaue City', 25, 442, 6014, 1, 'Marcial', 'Balansag', 'B', 'Laborer', NULL, 'Mandaue City', 25, 442, 6014, 'Adela', 'Balansag', 'B', 'Housewife', NULL, 'Casuntingan Mandaue City', 25, 442, 6014, 'Mandaue', 'Mandaue', 'Don Potenciano Catarar MNHS', 'Bogo City', 25, 437, 6010, NULL, '2018-07-12 09:20:22', '2018-07-12 11:41:05'),
(105, NULL, 'IIT-0349', -1930494333, 'Reynaldo', 'Purgatorio', 'Bulahan', NULL, 'Ren', '20', '1997-02-23', 'Badian Cebu', 1, 5, NULL, NULL, NULL, NULL, '09356656797', 'asdf@gmail.com', 'Protestant', 'Filipino', 'Banilad Mandaue City', 25, 442, 6014, 'Banilad Mandaue City', 25, 442, 6014, 1, 'Alex', 'Bulahan', 'L', 'Farmer', NULL, 'Badian Mandaue City', 25, 452, 6031, 'Ana', 'Bulahan', 'P', 'Housewife', NULL, 'Banilad Mandaue City', 25, 452, 6031, 'Mandaue', 'Mandaue', 'Tubod National High School', 'Badian National High School', 25, 452, 6031, NULL, '2018-07-12 09:30:29', '2018-07-12 09:31:07'),
(106, NULL, 'IIT-340', -1929894836, 'Joel', 'Sarsalejo', 'Abapo', 'Jr', 'JR', '22', '1995-08-29', 'Cebu City', 2, 5, NULL, NULL, NULL, NULL, '0000000000', 'asdf@gmail.com', 'Roman Catholic', 'Filipino', 'Umapad Mandaue City', 25, 442, 6014, 'Umapad Mandaue City', 25, 442, 6014, 1, 'Joel', 'Abapo Sr', 'D', 'None', NULL, 'Umapad Mandaue City', 25, 442, 6014, 'Menchie', 'Abapo', 'Sarsalejo', 'None', NULL, 'Umapad Mandaue City', 25, 442, 6014, 'Mandaue', 'Mandaue', 'Don Gerardo LL Ouano Memorial National High School', 'Ouna Mandaue City', 25, 442, 6014, NULL, '2018-07-12 09:39:46', '2018-07-12 09:40:21'),
(107, NULL, 'IIT-334', -1929348795, 'Noel', 'Arriesgado', 'Malachico', 'Jr', 'Noel', '20', '1996-11-18', 'Jagobiao Mandaue City', 1, 5, NULL, NULL, NULL, NULL, '09154088056', 'noelmalachico@gmail.com', 'Roman Catholic', 'Filipino', 'Jagobiao Mandaue City', 25, 442, 6014, 'Jagobiao Mandaue City', 25, 442, 6014, 1, 'Noel', 'Malachico Sr', 'A', 'Upholstery', NULL, 'Jagobiao Mandaue City', 25, 442, 6014, 'Leonara', 'Malachico', 'A', 'None', NULL, 'Jagobiao Mandaue City', 25, 442, 6014, 'Mandaue', 'Mandaue', 'Consolacion National High School', 'Mandaue City', 25, 442, 6014, NULL, '2018-07-12 09:57:11', '2018-07-12 09:57:41'),
(108, NULL, 'IIT-0337', -1928305106, 'Joevil', 'Awit', 'Demecillo', NULL, 'Joe', '19', '1997-12-01', 'Cebu City', 1, 5, NULL, NULL, NULL, NULL, '09452372472', 'asdf@gmail.com', 'Roman Catholic', 'Filipino', 'Poblacion Consolacion Cebu', 25, 461, 6001, 'Poblacion Mandaue City', 25, 461, 6001, 1, 'Ricky', 'Demecillo', 'D', 'None', NULL, 'Consolacion Cebu', 25, 461, 6001, 'Maria Theresa', 'Demecillo', 'A', 'ABROAD', NULL, 'Consolacion Cebu', 25, 461, 6001, 'Mandaue', 'Mandaue', 'Consolacion National High School', 'Consolacion Mandaue City', 25, 461, 6001, NULL, '2018-07-12 10:14:56', '2018-07-12 10:15:34'),
(109, NULL, 'IIT-0382', -1423028212, 'RUBIE', 'MONTEBON', 'CATAHUSAN', NULL, 'RUBIE', '24', '1994-09-04', 'TABUELAN CEBU', 2, 5, NULL, NULL, NULL, NULL, '0', 'rubiecatahusan@gmail.com', 'Roman catholic', 'filipino', 'Alang-alang', 25, 442, 6014, 'TABUELAN', 25, 487, 6044, 1, 'NESTOR', 'CATAHUSAN', 'MONTEROLA', 'NONE', '0', 'TABUELAN', 25, 487, 6044, 'TEDELINA', 'MONTEBON', 'BRAZUELA', 'NONE', '0', 'TA', 25, 487, 6044, 'NONE', 'KANLUMA ELEMENTARY SCHOOL', 'ALS MANDAUE CITY', 'MANDAUE CITY CS(MCCS)', 25, 442, 6014, NULL, '2018-07-18 06:28:22', '2018-07-18 08:56:51'),
(110, NULL, 'IIT-0383', -1407208271, 'Ma. Guadalupe', 'Balester', 'Pialago', NULL, 'guada', '18', '1999-12-12', 'Mandaue City', 2, 5, NULL, NULL, NULL, NULL, '09424699190', 'asdf@gmail.com', 'Roman Catholic', 'Filipino', 'Tawason Mandaue City', 25, 442, 6014, 'Tawason Mandaue City', 25, 442, 6014, 1, 'Elizalde', 'Pialago', 'Reyes', 'none', NULL, 'Tawaso Mandaue City', 25, 442, 6014, 'Letecia', 'Pialago', 'Ballester', 'None', NULL, 'Tawason Mandaue Cityy', 25, 442, 6014, 'daycare center', 'Don Calixto C. Yongco Senior Elementary School', 'Alternative Learning Center', 'Mandaue City', 25, 442, 6014, NULL, '2018-07-18 10:52:47', '2018-07-18 10:58:46'),
(111, NULL, 'IIT-0384', -1406191478, 'Hannah', 'NONE', 'Pecson', NULL, 'Hannah', '21', '1996-09-21', 'Mandaue City', 2, 5, NULL, NULL, NULL, NULL, '09976472480', 'HannahPecson@gmail.com', 'Roman Catholic', 'Filipino', 'Mandaue CIty', 25, 442, 6014, 'Mandaue City', 25, 442, 6014, 1, 'none', 'none', 'none`', 'none', NULL, 'Mandaue City', 25, 442, 6014, 'Karen', 'Pecson', 'NONE', 'Sewer', NULL, 'mandaue City', 25, 442, 6014, 'Labogon Elementary School', 'Labogon Elementary School', 'Alternative Learning Center', 'Mandaue City', 25, 442, 6014, NULL, '2018-07-18 11:05:53', '2018-07-18 11:06:37'),
(112, NULL, 'IIT-0360', -1405826857, 'Jonesa', 'A', 'Librea', NULL, 'Sang', '16', '2001-04-12', 'Mandaue City', 2, 5, NULL, NULL, NULL, NULL, '09232256996', 'asdf@gmail.com', 'Roman Catholic', 'Filipino', 'Mandaue City', 25, 442, 6014, 'Mandaue city', 25, 442, 6014, 1, 'Emilio', 'Librea', 'A', 'nONE', NULL, 'Mandaue City', 25, 442, 6014, 'Marlene', 'Librea', 'A', 'None', NULL, 'Mandaue City', 25, 442, 6014, 'Mandaue', 'Mandaue', 'Alteernative Learning Center', 'Mandaue City', 25, 442, 6014, 'DROPPED WITHOUT NOTICE', '2018-07-18 11:11:07', '2018-07-18 11:13:08'),
(113, NULL, 'IIT-0385', -1405497270, 'Gizelle Faith', 'Corre', 'Ramos', NULL, 'Faith', '26', '1992-01-25', 'Cebu City', 2, 5, NULL, NULL, NULL, NULL, '09974737271', 'dazlingkkei@gmail.com', 'Roman Catholic', 'Filipino', 'Mandaue City', 25, 442, 6014, 'Mandaue City', 25, 442, 6014, 1, 'Gabriel', 'Ramos', 'R', 'None', NULL, 'Mandaue City', 25, 442, 6014, 'Geraldine', 'Ramos', 'C', 'Teacher', NULL, 'Mandaue City', 25, 442, 6014, 'Mandaue', 'Apid Bohol Elementary School', 'Alternative Learning Center', 'Mandaue City', 25, 442, 6014, 'DROPPED WITHOUT NOTICE', '2018-07-18 11:17:00', '2018-07-18 11:20:27'),
(114, NULL, NULL, -1405497270, 'Gizelle Faith', 'Corre', 'Ramos', NULL, 'Faith', '26', '1992-01-25', 'Cebu City', 2, 5, NULL, NULL, NULL, NULL, '09974737271', 'dazlingkkei@gmail.com', 'Roman Catholic', 'Filipino', 'Mandaue City', 25, 442, 6014, 'Mandaue City', 25, 442, 6014, 1, 'Gabriel', 'Ramos', 'R', 'None', NULL, 'Mandaue City', 25, 442, 6014, 'Geraldine', 'Ramos', 'C', 'Teacher', NULL, 'Mandaue City', 25, 442, 6014, 'Mandaue', 'Apid Bohol Elementary School', 'Alternative Learning Center', 'Mandaue City', 25, 442, 6014, NULL, '2018-07-18 11:17:05', '2018-07-18 11:17:05'),
(115, NULL, 'IIT-0386', -1405039287, 'Arlene', 'L', 'Corbeta', NULL, 'Arlene', '20', '1997-07-14', 'Cebu City', 2, 5, NULL, NULL, NULL, NULL, '09235551988', 'asdf@gmail.com', 'Roman Catholic', 'Filipino', 'Mandaue City', 25, 442, 6014, 'Mandaue City', 25, 442, 6014, 1, 'Nestor', 'Corbeta', 'D', 'nONE', NULL, 'Mandaue City', 25, 442, 6014, 'Alejanora', 'Corbeta', 'L', 'NONE', NULL, 'Mandaue City', 25, 442, 6014, 'Mandaue', 'Mandaue', 'Mandaue', 'Mandaue City', 25, 442, 6014, 'dropped without notice', '2018-07-18 11:22:54', '2018-07-18 11:27:25'),
(116, NULL, 'IIT-SHS003', 1721452305, 'Jessah Marie', 'Hinoguin', 'Olasiman', NULL, 'Jessa', '17', '1999-12-09', 'Argaw', 2, 5, NULL, NULL, NULL, NULL, '09260512669', 'aaa@gmail.com', 'Roman Catholic', 'Filipino', 'Ibabao Estancia Mandaue City', 25, 442, 6014, 'Ibabao Estancia Mandaue City', 25, 442, 6014, 1, 'Jerry', 'Olasiman', 'Rondina', 'FAC', '09229651908', 'Ibabao Estancia Mandaue City', 25, 442, 6014, 'Eda', 'Olasiman', 'Hinoguin', 'None', '09229651908', 'Ibabao Estancia Mandaue City', 25, 442, 6014, 'Mandaue', 'Mandaue', 'Argawanon Integrated School', 'Argao', 25, 450, 6021, NULL, '2018-10-12 09:00:28', '2018-11-10 08:25:39'),
(117, NULL, NULL, -511757888, 'Keyfy', 'N/A', 'Ycong', NULL, 'Keyfy', '23', '1995-06-09', 'Cebu', 1, 5, NULL, NULL, NULL, '00000000000', '09324277990', 'keyfyycong@yahoo.com', 'Roman Catholic', 'Filipino', 'Upper Malibu Mandaue City', 25, 442, 6014, 'Upper Malibu Mandaue City', 25, 442, 6014, 1, 'N/A', 'N/A', 'N/A', 'N/A', NULL, 'Upper Malibu Mandaue City', 25, 442, 6014, 'Mercedes', 'Ycong', 'A', 'N/A', NULL, 'Upper Malibu Mandaue City', 25, 442, 6014, 'Mandaue', 'Mandaue', 'ALS', 'Mandaue City', 25, 442, 6014, NULL, '2018-11-05 06:39:21', '2018-11-05 06:39:21'),
(118, NULL, 'IIT-0382', -503364865, 'Kimberly', 'Rosalejos', 'Maringuran', NULL, 'Kim', '19', '1999-06-01', 'Mandaue City', 2, 5, NULL, NULL, NULL, NULL, '09322181852', 'abcd@gmail.com', 'Roman Catholic', 'Filipino', '192 Alang-Alang Mandaue City', 25, 442, 6014, '192 Alang-Alang Mandaue City', 25, 442, 6014, 1, 'Nelson', 'Maringuran', 'Taylaran', 'N/A', NULL, '192 Alang-Alang Mandaue City', 25, 442, 6014, 'Cresanta', 'Maringuran', 'Rosalejos', 'Housewife', NULL, '192 Alang-Alang Mandaue City', 25, 442, 6014, 'Mandaue', 'Mandaue', 'Alternative Learning System', 'Mandaue City', 25, 442, 6014, NULL, '2018-11-05 09:02:03', '2018-11-12 13:49:23'),
(119, NULL, 'IIT-0383', -502580965, 'Leonie', 'Baring', 'Montecalvo', NULL, 'Uni', '22', '1996-03-27', 'Taburan Cebu', 2, 5, NULL, NULL, NULL, NULL, '09083496222', 'abcd@gmail.com', 'Roman Catholic', 'Filipino', 'Guizo Mandaue City', 25, 442, 6014, 'Guizo Mandaue City', 25, 442, 6014, 1, 'Crispin', 'Montecalvo', 'Arminon', 'N/A', NULL, 'Tuburan Cebu', 25, 488, 6043, 'Evangeline', 'Baring', 'Borja', 'N/A', NULL, 'Tuburan Cebu', 25, 488, 6043, 'Tuburan', 'Tuburan', 'ALternative Learning System', 'Tuburan Cebu', 25, 488, 6043, NULL, '2018-11-05 09:14:22', '2018-11-12 13:49:49'),
(120, NULL, 'IIT-384', -399431785, 'Edmer', 'Colipano', 'Gonzaga', NULL, 'Kwing-Kwing', '22', '1996-06-26', 'Mabolo Cebu City', 1, 5, NULL, NULL, NULL, NULL, '09234355187', 'edmer_gonzaga@yahoo.com', 'Roman Catholic', 'Filipino', 'Umapad Mandaue City', 25, 442, 6014, 'Umapad Mandaue City', 25, 442, 6014, 1, 'Edmer', 'Gonzaga', 'Ababon', 'Wilder', '09084000919', 'Umapad Mandaue City', 25, 442, 6014, 'Mercidita', 'Colipan', 'Sanchez', 'Housewife', '09239196919', 'Umapad Mandaue City', 25, 442, 6014, 'Mandaue', 'Mandaue', 'Alternative Learning Center', 'Mandaue City', 25, 442, 6014, NULL, '2018-11-06 13:51:05', '2018-11-06 13:51:42'),
(121, NULL, NULL, -808605719, 'Kathie Lee', 'Maglasang', 'Rom', NULL, 'Thielee', '15', '2003-05-10', 'Cebu City', 2, 5, NULL, NULL, NULL, NULL, '09455981187', 'kathielee_rom@yahoo.com', 'Catholic', 'Filipino', 'Consolacion', 25, 461, 6001, 'Consolacion', 25, 461, 6001, 1, 'Benjie', 'Rom', 'Lacio', 'Driver', '00000000000', 'Consolacion', 25, 461, 6001, 'Catherine', 'Maglasang', 'Lacio', 'Housewife', '00000000000', 'Consolacion', 25, 461, 6001, 'Central Elementary School', 'Central Elementary School', 'Pulpogan National High School', 'Consolacion', 25, 461, 6001, NULL, '2019-02-09 06:22:08', '2019-02-09 06:22:08'),
(122, NULL, NULL, -808605719, 'Kathie Lee', 'Maglasang', 'Rom', NULL, 'Thielee', '15', '2003-05-10', 'Cebu City', 2, 5, NULL, NULL, NULL, NULL, '09455981187', 'kathielee_rom@yahoo.com', 'Catholic', 'Filipino', 'Consolacion', 25, 461, 6001, 'Consolacion', 25, 461, 6001, 1, 'Benjie', 'Rom', 'Lacio', 'Driver', '00000000000', 'Consolacion', 25, 461, 6001, 'Catherine', 'Maglasang', 'Lacio', 'Housewife', '00000000000', 'Consolacion', 25, 461, 6001, 'Central Elementary School', 'Central Elementary School', 'Pulpogan National High School', 'Consolacion', 25, 461, 6001, NULL, '2019-02-09 06:25:08', '2019-02-09 06:25:08'),
(123, NULL, 'ITTS-387', 1464446225, 'Marianne', 'Ursaiz', 'Anadon', NULL, 'yan', '20', '1999-03-08', 'Bogo Cebu', 2, 5, NULL, NULL, NULL, NULL, '00000000000', 'asdfg@gmail.com', 'Roman Catholic', 'Filipino', 'Maguikay, Mandaue City', 25, 442, 6014, 'Maguikay Mandaue City', 25, 442, 6014, 1, 'Victor', 'Anadon', 'P', 'Farmer', '00000000000', 'Maguikay Mandaue City', 25, 442, 6014, 'Rebecca', 'Ursaiz', 'P', 'Housekeeper', '00000000000', 'Maguikay Mandaue City', 25, 442, 6014, 'Maguikay', 'Maguikay', 'Maguikay National High School', 'Maguikay Mandaue City', 25, 442, 6014, NULL, '2019-04-26 06:46:13', '2019-04-26 06:48:09'),
(124, NULL, 'ITTS-389', 1470902978, 'Ma. Classa', 'Manatad', 'Alameda', NULL, 'Classa', '26', '1993-12-25', 'Subangdaku Mandaue City', 2, 5, NULL, NULL, NULL, NULL, '00000000000', 'asdf@gmail.com', 'Roman Catholic', 'Filipino', 'Subangdaku Mandaue City', 25, 442, 6014, 'Subangdaku Mandaue City', 25, 442, 6014, 1, 'asdf', 'asdf', 'asdf', 'asdf', '00000000000', 'Subangdaku Mandaue City', 25, 442, 6014, 'asdf', 'asdf', 'asdf', 'asdf', '00000000000', 'Subangdaku Mandaue City', 25, 442, 6014, 'assdf', 'asdf', 'asdf', 'Subangdaku Mandaue City', 25, 442, 6014, NULL, '2019-04-26 07:42:59', '2019-04-26 07:43:49');

-- --------------------------------------------------------

--
-- Table structure for table `enrollee_course`
--

CREATE TABLE `enrollee_course` (
  `id` int(10) UNSIGNED NOT NULL,
  `enrollee_id` int(10) UNSIGNED DEFAULT NULL,
  `course_id` int(10) UNSIGNED DEFAULT NULL,
  `created_at` timestamp NULL DEFAULT NULL,
  `updated_at` timestamp NULL DEFAULT NULL
) ENGINE=InnoDB DEFAULT CHARSET=utf8mb4 COLLATE=utf8mb4_unicode_ci;

-- --------------------------------------------------------

--
-- Table structure for table `enrollee_requirements_doc`
--

CREATE TABLE `enrollee_requirements_doc` (
  `id` int(10) UNSIGNED NOT NULL,
  `enrollee_id` int(10) UNSIGNED DEFAULT NULL,
  `requirement_doc_id` int(10) UNSIGNED DEFAULT NULL,
  `created_at` timestamp NULL DEFAULT NULL,
  `updated_at` timestamp NULL DEFAULT NULL
) ENGINE=InnoDB DEFAULT CHARSET=utf8mb4 COLLATE=utf8mb4_unicode_ci;

--
-- Dumping data for table `enrollee_requirements_doc`
--

INSERT INTO `enrollee_requirements_doc` (`id`, `enrollee_id`, `requirement_doc_id`, `created_at`, `updated_at`) VALUES
(1, 1, 1, NULL, NULL),
(2, 1, 2, NULL, NULL),
(3, 1, 3, NULL, NULL),
(4, 1, 4, NULL, NULL),
(5, 1, 5, NULL, NULL),
(6, 1, 6, NULL, NULL),
(7, 1, 7, NULL, NULL),
(8, 1, 9, NULL, NULL),
(9, 1, 8, NULL, NULL),
(10, 1, 10, NULL, NULL),
(11, 2, 1, NULL, NULL),
(12, 2, 2, NULL, NULL),
(13, 2, 3, NULL, NULL),
(14, 2, 4, NULL, NULL),
(15, 2, 5, NULL, NULL),
(16, 2, 6, NULL, NULL),
(17, 2, 7, NULL, NULL),
(18, 2, 9, NULL, NULL),
(19, 2, 8, NULL, NULL),
(20, 2, 10, NULL, NULL),
(21, 3, 1, NULL, NULL),
(22, 3, 2, NULL, NULL),
(23, 3, 3, NULL, NULL),
(24, 3, 4, NULL, NULL),
(25, 3, 5, NULL, NULL),
(26, 3, 6, NULL, NULL),
(27, 3, 7, NULL, NULL),
(28, 3, 9, NULL, NULL),
(29, 3, 8, NULL, NULL),
(30, 3, 10, NULL, NULL),
(31, 4, 1, NULL, NULL),
(32, 4, 2, NULL, NULL),
(33, 4, 3, NULL, NULL),
(34, 4, 4, NULL, NULL),
(35, 4, 5, NULL, NULL),
(36, 4, 6, NULL, NULL),
(37, 4, 7, NULL, NULL),
(38, 4, 9, NULL, NULL),
(39, 4, 8, NULL, NULL),
(40, 4, 10, NULL, NULL),
(41, 5, 1, NULL, NULL),
(42, 5, 2, NULL, NULL),
(43, 5, 3, NULL, NULL),
(44, 5, 4, NULL, NULL),
(45, 5, 5, NULL, NULL),
(46, 5, 6, NULL, NULL),
(47, 5, 7, NULL, NULL),
(48, 5, 9, NULL, NULL),
(49, 5, 8, NULL, NULL),
(50, 5, 10, NULL, NULL),
(51, 6, 1, NULL, NULL),
(52, 6, 2, NULL, NULL),
(53, 6, 3, NULL, NULL),
(54, 6, 4, NULL, NULL),
(55, 6, 5, NULL, NULL),
(56, 6, 6, NULL, NULL),
(57, 6, 7, NULL, NULL),
(58, 6, 9, NULL, NULL),
(59, 6, 8, NULL, NULL),
(60, 6, 10, NULL, NULL),
(61, 7, 1, NULL, NULL),
(62, 7, 2, NULL, NULL),
(63, 7, 3, NULL, NULL),
(64, 7, 4, NULL, NULL),
(65, 7, 5, NULL, NULL),
(66, 7, 6, NULL, NULL),
(67, 7, 7, NULL, NULL),
(68, 7, 9, NULL, NULL),
(69, 7, 8, NULL, NULL),
(70, 7, 10, NULL, NULL),
(111, 10, 1, NULL, NULL),
(112, 10, 2, NULL, NULL),
(113, 10, 3, NULL, NULL),
(114, 10, 4, NULL, NULL),
(115, 10, 5, NULL, NULL),
(116, 10, 6, NULL, NULL),
(117, 10, 7, NULL, NULL),
(118, 10, 9, NULL, NULL),
(119, 10, 8, NULL, NULL),
(120, 10, 10, NULL, NULL),
(141, 8, 1, NULL, NULL),
(142, 8, 2, NULL, NULL),
(143, 8, 3, NULL, NULL),
(144, 8, 4, NULL, NULL),
(145, 8, 5, NULL, NULL),
(146, 8, 6, NULL, NULL),
(147, 8, 7, NULL, NULL),
(148, 8, 9, NULL, NULL),
(149, 8, 8, NULL, NULL),
(150, 8, 10, NULL, NULL),
(151, 9, 1, NULL, NULL),
(152, 9, 2, NULL, NULL),
(153, 9, 3, NULL, NULL),
(154, 9, 4, NULL, NULL),
(155, 9, 5, NULL, NULL),
(156, 9, 6, NULL, NULL),
(157, 9, 7, NULL, NULL),
(158, 9, 9, NULL, NULL),
(159, 9, 8, NULL, NULL),
(160, 9, 10, NULL, NULL),
(169, 14, 1, NULL, NULL),
(170, 14, 2, NULL, NULL),
(198, 31, 1, NULL, NULL),
(199, 31, 2, NULL, NULL),
(250, 56, 4, NULL, NULL),
(252, 58, 4, NULL, NULL),
(256, 60, 4, NULL, NULL),
(266, 64, 4, NULL, NULL),
(280, 72, 1, NULL, NULL),
(281, 72, 2, NULL, NULL),
(311, 85, 1, NULL, NULL),
(384, 29, 2, NULL, NULL),
(389, 109, 4, NULL, NULL),
(402, 110, 4, NULL, NULL),
(403, 110, 8, NULL, NULL),
(405, 111, 4, NULL, NULL),
(407, 112, 4, NULL, NULL),
(409, 114, 4, NULL, NULL),
(410, 113, 4, NULL, NULL),
(412, 115, 8, NULL, NULL),
(413, 18, 1, NULL, NULL),
(414, 18, 2, NULL, NULL),
(417, 54, 1, NULL, NULL),
(418, 54, 2, NULL, NULL),
(421, 57, 4, NULL, NULL),
(432, 93, 1, NULL, NULL),
(433, 93, 2, NULL, NULL),
(440, 75, 4, NULL, NULL),
(441, 38, 1, NULL, NULL),
(442, 38, 2, NULL, NULL),
(443, 83, 4, NULL, NULL),
(444, 74, 4, NULL, NULL),
(450, 44, 4, NULL, NULL),
(451, 36, 1, NULL, NULL),
(452, 36, 2, NULL, NULL),
(455, 55, 1, NULL, NULL),
(456, 55, 2, NULL, NULL),
(458, 50, 1, NULL, NULL),
(459, 50, 2, NULL, NULL),
(462, 48, 1, NULL, NULL),
(463, 48, 2, NULL, NULL),
(466, 35, 1, NULL, NULL),
(467, 35, 2, NULL, NULL),
(468, 45, 1, NULL, NULL),
(469, 45, 2, NULL, NULL),
(470, 46, 1, NULL, NULL),
(471, 46, 2, NULL, NULL),
(472, 32, 1, NULL, NULL),
(473, 32, 2, NULL, NULL),
(475, 25, 2, NULL, NULL),
(476, 33, 1, NULL, NULL),
(477, 33, 2, NULL, NULL),
(484, 21, 1, NULL, NULL),
(485, 21, 2, NULL, NULL),
(486, 27, 1, NULL, NULL),
(487, 27, 2, NULL, NULL),
(488, 41, 1, NULL, NULL),
(489, 41, 2, NULL, NULL),
(490, 37, 1, NULL, NULL),
(491, 37, 2, NULL, NULL),
(494, 39, 1, NULL, NULL),
(495, 39, 2, NULL, NULL),
(496, 49, 1, NULL, NULL),
(497, 49, 2, NULL, NULL),
(498, 51, 1, NULL, NULL),
(499, 51, 2, NULL, NULL),
(500, 26, 1, NULL, NULL),
(501, 26, 2, NULL, NULL),
(506, 17, 1, NULL, NULL),
(507, 17, 2, NULL, NULL),
(508, 16, 1, NULL, NULL),
(509, 16, 2, NULL, NULL),
(510, 52, 1, NULL, NULL),
(511, 52, 2, NULL, NULL),
(512, 40, 1, NULL, NULL),
(513, 40, 2, NULL, NULL),
(514, 42, 1, NULL, NULL),
(515, 42, 2, NULL, NULL),
(525, 63, 4, NULL, NULL),
(534, 28, 1, NULL, NULL),
(535, 28, 2, NULL, NULL),
(552, 47, 1, NULL, NULL),
(553, 47, 2, NULL, NULL),
(564, 120, 4, NULL, NULL),
(565, 120, 8, NULL, NULL),
(566, 120, 9, NULL, NULL),
(567, 120, 10, NULL, NULL),
(579, 96, 1, NULL, NULL),
(580, 96, 2, NULL, NULL),
(608, 118, 4, NULL, NULL),
(609, 119, 4, NULL, NULL),
(610, 30, 1, NULL, NULL),
(611, 30, 2, NULL, NULL),
(622, 104, 1, NULL, NULL),
(623, 104, 2, NULL, NULL),
(624, 104, 3, NULL, NULL),
(626, 81, 1, NULL, NULL),
(630, 97, 1, NULL, NULL),
(631, 97, 2, NULL, NULL),
(632, 97, 3, NULL, NULL),
(636, 108, 3, NULL, NULL),
(639, 101, 2, NULL, NULL),
(640, 101, 1, NULL, NULL),
(644, 107, 1, NULL, NULL),
(645, 107, 3, NULL, NULL),
(646, 107, 2, NULL, NULL),
(654, 100, 1, NULL, NULL),
(655, 100, 2, NULL, NULL),
(656, 100, 2, NULL, NULL),
(663, 98, 1, NULL, NULL),
(664, 98, 2, NULL, NULL),
(666, 34, 4, NULL, NULL),
(669, 67, 4, NULL, NULL),
(674, 76, 4, NULL, NULL),
(677, 66, 4, NULL, NULL),
(680, 65, 4, NULL, NULL),
(682, 59, 4, NULL, NULL),
(685, 69, 4, NULL, NULL),
(688, 77, 4, NULL, NULL),
(691, 78, 4, NULL, NULL),
(694, 68, 4, NULL, NULL),
(699, 82, 4, NULL, NULL),
(701, 61, 4, NULL, NULL),
(703, 80, 4, NULL, NULL),
(705, 62, 4, NULL, NULL),
(711, 71, 4, NULL, NULL),
(720, 24, 1, NULL, NULL),
(721, 24, 2, NULL, NULL),
(722, 22, 1, NULL, NULL),
(723, 22, 2, NULL, NULL),
(724, 13, 1, NULL, NULL),
(725, 13, 2, NULL, NULL),
(726, 11, 1, NULL, NULL),
(727, 11, 2, NULL, NULL),
(728, 53, 1, NULL, NULL),
(729, 53, 2, NULL, NULL),
(730, 19, 1, NULL, NULL),
(731, 19, 2, NULL, NULL),
(737, 116, 1, NULL, NULL),
(738, 116, 2, NULL, NULL),
(739, 116, 3, NULL, NULL),
(744, 20, 1, NULL, NULL),
(745, 20, 2, NULL, NULL),
(746, 99, 4, NULL, NULL),
(749, 12, 2, NULL, NULL),
(750, 12, 1, NULL, NULL),
(755, 105, 1, NULL, NULL),
(756, 105, 2, NULL, NULL),
(757, 15, 1, NULL, NULL),
(759, 73, 4, NULL, NULL),
(761, 70, 4, NULL, NULL),
(764, 102, 1, NULL, NULL),
(765, 102, 2, NULL, NULL),
(766, 43, 1, NULL, NULL),
(767, 43, 2, NULL, NULL),
(768, 79, 1, NULL, NULL),
(769, 79, 2, NULL, NULL),
(770, 86, 1, NULL, NULL),
(775, 92, 1, NULL, NULL),
(776, 92, 2, NULL, NULL),
(777, 91, 1, NULL, NULL),
(778, 91, 2, NULL, NULL),
(781, 87, 1, NULL, NULL),
(782, 87, 2, NULL, NULL),
(784, 84, 1, NULL, NULL),
(785, 88, 1, NULL, NULL),
(786, 88, 2, NULL, NULL),
(787, 88, 3, NULL, NULL),
(790, 95, 1, NULL, NULL),
(791, 95, 2, NULL, NULL),
(792, 89, 1, NULL, NULL),
(793, 89, 2, NULL, NULL),
(794, 94, 1, NULL, NULL),
(797, 90, 1, NULL, NULL),
(799, 123, 2, NULL, NULL),
(802, 124, 8, NULL, NULL),
(803, 124, 9, NULL, NULL);

-- --------------------------------------------------------

--
-- Table structure for table `enrollee_schedule`
--

CREATE TABLE `enrollee_schedule` (
  `id` int(10) UNSIGNED NOT NULL,
  `enrollee_id` int(10) UNSIGNED DEFAULT NULL,
  `schedule_id` int(10) UNSIGNED DEFAULT NULL,
  `created_at` timestamp NULL DEFAULT NULL,
  `updated_at` timestamp NULL DEFAULT NULL
) ENGINE=InnoDB DEFAULT CHARSET=utf8mb4 COLLATE=utf8mb4_unicode_ci;

-- --------------------------------------------------------

--
-- Table structure for table `enrollee_school_year`
--

CREATE TABLE `enrollee_school_year` (
  `id` int(10) UNSIGNED NOT NULL,
  `enrollee_id` int(10) UNSIGNED DEFAULT NULL,
  `school_year_id` int(10) UNSIGNED DEFAULT NULL,
  `created_at` timestamp NULL DEFAULT NULL,
  `updated_at` timestamp NULL DEFAULT NULL
) ENGINE=InnoDB DEFAULT CHARSET=utf8mb4 COLLATE=utf8mb4_unicode_ci;

-- --------------------------------------------------------

--
-- Table structure for table `enrollee_semester`
--

CREATE TABLE `enrollee_semester` (
  `id` int(10) UNSIGNED NOT NULL,
  `enrollee_id` int(10) UNSIGNED DEFAULT NULL,
  `educational_att_id` int(10) UNSIGNED DEFAULT NULL,
  `created_at` timestamp NULL DEFAULT NULL,
  `updated_at` timestamp NULL DEFAULT NULL
) ENGINE=InnoDB DEFAULT CHARSET=utf8mb4 COLLATE=utf8mb4_unicode_ci;

-- --------------------------------------------------------

--
-- Table structure for table `enrollee_sibling`
--

CREATE TABLE `enrollee_sibling` (
  `id` int(10) UNSIGNED NOT NULL,
  `enrollee_id` int(10) UNSIGNED DEFAULT NULL,
  `sibling_id` int(10) UNSIGNED DEFAULT NULL,
  `created_at` timestamp NULL DEFAULT NULL,
  `updated_at` timestamp NULL DEFAULT NULL
) ENGINE=InnoDB DEFAULT CHARSET=utf8mb4 COLLATE=utf8mb4_unicode_ci;

--
-- Dumping data for table `enrollee_sibling`
--

INSERT INTO `enrollee_sibling` (`id`, `enrollee_id`, `sibling_id`, `created_at`, `updated_at`) VALUES
(1, 1, 1, NULL, NULL),
(2, 1, 2, NULL, NULL),
(3, 2, 3, NULL, NULL),
(4, 2, 4, NULL, NULL),
(5, 3, 5, NULL, NULL),
(6, 3, 6, NULL, NULL),
(7, 4, 7, NULL, NULL),
(8, 4, 8, NULL, NULL),
(9, 5, 9, NULL, NULL),
(10, 5, 10, NULL, NULL),
(11, 6, 11, NULL, NULL),
(12, 6, 12, NULL, NULL),
(13, 7, 13, NULL, NULL),
(14, 7, 14, NULL, NULL),
(23, 10, 23, NULL, NULL),
(24, 10, 24, NULL, NULL),
(29, 8, 29, NULL, NULL),
(30, 8, 30, NULL, NULL),
(31, 9, 31, NULL, NULL),
(32, 9, 32, NULL, NULL);

-- --------------------------------------------------------

--
-- Table structure for table `enrollee_year_level`
--

CREATE TABLE `enrollee_year_level` (
  `id` int(10) UNSIGNED NOT NULL,
  `enrollee_id` int(10) UNSIGNED DEFAULT NULL,
  `year_level_id` int(10) UNSIGNED DEFAULT NULL,
  `created_at` timestamp NULL DEFAULT NULL,
  `updated_at` timestamp NULL DEFAULT NULL
) ENGINE=InnoDB DEFAULT CHARSET=utf8mb4 COLLATE=utf8mb4_unicode_ci;

-- --------------------------------------------------------

--
-- Table structure for table `messages`
--

CREATE TABLE `messages` (
  `id` int(10) UNSIGNED NOT NULL,
  `user_id` int(10) UNSIGNED NOT NULL,
  `message` text COLLATE utf8mb4_unicode_ci NOT NULL,
  `created_at` timestamp NULL DEFAULT NULL,
  `updated_at` timestamp NULL DEFAULT NULL
) ENGINE=InnoDB DEFAULT CHARSET=utf8mb4 COLLATE=utf8mb4_unicode_ci;

-- --------------------------------------------------------

--
-- Table structure for table `migrations`
--

CREATE TABLE `migrations` (
  `id` int(10) UNSIGNED NOT NULL,
  `migration` varchar(191) COLLATE utf8mb4_unicode_ci NOT NULL,
  `batch` int(11) NOT NULL
) ENGINE=InnoDB DEFAULT CHARSET=utf8mb4 COLLATE=utf8mb4_unicode_ci;

--
-- Dumping data for table `migrations`
--

INSERT INTO `migrations` (`id`, `migration`, `batch`) VALUES
(912, '2014_10_12_000000_create_users_table', 1),
(913, '2014_10_12_100000_create_password_resets_table', 1),
(914, '2018_04_01_165203_create_student_type_table', 1),
(915, '2018_04_05_072341_create_civil_status_table', 1),
(916, '2018_04_23_060354_create_requirements_table', 1),
(917, '2018_04_23_060623_create_requirements_doc_table', 1),
(918, '2018_04_23_060947_create_policies_table', 1),
(919, '2018_04_23_152534_create_roles_table', 1),
(920, '2018_04_23_171002_create_questions', 1),
(921, '2018_04_23_171013_create_siblings_table', 1),
(922, '2018_04_23_171021_create_answers', 1),
(923, '2018_04_23_171053_create_year_levels_table', 1),
(924, '2018_04_23_171200_educational_attainment', 1),
(925, '2018_04_23_171241_create_semesters_table', 1),
(926, '2018_04_23_171326_create_school_years_table', 1),
(927, '2018_04_23_171348_create_schedules_table', 1),
(928, '2018_04_23_171435_create_courses_table', 1),
(929, '2018_04_23_171459_create_enrollees_table', 1),
(930, '2018_04_24_061704_create_enrollee_year_level_table', 1),
(931, '2018_04_24_061831_create_educational_att_enrollee_table', 1),
(932, '2018_04_24_061940_create_enrollee_semester_table', 1),
(933, '2018_04_24_062030_create_enrollee_school_year_table', 1),
(934, '2018_04_24_062117_create_enrollee_schedule_table', 1),
(935, '2018_04_24_062152_create_enrollee_course_table', 1),
(936, '2018_05_05_142212_create_answer_enrollee_table', 1),
(937, '2018_05_05_145023_create_enrollee_requirements_doc_table', 1),
(938, '2018_05_05_152908_create_enrollee_sibling', 1),
(939, '2018_05_05_160636_create_confirm_enrolled_table', 1),
(940, '2018_05_13_064421_create_role_user_table', 1),
(941, '2018_06_05_051436_create_payments_table', 2),
(942, '2018_06_05_051535_create_balances_table', 2),
(943, '2018_06_05_052138_create_confirm_enrolled_payment_table', 2),
(944, '2018_06_05_052219_create_balance_confirm_enrolled_table', 2),
(945, '2018_06_22_110421_create_messages_table', 3);

-- --------------------------------------------------------

--
-- Table structure for table `password_resets`
--

CREATE TABLE `password_resets` (
  `email` varchar(191) COLLATE utf8mb4_unicode_ci NOT NULL,
  `token` varchar(191) COLLATE utf8mb4_unicode_ci NOT NULL,
  `created_at` timestamp NULL DEFAULT NULL
) ENGINE=InnoDB DEFAULT CHARSET=utf8mb4 COLLATE=utf8mb4_unicode_ci;

-- --------------------------------------------------------

--
-- Table structure for table `payments`
--

CREATE TABLE `payments` (
  `id` int(10) UNSIGNED NOT NULL,
  `confirm_enrollee_id` int(10) UNSIGNED DEFAULT NULL,
  `prefix` varchar(10) COLLATE utf8mb4_unicode_ci NOT NULL,
  `receipt_no` bigint(20) NOT NULL,
  `balance_id` int(10) UNSIGNED DEFAULT NULL,
  `amount_given` decimal(8,2) NOT NULL,
  `change` decimal(8,2) NOT NULL,
  `amount_charge` decimal(8,2) NOT NULL,
  `total_amount_given` float NOT NULL DEFAULT '0',
  `created_at` timestamp NULL DEFAULT NULL,
  `updated_at` timestamp NULL DEFAULT NULL
) ENGINE=InnoDB DEFAULT CHARSET=utf8mb4 COLLATE=utf8mb4_unicode_ci;

--
-- Dumping data for table `payments`
--

INSERT INTO `payments` (`id`, `confirm_enrollee_id`, `prefix`, `receipt_no`, `balance_id`, `amount_given`, `change`, `amount_charge`, `total_amount_given`, `created_at`, `updated_at`) VALUES
(35, 24, 'AR', 7000, 48, '2000.00', '0.00', '2000.00', 2000, '2018-06-29 11:56:24', '2018-06-29 12:58:10'),
(38, 42, 'R', 107, 32, '250.00', '0.00', '250.00', 250, '2018-06-22 04:00:00', '2018-07-09 09:59:38'),
(39, 52, 'R', 106, 32, '250.00', '0.00', '250.00', 250, '2018-06-22 04:00:00', '2018-07-09 10:01:45'),
(40, 17, 'R', 105, 55, '500.00', '0.00', '500.00', 250, '2018-06-22 04:00:00', '2018-10-11 08:57:51'),
(41, 51, 'R', 54, 32, '250.00', '0.00', '250.00', 250, '2018-06-01 04:00:00', '2018-07-09 10:27:38'),
(42, 51, 'R', 55, 30, '1500.00', '0.00', '1500.00', 1500, '2018-06-01 04:00:00', '2018-07-09 10:28:43'),
(43, 43, 'R', 56, 32, '250.00', '0.00', '250.00', 250, '2018-06-01 04:00:00', '2018-07-09 10:30:18'),
(44, 55, 'R', 57, 32, '250.00', '0.00', '250.00', 250, '2018-06-01 04:00:00', '2018-07-09 10:30:50'),
(45, 11, 'R', 58, 32, '250.00', '0.00', '250.00', 250, '2018-06-01 04:00:00', '2018-07-09 10:31:57'),
(46, 40, 'R', 59, 32, '250.00', '0.00', '250.00', 250, '2018-06-01 04:00:00', '2018-07-09 10:45:45'),
(47, 40, 'R', 59, 30, '1500.00', '0.00', '1500.00', 1500, '2018-06-01 04:00:00', '2018-07-09 10:46:38'),
(48, 58, 'R', 65, 32, '250.00', '0.00', '250.00', 250, '2018-06-01 04:00:00', '2018-07-09 10:49:08'),
(49, 49, 'R', 69, 32, '250.00', '0.00', '250.00', 250, '2018-06-04 04:00:00', '2018-07-09 10:50:43'),
(50, 49, 'R', 69, 62, '500.00', '0.00', '500.00', 500, '2018-06-04 04:00:00', '2018-10-27 08:13:11'),
(51, 16, 'R', 73, 48, '2500.00', '0.00', '2500.00', 2500, '2018-06-07 04:00:00', '2018-07-09 10:55:10'),
(52, 45, 'R', 72, 32, '250.00', '0.00', '250.00', 250, '2018-06-06 04:00:00', '2018-07-09 10:55:58'),
(53, 38, 'R', 75, 30, '1000.00', '0.00', '1000.00', 1000, '2018-06-07 04:00:00', '2018-07-09 10:57:46'),
(54, 11, 'R', 76, 30, '700.00', '0.00', '700.00', 700, '2018-06-08 04:00:00', '2018-07-09 10:59:06'),
(55, 38, 'R', 75, 32, '250.00', '0.00', '250.00', 250, '2018-06-07 04:00:00', '2018-07-09 10:59:47'),
(56, 21, 'R', 77, 30, '1500.00', '0.00', '1500.00', 1500, '2018-06-08 04:00:00', '2018-07-09 11:00:48'),
(57, 34, 'R', 83, 30, '1500.00', '0.00', '1500.00', 1500, '2018-06-08 04:00:00', '2018-07-09 11:02:51'),
(58, 54, 'R', 87, 30, '1500.00', '0.00', '1500.00', 1500, '2018-06-08 04:00:00', '2018-07-09 11:04:09'),
(59, 54, 'R', 88, 32, '250.00', '0.00', '250.00', 250, '2018-06-08 04:00:00', '2018-07-09 11:04:45'),
(60, 36, 'R', 7035, 45, '1600.00', '0.00', '1600.00', 1600, '2018-07-04 04:00:00', '2018-07-09 11:10:21'),
(61, 30, 'R', 91, 30, '1500.00', '0.00', '1500.00', 1500, '2018-06-08 04:00:00', '2018-07-09 11:47:10'),
(62, 58, 'R', 92, 30, '1500.00', '0.00', '1500.00', 1500, '2018-06-08 04:00:00', '2018-07-09 11:56:28'),
(63, 44, 'R', 95, 62, '500.00', '0.00', '500.00', 500, '2018-06-08 04:00:00', '2018-10-30 09:14:50'),
(64, 27, 'R', 96, 62, '500.00', '0.00', '500.00', 500, '2018-06-08 04:00:00', '2018-10-27 08:16:57'),
(66, 48, 'AR', 6914, 51, '600.00', '0.00', '600.00', 600, '2018-06-15 04:00:00', '2018-07-09 12:53:07'),
(67, 48, 'AR', 6915, 32, '250.00', '0.00', '250.00', 250, '2018-06-15 04:00:00', '2018-07-09 12:54:17'),
(68, 26, 'AR', 6916, 30, '1500.00', '0.00', '1500.00', 1500, '2018-06-15 04:00:00', '2018-07-09 12:55:10'),
(69, 28, 'AR', 6917, 30, '1500.00', '0.00', '1500.00', 1500, '2018-06-15 04:00:00', '2018-07-09 12:56:06'),
(70, 41, 'AR', 6918, 30, '1500.00', '0.00', '1500.00', 1500, '2018-06-15 04:00:00', '2018-07-09 12:56:55'),
(71, 41, 'AR', 6919, 32, '250.00', '0.00', '250.00', 250, '2018-06-15 04:00:00', '2018-07-09 12:57:46'),
(72, 14, 'AR', 6923, 32, '250.00', '0.00', '250.00', 250, '2018-06-15 04:00:00', '2018-07-09 12:59:10'),
(73, 16, 'AR', 6953, 32, '250.00', '0.00', '250.00', 250, '2018-06-19 04:00:00', '2018-07-09 13:00:16'),
(74, 27, 'AR', 6956, 32, '250.00', '0.00', '250.00', 250, '2018-06-20 04:00:00', '2018-07-09 13:27:50'),
(75, 55, 'AR', 6957, 30, '1500.00', '0.00', '1500.00', 1500, '2018-06-20 04:00:00', '2018-07-09 13:28:36'),
(76, 22, 'R', 103, 30, '1500.00', '0.00', '1500.00', 1500, '2018-06-19 04:00:00', '2018-07-09 13:29:44'),
(77, 43, 'AR', 6931, 30, '1500.00', '0.00', '1500.00', 1500, '2018-06-18 04:00:00', '2018-07-09 13:31:10'),
(78, 23, 'AR', 6968, 32, '250.00', '0.00', '250.00', 250, '2018-06-26 04:00:00', '2018-07-09 14:03:42'),
(79, 53, 'AR', 7040, 30, '1500.00', '0.00', '1500.00', 1500, '2018-07-10 04:00:00', '2018-07-10 13:04:02'),
(80, 11, 'AR', 7041, 30, '1000.00', '250.00', '750.00', 1450, '2018-07-10 04:00:00', '2018-07-10 11:58:28'),
(81, 74, 'AR', 7042, 45, '1000.00', '0.00', '1000.00', 1000, '2018-07-10 04:00:00', '2018-07-10 13:03:18'),
(82, 75, 'AR', 7043, 32, '50.00', '0.00', '50.00', 50, '2018-07-11 04:00:00', '2018-07-11 11:36:26'),
(84, 75, 'AR', 7044, 45, '600.00', '0.00', '600.00', 600, '2018-07-11 04:00:00', '2018-07-11 11:43:35'),
(85, 47, 'AR', 7045, 30, '1500.00', '0.00', '1500.00', 1500, '2018-07-12 04:00:00', '2018-07-12 05:17:53'),
(86, 92, 'AR', 6893, 48, '800.00', '0.00', '800.00', 800, '2018-06-01 04:00:00', '2018-07-12 07:00:44'),
(87, 88, 'R', 51, 48, '1000.00', '0.00', '1000.00', 1000, '2018-06-01 04:00:00', '2018-07-12 07:02:35'),
(88, 74, 'R', 52, 54, '800.00', '0.00', '800.00', 800, '2018-06-01 04:00:00', '2018-07-12 10:22:55'),
(89, 66, 'R', 61, 32, '250.00', '0.00', '250.00', 250, '2018-06-01 04:00:00', '2018-07-12 07:09:41'),
(90, 53, 'R', 62, 32, '250.00', '0.00', '250.00', 250, '2018-06-01 04:00:00', '2018-07-12 07:10:18'),
(91, 35, 'R', 63, 32, '250.00', '0.00', '250.00', 250, '2018-06-01 04:00:00', '2018-07-12 07:11:53'),
(92, 98, 'R', 64, 32, '250.00', '0.00', '250.00', 250, '2018-06-01 04:00:00', '2018-07-12 07:13:14'),
(93, 30, 'R', 66, 32, '250.00', '0.00', '250.00', 250, '2018-06-01 04:00:00', '2018-07-12 07:14:01'),
(94, 68, 'R', 67, 32, '250.00', '0.00', '250.00', 250, '2018-06-01 04:00:00', '2018-07-12 07:14:38'),
(95, 63, 'R', 68, 32, '250.00', '0.00', '250.00', 250, '2018-06-01 04:00:00', '2018-07-12 07:15:11'),
(96, 96, 'AR', 6899, 48, '1500.00', '0.00', '1500.00', 1500, '2018-06-05 04:00:00', '2018-07-12 07:16:32'),
(97, 94, 'R', 71, 32, '250.00', '0.00', '250.00', 250, '2018-06-06 04:00:00', '2018-07-12 07:19:26'),
(98, 116, 'AR', 6903, 48, '2000.00', '0.00', '2000.00', 2000, '2018-06-07 04:00:00', '2018-07-12 07:21:45'),
(99, 84, 'R', 74, 47, '500.00', '0.00', '500.00', 500, '2018-06-07 04:00:00', '2018-07-12 07:24:18'),
(100, 29, 'R', 78, 30, '1500.00', '0.00', '1500.00', 1500, '2018-06-08 04:00:00', '2018-07-12 07:25:05'),
(101, 63, 'R', 81, 52, '100.00', '0.00', '100.00', 100, '2018-06-08 04:00:00', '2018-07-12 07:26:38'),
(102, 73, 'R', 82, 52, '100.00', '0.00', '100.00', 100, '2018-06-08 04:00:00', '2018-07-12 07:27:38'),
(103, 106, 'R', 84, 30, '500.00', '0.00', '500.00', 500, '2018-06-08 04:00:00', '2018-07-12 07:29:03'),
(104, 108, 'R', 86, 30, '1500.00', '0.00', '1500.00', 1500, '2018-06-08 04:00:00', '2018-07-12 07:39:59'),
(105, 108, 'R', 85, 32, '250.00', '0.00', '250.00', 250, '2018-06-08 04:00:00', '2018-07-12 07:41:09'),
(106, 103, 'R', 89, 30, '750.00', '0.00', '750.00', 750, '2018-06-08 04:00:00', '2018-07-12 07:42:12'),
(107, 103, 'R', 90, 32, '250.00', '0.00', '250.00', 250, '2018-06-08 04:00:00', '2018-07-12 07:42:46'),
(108, 18, 'R', 93, 32, '250.00', '0.00', '250.00', 250, '2018-06-08 04:00:00', '2018-07-12 07:43:39'),
(109, 18, 'R', 93, 30, '1500.00', '0.00', '1500.00', 1500, '2018-06-08 04:00:00', '2018-07-12 07:44:06'),
(110, 83, 'R', 102, 52, '100.00', '0.00', '100.00', 100, '2018-06-08 04:00:00', '2018-07-12 07:45:22'),
(111, 98, 'R', 97, 52, '100.00', '0.00', '100.00', 100, '2018-06-08 04:00:00', '2018-07-12 07:46:14'),
(112, 66, 'AR', 6908, 48, '2500.00', '0.00', '2500.00', 2500, '2018-06-13 04:00:00', '2018-07-12 07:50:41'),
(113, 66, 'AR', 6909, 52, '100.00', '0.00', '100.00', 100, '2018-06-13 04:00:00', '2018-07-12 07:51:18'),
(114, 36, 'AR', 6910, 52, '100.00', '0.00', '100.00', 100, '2018-06-13 04:00:00', '2018-07-12 07:52:15'),
(115, 63, 'AR', 6911, 48, '2500.00', '0.00', '2500.00', 2500, '2018-06-13 04:00:00', '2018-07-12 07:52:54'),
(116, 74, 'AR', 6912, 52, '100.00', '0.00', '100.00', 100, '2018-06-13 04:00:00', '2018-07-12 07:54:05'),
(117, 71, 'AR', 6913, 52, '100.00', '0.00', '100.00', 100, '2018-06-13 04:00:00', '2018-07-12 07:54:46'),
(118, 81, 'AR', 6920, 48, '1250.00', '0.00', '1250.00', 1250, '2018-06-15 04:00:00', '2018-07-12 07:56:18'),
(119, 81, 'AR', 6922, 32, '250.00', '0.00', '250.00', 250, '2018-06-15 04:00:00', '2018-07-12 07:57:02'),
(120, 109, 'AR', 7046, 32, '250.00', '0.00', '250.00', 250, '2018-07-12 04:00:00', '2018-07-12 08:59:04'),
(121, 109, 'AR', 7047, 55, '250.00', '0.00', '250.00', 250, '2018-07-12 04:00:00', '2018-10-30 10:52:26'),
(123, 68, 'AR', 6924, 47, '950.00', '0.00', '950.00', 950, '2018-06-15 04:00:00', '2018-07-12 09:04:43'),
(124, 68, 'AR', 6925, 52, '100.00', '0.00', '100.00', 100, '2018-06-15 04:00:00', '2018-07-12 09:05:19'),
(125, 100, 'AR', 6927, 52, '100.00', '0.00', '100.00', 100, '2018-06-15 04:00:00', '2018-07-12 09:05:53'),
(126, 100, 'AR', 6926, 48, '2500.00', '0.00', '2500.00', 2500, '2018-06-15 04:00:00', '2018-07-12 09:06:24'),
(127, 119, 'AR', 6894, 48, '2500.00', '0.00', '2500.00', 2500, '2018-06-01 04:00:00', '2018-07-12 09:09:30'),
(128, 119, 'AR', 6894, 45, '7000.00', '0.00', '7000.00', 7000, '2018-06-01 04:00:00', '2018-07-12 09:10:14'),
(129, 119, 'AR', 6895, 46, '500.00', '0.00', '500.00', 500, '2018-06-01 04:00:00', '2018-07-12 09:11:24'),
(130, 121, 'AR', 6905, 48, '2000.00', '0.00', '2000.00', 2000, '2018-06-11 04:00:00', '2018-07-12 09:16:16'),
(131, 117, 'AR', 6907, 48, '200.00', '0.00', '200.00', 200, '2018-06-13 04:00:00', '2018-07-12 09:17:49'),
(132, 71, 'AR', 6928, 52, '100.00', '0.00', '100.00', 200, '2018-06-15 04:00:00', '2018-07-12 09:20:14'),
(133, 69, 'AR', 6929, 52, '100.00', '0.00', '100.00', 100, '2018-06-16 04:00:00', '2018-07-12 09:20:48'),
(134, 73, 'AR', 6930, 48, '1500.00', '0.00', '1500.00', 1500, '2018-06-16 04:00:00', '2018-07-12 09:21:25'),
(135, 20, 'AR', 6932, 30, '1500.00', '0.00', '1500.00', 1500, '2018-06-18 04:00:00', '2018-07-12 09:22:29'),
(136, 20, 'AR', 6933, 32, '250.00', '0.00', '250.00', 250, '2018-06-18 04:00:00', '2018-07-12 09:22:58'),
(137, 75, 'AR', 6934, 48, '2500.00', '0.00', '2500.00', 2500, '2018-06-18 04:00:00', '2018-07-12 09:23:34'),
(139, 101, 'AR', 6936, 32, '250.00', '0.00', '250.00', 250, '2018-06-18 04:00:00', '2018-07-12 09:25:04'),
(140, 76, 'AR', 6937, 48, '2500.00', '0.00', '2500.00', 2500, '2018-06-18 04:00:00', '2018-07-12 09:25:49'),
(141, 114, 'AR', 6938, 48, '2000.00', '0.00', '2000.00', 2000, '2018-06-18 04:00:00', '2018-07-12 09:26:29'),
(142, 31, 'AR', 6939, 30, '1500.00', '0.00', '1500.00', 1500, '2018-06-18 04:00:00', '2018-07-12 09:27:16'),
(143, 118, 'AR', 6940, 48, '2000.00', '0.00', '2000.00', 2000, '2018-06-18 04:00:00', '2018-07-12 09:28:09'),
(144, 68, 'AR', 6942, 48, '2500.00', '0.00', '2500.00', 2500, '2018-06-18 04:00:00', '2018-07-12 09:29:10'),
(145, 69, 'AR', 6943, 48, '1000.00', '0.00', '1000.00', 1000, '2018-06-18 04:00:00', '2018-07-12 09:29:50'),
(146, 74, 'AR', 6944, 48, '2500.00', '0.00', '2500.00', 2500, '2018-06-18 04:00:00', '2018-07-12 09:31:22'),
(147, 104, 'AR', 6945, 55, '1000.00', '0.00', '1000.00', 1000, '2018-06-18 04:00:00', '2018-10-30 10:59:27'),
(148, 80, 'AR', 6946, 48, '1500.00', '0.00', '1500.00', 1500, '2018-06-18 04:00:00', '2018-07-12 09:34:26'),
(149, 120, 'AR', 6947, 48, '1000.00', '0.00', '1000.00', 1000, '2018-06-18 04:00:00', '2018-07-12 09:35:08'),
(150, 78, 'AR', 6948, 48, '2500.00', '0.00', '2500.00', 2500, '2018-06-18 04:00:00', '2018-07-12 09:36:03'),
(151, 17, 'AR', 6949, 32, '250.00', '0.00', '250.00', 250, '2018-06-18 04:00:00', '2018-07-12 09:55:23'),
(153, 84, 'AR', 6951, 48, '2500.00', '0.00', '2500.00', 2500, '2018-06-19 04:00:00', '2018-07-12 09:57:29'),
(154, 94, 'AR', 6954, 48, '1500.00', '0.00', '1500.00', 1500, '2018-06-19 04:00:00', '2018-07-12 09:58:49'),
(155, 98, 'AR', 6955, 48, '1500.00', '0.00', '1500.00', 1500, '2018-06-19 04:00:00', '2018-07-12 09:59:29'),
(156, 64, 'OR', 635, 48, '2000.00', '0.00', '2000.00', 2000, '2018-06-21 04:00:00', '2018-07-12 10:00:46'),
(157, 64, 'OR', 635, 52, '100.00', '0.00', '100.00', 100, '2018-06-21 04:00:00', '2018-07-12 10:03:50'),
(158, 66, 'AR', 6959, 53, '100.00', '0.00', '100.00', 100, '2018-06-22 04:00:00', '2018-07-12 10:05:40'),
(159, 125, 'AR', 6960, 63, '1000.00', '0.00', '1000.00', 1000, '2018-06-22 04:00:00', '2018-11-22 09:29:49'),
(160, 86, 'AR', 6961, 32, '250.00', '0.00', '250.00', 250, '2018-06-25 04:00:00', '2018-07-12 10:08:57'),
(161, 46, 'AR', 6962, 32, '250.00', '0.00', '250.00', 250, '2018-06-25 04:00:00', '2018-07-12 10:12:06'),
(162, 46, 'AR', 6963, 30, '1500.00', '0.00', '1500.00', 1500, '2018-06-25 04:00:00', '2018-07-12 10:12:51'),
(163, 80, 'AR', 6964, 32, '250.00', '0.00', '250.00', 250, '2018-06-25 04:00:00', '2018-07-12 10:13:46'),
(164, 74, 'AR', 6965, 54, '400.00', '0.00', '400.00', 1200, '2018-06-25 04:00:00', '2018-07-12 10:23:16'),
(165, 64, 'AR', 6966, 32, '250.00', '0.00', '250.00', 250, '2018-07-25 04:00:00', '2018-07-12 11:39:36'),
(166, 13, 'AR', 6967, 55, '2000.00', '0.00', '2000.00', 1000, '2018-06-25 04:00:00', '2018-09-14 11:00:39'),
(167, 80, 'AR', 6969, 48, '1000.00', '0.00', '1000.00', 2500, '2018-06-26 04:00:00', '2018-07-12 10:48:49'),
(168, 85, 'AR', 6970, 48, '1700.00', '0.00', '1700.00', 1700, '2018-06-26 04:00:00', '2018-07-12 10:51:01'),
(169, 76, 'AR', 6971, 32, '250.00', '0.00', '250.00', 250, '2018-06-26 04:00:00', '2018-07-12 10:52:13'),
(170, 81, 'AR', 6972, 48, '1250.00', '0.00', '1250.00', 2500, '2018-06-26 04:00:00', '2018-07-12 10:54:20'),
(172, 74, 'AR', 6974, 53, '100.00', '0.00', '100.00', 100, '2018-06-26 04:00:00', '2018-07-12 10:56:21'),
(173, 66, 'AR', 6975, 45, '1600.00', '0.00', '1600.00', 1600, '2018-06-26 04:00:00', '2018-07-12 10:57:50'),
(174, 86, 'AR', 6976, 48, '1000.00', '0.00', '1000.00', 1000, '2018-06-26 04:00:00', '2018-07-12 10:58:59'),
(175, 86, 'AR', 6977, 45, '1600.00', '0.00', '1600.00', 1600, '2018-06-26 04:00:00', '2018-07-12 11:00:06'),
(176, 85, 'AR', 6978, 32, '250.00', '0.00', '250.00', 250, '2018-06-27 04:00:00', '2018-07-12 11:01:02'),
(177, 73, 'AR', 6979, 32, '250.00', '0.00', '250.00', 250, '2018-06-27 04:00:00', '2018-07-12 11:01:37'),
(178, 28, 'AR', 6980, 32, '250.00', '0.00', '250.00', 250, '2018-06-27 04:00:00', '2018-07-12 11:02:22'),
(179, 82, 'AR', 6982, 48, '1500.00', '0.00', '1500.00', 1500, '2018-06-27 04:00:00', '2018-07-12 11:03:27'),
(180, 82, 'AR', 6983, 45, '1600.00', '0.00', '1600.00', 1600, '2018-06-27 04:00:00', '2018-07-12 11:04:54'),
(181, 63, 'AR', 6984, 45, '1600.00', '0.00', '1600.00', 1600, '2018-06-27 04:00:00', '2018-07-12 11:06:08'),
(182, 90, 'AR', 6985, 32, '250.00', '0.00', '250.00', 250, '2018-06-27 04:00:00', '2018-07-12 11:07:11'),
(183, 90, 'AR', 6986, 45, '1600.00', '0.00', '1600.00', 1600, '2018-06-27 04:00:00', '2018-07-12 11:08:38'),
(184, 94, 'AR', 6987, 53, '100.00', '0.00', '100.00', 100, '2018-06-27 04:00:00', '2018-07-12 11:09:14'),
(185, 71, 'AR', 6988, 53, '100.00', '0.00', '100.00', 100, '2018-06-27 04:00:00', '2018-07-12 11:09:54'),
(186, 71, 'AR', 6989, 47, '950.00', '0.00', '950.00', 950, '2018-06-27 04:00:00', '2018-07-12 11:10:39'),
(187, 92, 'AR', 6990, 32, '250.00', '0.00', '250.00', 250, '2018-06-27 04:00:00', '2018-07-12 11:11:22'),
(188, 78, 'AR', 6991, 45, '1600.00', '0.00', '1600.00', 1600, '2018-06-28 04:00:00', '2018-07-12 11:12:08'),
(189, 78, 'AR', 6992, 32, '250.00', '0.00', '250.00', 250, '2018-06-28 04:00:00', '2018-07-12 11:12:58'),
(190, 83, 'AR', 6993, 48, '2500.00', '0.00', '2500.00', 2500, '2018-06-29 04:00:00', '2018-07-12 11:13:41'),
(191, 83, 'AR', 6994, 32, '250.00', '0.00', '250.00', 250, '2018-06-29 04:00:00', '2018-07-12 11:14:25'),
(192, 73, 'AR', 6995, 48, '1000.00', '0.00', '1000.00', 2500, '2018-06-29 04:00:00', '2018-07-12 11:15:11'),
(193, 73, 'AR', 6996, 45, '1600.00', '0.00', '1600.00', 1600, '2018-06-29 04:00:00', '2018-07-12 11:15:47'),
(194, 68, 'AR', 6998, 45, '1300.00', '0.00', '1300.00', 1300, '2018-06-29 04:00:00', '2018-07-12 11:16:41'),
(195, 75, 'AR', 6999, 45, '1000.00', '0.00', '1000.00', 1600, '2018-06-29 04:00:00', '2018-07-12 11:17:19'),
(196, 118, 'AR', 7001, 45, '1600.00', '0.00', '1600.00', 1600, '2018-06-30 04:00:00', '2018-07-12 11:18:29'),
(197, 96, 'AR', 7002, 48, '1000.00', '0.00', '1000.00', 2500, '2018-06-30 04:00:00', '2018-07-12 11:20:50'),
(198, 96, 'AR', 7003, 45, '1600.00', '0.00', '1600.00', 1600, '2018-06-30 04:00:00', '2018-07-12 11:21:55'),
(199, 100, 'AR', 7004, 45, '1600.00', '0.00', '1600.00', 1600, '2018-06-30 04:00:00', '2018-07-12 11:22:35'),
(200, 96, 'AR', 7005, 32, '250.00', '0.00', '250.00', 250, '2018-06-30 04:00:00', '2018-07-12 11:23:11'),
(201, 118, 'AR', 7006, 46, '550.00', '0.00', '550.00', 550, '2018-06-30 04:00:00', '2018-07-12 11:25:52'),
(202, 118, 'AR', 7007, 48, '500.00', '0.00', '500.00', 2500, '2018-06-30 04:00:00', '2018-07-12 11:26:29'),
(203, 100, 'R', 108, 47, '950.00', '0.00', '950.00', 950, '2018-06-30 04:00:00', '2018-07-12 11:27:29'),
(204, 82, 'R', 27, 48, '1000.00', '0.00', '1000.00', 2500, '2018-05-23 04:00:00', '2018-07-12 11:29:15'),
(205, 90, 'AR', 6881, 48, '2500.00', '0.00', '2500.00', 2500, '2018-04-11 04:00:00', '2018-07-12 11:30:33'),
(206, 31, 'R', 20, 32, '250.00', '0.00', '250.00', 250, '2018-05-16 04:00:00', '2018-07-12 11:32:05'),
(207, 44, 'R', 21, 32, '250.00', '0.00', '250.00', 250, '2018-05-16 04:00:00', '2018-07-12 11:32:57'),
(208, 21, 'R', 22, 32, '250.00', '0.00', '250.00', 250, '2018-05-16 04:00:00', '2018-07-12 11:33:36'),
(209, 29, 'R', 23, 32, '250.00', '0.00', '250.00', 250, '2018-05-16 04:00:00', '2018-07-12 11:34:22'),
(210, 26, 'R', 24, 32, '250.00', '0.00', '250.00', 250, '2018-05-16 04:00:00', '2018-07-12 11:34:59'),
(211, 34, 'R', 25, 32, '250.00', '0.00', '250.00', 250, '2018-05-16 04:00:00', '2018-07-12 11:35:35'),
(212, 22, 'R', 26, 32, '250.00', '0.00', '250.00', 250, '2018-05-16 04:00:00', '2018-07-12 11:36:22'),
(213, 124, 'AR', 6896, 48, '1000.00', '0.00', '1000.00', 1000, '2018-06-04 04:00:00', '2018-07-12 11:38:23'),
(214, 127, 'AR', 6902, 48, '2000.00', '0.00', '2000.00', 2000, '2018-06-07 04:00:00', '2018-07-12 11:39:16'),
(215, 126, 'AR', 6904, 48, '2000.00', '0.00', '2000.00', 2000, '2018-06-07 04:00:00', '2018-07-12 11:40:12'),
(216, 122, 'AR', 6906, 48, '2000.00', '0.00', '2000.00', 2000, '2018-06-11 04:00:00', '2018-07-12 11:41:10'),
(217, 69, 'AR', 7008, 32, '250.00', '0.00', '250.00', 250, '2018-07-02 04:00:00', '2018-07-12 12:06:38'),
(218, 98, 'AR', 7009, 48, '1000.00', '0.00', '1000.00', 2500, '2018-07-02 04:00:00', '2018-07-12 12:07:10'),
(219, 98, 'AR', 7010, 45, '1600.00', '0.00', '1600.00', 1600, '2018-07-02 04:00:00', '2018-07-12 12:07:39'),
(220, 94, 'AR', 7012, 45, '1500.00', '0.00', '1500.00', 1500, '2018-07-02 04:00:00', '2018-07-12 12:08:52'),
(221, 88, 'AR', 7013, 45, '1600.00', '0.00', '1600.00', 1600, '2018-07-02 04:00:00', '2018-07-12 12:09:40'),
(222, 88, 'AR', 7014, 32, '250.00', '0.00', '250.00', 250, '2018-07-02 04:00:00', '2018-07-12 12:10:21'),
(223, 23, 'AR', 7015, 30, '1500.00', '0.00', '1500.00', 1500, '2018-07-02 04:00:00', '2018-07-12 12:11:11'),
(224, 122, 'AR', 7016, 45, '1600.00', '0.00', '1600.00', 1600, '2018-07-02 04:00:00', '2018-07-12 12:11:50'),
(225, 121, 'AR', 7017, 45, '1600.00', '0.00', '1600.00', 1600, '2018-07-02 04:00:00', '2018-07-12 12:12:36'),
(226, 116, 'AR', 7018, 45, '1600.00', '0.00', '1600.00', 1600, '2018-07-02 04:00:00', '2018-07-12 12:13:27'),
(227, 116, 'AR', 7019, 46, '550.00', '0.00', '550.00', 550, '2018-07-02 04:00:00', '2018-07-12 12:14:18'),
(228, 116, 'AR', 7020, 48, '500.00', '0.00', '500.00', 2500, '2018-07-02 04:00:00', '2018-07-12 12:14:46'),
(229, 126, 'AR', 7021, 45, '1600.00', '0.00', '1600.00', 1600, '2018-07-02 04:00:00', '2018-07-12 12:15:34'),
(230, 127, 'AR', 7022, 48, '500.00', '0.00', '500.00', 2500, '2018-07-02 04:00:00', '2018-07-12 12:16:26'),
(231, 127, 'AR', 7023, 45, '1600.00', '0.00', '1600.00', 1600, '2018-07-02 04:00:00', '2018-07-12 12:17:47'),
(232, 127, 'AR', 7024, 46, '550.00', '0.00', '550.00', 550, '2018-07-02 04:00:00', '2018-07-12 12:19:07'),
(233, 124, 'AR', 7025, 48, '500.00', '0.00', '500.00', 1500, '2018-07-02 04:00:00', '2018-07-12 12:19:44'),
(234, 120, 'AR', 7026, 48, '1000.00', '0.00', '1000.00', 2000, '2018-07-02 04:00:00', '2018-07-12 12:20:45'),
(235, 114, 'AR', 7027, 45, '1600.00', '0.00', '1600.00', 1600, '2018-07-02 04:00:00', '2018-07-13 06:09:26'),
(236, 114, 'AR', 7028, 48, '500.00', '0.00', '500.00', 2500, '2018-07-02 04:00:00', '2018-07-12 12:22:06'),
(237, 117, 'AR', 7029, 48, '1000.00', '0.00', '1000.00', 1200, '2018-07-02 04:00:00', '2018-07-12 12:22:48'),
(238, 107, 'AR', 7030, 30, '1500.00', '0.00', '1500.00', 1500, '2018-07-03 04:00:00', '2018-07-12 12:24:18'),
(239, 107, 'AR', 7031, 32, '250.00', '0.00', '250.00', 250, '2018-07-03 04:00:00', '2018-07-12 12:24:51'),
(240, 47, 'AR', 7032, 32, '250.00', '0.00', '250.00', 250, '2018-07-03 04:00:00', '2018-07-12 12:26:01'),
(241, 82, 'AR', 7033, 32, '250.00', '0.00', '250.00', 250, '2018-07-03 04:00:00', '2018-07-12 12:26:34'),
(242, 61, 'AR', 7034, 32, '250.00', '0.00', '250.00', 250, '2018-07-04 04:00:00', '2018-07-12 12:27:07'),
(243, 125, 'AR', 7036, 45, '1600.00', '0.00', '1600.00', 1600, '2018-07-07 04:00:00', '2018-07-12 12:28:39'),
(244, 36, 'AR', 6950, 48, '1500.00', '0.00', '1500.00', 1500, '2018-07-19 04:00:00', '2018-07-20 08:45:24'),
(245, 86, 'AR', 7048, 45, '1600.00', '0.00', '1600.00', 3200, '2018-07-12 04:00:00', '2018-07-12 15:45:26'),
(246, 122, 'AR', 7049, 32, '250.00', '0.00', '250.00', 250, '2018-07-12 04:00:00', '2018-07-13 06:12:34'),
(247, 39, 'R', 6, 32, '250.00', '0.00', '250.00', 250, '2018-05-08 04:00:00', '2018-07-13 05:39:09'),
(248, 39, 'R', 6, 30, '1500.00', '0.00', '1500.00', 1500, '2018-05-08 04:00:00', '2018-07-13 05:39:53'),
(249, 32, 'R', 30, 32, '250.00', '0.00', '250.00', 250, '2018-05-29 04:00:00', '2018-07-13 05:40:42'),
(250, 50, 'R', 36, 32, '250.00', '0.00', '250.00', 250, '2018-05-29 04:00:00', '2018-07-13 05:41:35'),
(251, 125, 'AR', 6941, 48, '1500.00', '0.00', '1500.00', 2500, '2018-06-18 04:00:00', '2018-07-13 05:53:29'),
(252, 125, 'AR', 7037, 46, '550.00', '0.00', '550.00', 550, '2018-07-07 04:00:00', '2018-07-13 05:57:34'),
(253, 105, 'AR', 6855, 56, '1500.00', '0.00', '1500.00', 1500, '2018-03-19 04:00:00', '2018-07-13 06:49:24'),
(254, 74, 'AR', 6973, 45, '1600.00', '0.00', '1600.00', 2600, '2018-06-26 04:00:00', '2018-07-13 10:13:53'),
(255, 32, 'AR', 7050, 30, '1500.00', '0.00', '1500.00', 1500, '2018-07-16 04:00:00', '2018-07-16 06:56:28'),
(256, 66, 'OR', 639, 45, '1600.00', '0.00', '1600.00', 3200, '2018-07-13 04:00:00', '2018-07-16 08:56:40'),
(257, 59, 'AR', 7051, 32, '250.00', '0.00', '250.00', 250, '2018-07-16 04:00:00', '2018-07-16 09:33:46'),
(258, 86, 'OR', 633, 48, '1500.00', '0.00', '1500.00', 2500, '2018-06-26 04:00:00', '2018-07-16 14:42:57'),
(259, 114, 'AR', 7052, 46, '550.00', '0.00', '550.00', 550, '2018-07-17 04:00:00', '2018-07-17 13:31:08'),
(260, 114, 'AR', 7053, 46, '550.00', '0.00', '550.00', 1100, '2018-07-17 04:00:00', '2018-07-17 13:35:40'),
(261, 114, 'AR', 7054, 53, '100.00', '0.00', '100.00', 100, '2018-07-17 04:00:00', '2018-07-17 13:37:08'),
(262, 128, '0', 0, 45, '0.00', '0.00', '0.00', 0, '2018-07-18 04:00:00', '2018-07-18 07:57:24'),
(263, 128, '0', 0, 48, '0.00', '0.00', '0.00', 0, '2018-07-18 04:00:00', '2018-07-18 07:57:58'),
(264, 80, 'AR', 7055, 45, '750.00', '0.00', '750.00', 750, '2018-07-17 04:00:00', '2018-07-18 09:03:22'),
(265, 69, '0', 0, 45, '0.00', '0.00', '0.00', 0, '2018-07-18 04:00:00', '2018-07-18 10:49:52'),
(267, 129, '0', 0, 48, '0.00', '0.00', '0.00', 0, '2018-07-18 04:00:00', '2018-07-18 11:00:48'),
(268, 129, '0', 0, 45, '0.00', '0.00', '0.00', 0, '2018-07-18 04:00:00', '2018-07-18 11:01:30'),
(269, 130, '00', 0, 48, '0.00', '0.00', '0.00', 0, '2018-07-18 04:00:00', '2018-07-18 11:21:46'),
(270, 130, '0', 0, 45, '0.00', '0.00', '0.00', 0, '2018-07-18 04:00:00', '2018-07-18 11:07:54'),
(271, 71, '0', 0, 48, '0.00', '0.00', '0.00', 0, '2018-07-18 04:00:00', '2018-07-18 11:10:56'),
(272, 131, '0', 0, 48, '0.00', '0.00', '0.00', 0, '2018-07-18 04:00:00', '2018-07-18 11:14:41'),
(273, 131, '0', 0, 45, '0.00', '0.00', '0.00', 0, '2018-07-18 04:00:00', '2018-07-18 11:15:08'),
(274, 132, '0', 0, 48, '0.00', '0.00', '0.00', 0, '2018-07-18 04:00:00', '2018-07-18 11:21:09'),
(275, 132, '0', 0, 45, '0.00', '0.00', '0.00', 0, '2018-07-18 04:00:00', '2018-07-18 11:21:37'),
(276, 134, '00', 0, 48, '0.00', '0.00', '0.00', 0, '2018-07-18 04:00:00', '2018-07-18 11:28:04'),
(277, 134, '00', 0, 45, '0.00', '0.00', '0.00', 0, '2018-07-18 04:00:00', '2018-07-18 11:28:15'),
(278, 19, '00', 0, 57, '0.00', '0.00', '0.00', 0, '2018-07-18 04:00:00', '2018-07-18 11:31:41'),
(279, 114, 'AR', 7056, 45, '1600.00', '0.00', '1600.00', 3200, '2018-07-19 04:00:00', '2018-07-19 13:02:25'),
(280, 14, 'AR', 7057, 51, '600.00', '0.00', '600.00', 600, '2018-07-19 04:00:00', '2018-07-19 13:08:22'),
(281, 16, 'AR', 7058, 45, '1600.00', '0.00', '1600.00', 1600, '2018-07-19 04:00:00', '2018-07-19 13:49:25'),
(282, 36, 'AR', 7059, 45, '1600.00', '0.00', '1600.00', 3200, '2018-07-19 04:00:00', '2018-07-19 14:44:53'),
(283, 36, 'AR', 7060, 32, '250.00', '0.00', '250.00', 250, '2018-07-19 04:00:00', '2018-07-19 14:49:30'),
(284, 74, 'AR', 7061, 45, '600.00', '0.00', '600.00', 3600, '2018-07-20 04:00:00', '2018-07-20 13:33:22'),
(285, 17, 'AR', 7062, 55, '500.00', '0.00', '500.00', 500, '2018-07-23 04:00:00', '2018-07-23 04:34:54'),
(286, 50, 'AR', 7063, 30, '600.00', '0.00', '600.00', 600, '2018-07-23 04:00:00', '2018-07-23 07:39:46'),
(287, 106, 'AR', 7064, 32, '250.00', '0.00', '250.00', 250, '2018-07-23 04:00:00', '2018-07-23 08:05:11'),
(288, 45, 'AR', 7065, 30, '1500.00', '0.00', '1500.00', 1500, '2018-07-23 04:00:00', '2018-07-23 09:15:01'),
(290, 76, 'AR', 7067, 45, '1600.00', '0.00', '1600.00', 1600, '2018-07-23 04:00:00', '2018-07-23 12:49:30'),
(291, 59, 'AR', 7068, 30, '1500.00', '0.00', '1500.00', 1500, '2018-07-24 04:00:00', '2018-07-24 09:31:46'),
(292, 104, 'AR', 7069, 51, '600.00', '0.00', '600.00', 600, '2018-07-24 04:00:00', '2018-07-24 10:49:06'),
(293, 49, 'AR', 7070, 59, '150.00', '0.00', '150.00', 150, '2018-07-24 04:00:00', '2018-07-24 10:52:45'),
(294, 90, 'AR', 7071, 45, '1600.00', '0.00', '1600.00', 3200, '2018-07-24 04:00:00', '2018-07-24 13:14:05'),
(295, 118, 'AR', 7072, 46, '550.00', '0.00', '550.00', 1100, '2018-07-24 04:00:00', '2018-07-24 15:32:27'),
(296, 118, 'AR', 7073, 53, '100.00', '0.00', '100.00', 100, '2018-07-24 04:00:00', '2018-07-24 15:33:28'),
(297, 118, 'AR', 7074, 45, '1600.00', '0.00', '1600.00', 3200, '2018-07-24 04:00:00', '2018-07-24 15:34:59'),
(298, 42, 'AR', 7075, 30, '1500.00', '0.00', '1500.00', 1500, '2018-07-25 04:00:00', '2018-07-25 06:44:28'),
(299, 81, 'AR', 7076, 45, '1600.00', '0.00', '1600.00', 1600, '2018-07-25 04:00:00', '2018-07-25 12:30:20'),
(300, 92, 'AR', 7077, 48, '1700.00', '0.00', '1700.00', 2500, '2018-07-26 04:00:00', '2018-07-26 12:13:14'),
(301, 88, 'AR', 7078, 48, '1500.00', '0.00', '1500.00', 2500, '2018-07-26 04:00:00', '2018-07-26 13:01:46'),
(302, 68, 'AR', 7079, 45, '1400.00', '0.00', '1400.00', 2700, '2018-07-26 04:00:00', '2018-07-26 13:17:11'),
(303, 73, 'AR', 7080, 45, '1600.00', '0.00', '1600.00', 3200, '2018-07-26 04:00:00', '2018-07-31 07:32:25'),
(304, 83, 'AR', 7081, 45, '2000.00', '0.00', '2000.00', 1000, '2018-07-26 04:00:00', '2018-07-26 13:39:43'),
(305, 75, 'AR', 7082, 45, '1000.00', '0.00', '1000.00', 2600, '2018-07-26 04:00:00', '2018-07-26 13:36:22'),
(306, 127, 'AR', 7083, 45, '1600.00', '0.00', '1600.00', 3200, '2018-07-26 04:00:00', '2018-07-26 13:45:00'),
(307, 127, 'AR', 7084, 46, '550.00', '0.00', '550.00', 1100, '2018-07-26 04:00:00', '2018-07-26 13:46:46'),
(308, 80, 'AR', 7085, 45, '1000.00', '150.00', '850.00', 1600, '2018-07-26 04:00:00', '2018-07-26 13:51:07'),
(309, 121, 'AR', 7086, 45, '1600.00', '0.00', '1600.00', 3200, '2018-07-26 04:00:00', '2018-07-26 13:56:03'),
(310, 116, 'AR', 7087, 45, '1600.00', '0.00', '1600.00', 3200, '2018-07-26 04:00:00', '2018-07-26 13:59:46'),
(311, 116, 'AR', 7088, 46, '550.00', '0.00', '550.00', 1100, '2018-07-26 04:00:00', '2018-07-26 14:01:23'),
(312, 126, 'AR', 7089, 45, '2000.00', '-400.00', '1600.00', 3200, '2018-07-26 04:00:00', '2018-07-26 14:05:29'),
(313, 124, 'AR', 7090, 45, '1600.00', '0.00', '1600.00', 1600, '2018-07-26 04:00:00', '2018-07-26 14:12:04'),
(314, 124, 'AR', 7091, 48, '1000.00', '0.00', '1000.00', 2500, '2018-07-26 04:00:00', '2018-07-26 14:13:46'),
(315, 124, 'AR', 7092, 32, '250.00', '0.00', '250.00', 250, '2018-07-26 04:00:00', '2018-07-26 14:20:52'),
(316, 122, 'AR', 7093, 45, '1600.00', '0.00', '1600.00', 3200, '2018-07-26 04:00:00', '2018-07-26 14:22:00'),
(317, 122, 'AR', 7094, 46, '500.00', '0.00', '500.00', 500, '2018-07-26 04:00:00', '2018-07-26 14:26:01'),
(319, 117, 'AR', 7095, 45, '700.00', '0.00', '700.00', 700, '2018-07-26 04:00:00', '2018-07-26 14:35:32'),
(320, 120, 'AR', 7096, 45, '500.00', '0.00', '500.00', 500, '2018-07-26 04:00:00', '2018-07-26 14:39:22'),
(321, 127, 'AR', 7097, 53, '100.00', '0.00', '100.00', 100, '2018-07-26 04:00:00', '2018-07-26 14:41:58'),
(322, 116, 'AR', 7098, 53, '100.00', '0.00', '100.00', 100, '2018-07-26 04:00:00', '2018-07-26 14:43:59'),
(323, 126, 'AR', 7099, 53, '100.00', '0.00', '100.00', 100, '2018-07-26 04:00:00', '2018-07-26 14:45:20'),
(324, 82, 'AR', 7100, 45, '1600.00', '0.00', '1600.00', 3200, '2018-07-27 04:00:00', '2018-07-27 09:45:55'),
(325, 100, 'AR', 7101, 45, '1600.00', '0.00', '1600.00', 3200, '2018-07-27 04:00:00', '2018-07-27 13:32:42'),
(326, 119, 'AR', 7102, 53, '100.00', '0.00', '100.00', 100, '2018-07-28 04:00:00', '2018-07-28 06:54:54'),
(327, 78, 'OR', 640, 45, '1600.00', '0.00', '1600.00', 3200, '2018-07-23 04:00:00', '2018-07-30 06:51:34'),
(328, 125, 'AR', 7103, 45, '1600.00', '0.00', '1600.00', 3200, '2018-07-30 04:00:00', '2018-07-30 09:48:27'),
(329, 125, 'AR', 7104, 46, '550.00', '0.00', '550.00', 1100, '2018-07-30 04:00:00', '2018-07-30 09:51:34'),
(330, 63, 'AR', 7105, 45, '1600.00', '0.00', '1600.00', 3200, '2018-07-30 04:00:00', '2018-07-30 12:15:50'),
(331, 94, 'AR', 7106, 45, '100.00', '0.00', '100.00', 1600, '2018-07-30 04:00:00', '2018-07-30 13:07:55'),
(332, 94, 'AR', 7107, 45, '1600.00', '0.00', '1600.00', 3200, '2018-07-30 04:00:00', '2018-07-31 07:32:13'),
(333, 80, 'AR', 7108, 47, '1000.00', '50.00', '950.00', 950, '2018-07-30 04:00:00', '2018-07-30 13:14:13'),
(334, 57, 'AR', 7109, 30, '1000.00', '0.00', '1000.00', 1000, '2018-07-31 04:00:00', '2018-07-31 05:48:31'),
(335, 94, 'AR', 7011, 48, '1000.00', '0.00', '1000.00', 3000, '2018-07-02 04:00:00', '2018-07-31 11:40:21'),
(336, 98, 'AR', 7110, 45, '500.00', '0.00', '500.00', 2100, '2018-07-31 04:00:00', '2018-07-31 14:20:25'),
(337, 68, 'AR', 7111, 45, '1000.00', '0.00', '1000.00', 3700, '2018-08-01 04:00:00', '2018-08-01 12:47:45'),
(338, 76, 'AR', 7112, 45, '1600.00', '0.00', '1600.00', 3200, '2018-08-03 04:00:00', '2018-08-03 12:08:30'),
(339, 16, 'AR', 7113, 45, '1600.00', '0.00', '1600.00', 3200, '2018-08-03 04:00:00', '2018-08-03 12:15:43'),
(340, 74, 'AR', 7114, 45, '2000.00', '400.00', '1600.00', 4800, '2018-08-07 04:00:00', '2018-08-07 12:07:28'),
(341, 103, 'AR', 7115, 30, '750.00', '0.00', '750.00', 1500, '2018-08-08 04:00:00', '2018-08-08 09:41:12'),
(342, 94, 'AR', 7116, 54, '700.00', '0.00', '700.00', 700, '2018-08-08 04:00:00', '2018-08-08 13:59:50'),
(343, 120, 'AR', 7117, 53, '100.00', '0.00', '100.00', 100, '2018-08-08 04:00:00', '2018-08-08 14:02:26'),
(344, 68, 'AR', 7118, 45, '500.00', '0.00', '500.00', 4200, '2018-08-13 04:00:00', '2018-08-13 12:52:24'),
(345, 121, 'AR', 7119, 53, '100.00', '0.00', '100.00', 100, '2018-08-13 04:00:00', '2018-08-13 13:54:06'),
(346, 96, 'AR', 7120, 45, '1600.00', '0.00', '1600.00', 3200, '2018-08-14 04:00:00', '2018-08-14 07:51:14'),
(347, 13, 'AR', 7121, 58, '250.00', '0.00', '250.00', 250, '2018-08-15 04:00:00', '2018-08-15 13:19:16'),
(348, 94, 'AR', 7122, 47, '250.00', '0.00', '250.00', 250, '2018-08-16 04:00:00', '2018-08-16 07:22:37'),
(349, 85, 'AR', 7123, 47, '1000.00', '50.00', '950.00', 950, '2018-08-17 04:00:00', '2018-08-17 12:48:40'),
(350, 81, 'AR', 7124, 47, '1000.00', '50.00', '950.00', 950, '2018-08-17 04:00:00', '2018-08-17 13:05:29'),
(351, 114, 'AR', 7125, 45, '1600.00', '0.00', '1600.00', 4800, '2018-08-18 04:00:00', '2018-08-18 10:20:24'),
(352, 114, 'AR', 7126, 46, '550.00', '0.00', '550.00', 1650, '2018-08-18 04:00:00', '2018-08-18 10:22:39'),
(353, 52, 'AR', 7127, 30, '1000.00', '0.00', '1000.00', 1000, '2018-08-22 04:00:00', '2018-08-22 09:25:51'),
(354, 73, 'AR', 7128, 58, '250.00', '0.00', '250.00', 250, '2018-08-22 04:00:00', '2018-08-22 14:25:50'),
(355, 73, 'AR', 7129, 45, '1600.00', '0.00', '1600.00', 4800, '2018-08-22 04:00:00', '2018-08-22 14:27:49'),
(356, 78, 'AR', 7130, 45, '1600.00', '0.00', '1600.00', 4800, '2018-08-22 04:00:00', '2018-08-22 14:29:18'),
(357, 66, 'AR', 7131, 45, '1600.00', '0.00', '1600.00', 4800, '2018-08-24 04:00:00', '2018-08-24 13:11:59'),
(358, 61, 'AR', 7132, 30, '1500.00', '0.00', '1500.00', 1500, '2018-08-28 04:00:00', '2018-08-28 08:58:41'),
(359, 36, 'AR', 7133, 48, '1000.00', '0.00', '1000.00', 3000, '2018-08-28 04:00:00', '2018-08-28 15:30:15'),
(360, 36, 'AR', 7134, 45, '1200.00', '0.00', '1200.00', 3900, '2018-08-28 04:00:00', '2018-08-28 15:29:39'),
(361, 71, 'AR', 7135, 45, '1500.00', '0.00', '1500.00', 1500, '2018-08-29 04:00:00', '2018-08-29 12:40:34'),
(363, 88, 'AR', 7137, 45, '0.00', '-1600.00', '1600.00', 3200, '2018-08-29 04:00:00', '2018-08-29 13:00:39'),
(364, 90, 'AR', 7036, 47, '950.00', '0.00', '950.00', 950, '2018-08-29 04:00:00', '2018-08-29 13:02:44'),
(365, 68, 'AR', 7138, 45, '600.00', '0.00', '600.00', 4800, '2018-08-29 04:00:00', '2018-08-29 13:04:18'),
(366, 90, 'AR', 7136, 45, '1600.00', '0.00', '1600.00', 4800, '2018-08-29 04:00:00', '2018-08-29 13:05:15'),
(367, 81, 'AR', 7139, 45, '2000.00', '400.00', '1600.00', 3200, '2018-08-29 04:00:00', '2018-08-29 13:08:05'),
(368, 98, 'AR', 7140, 45, '1000.00', '0.00', '1000.00', 3100, '2018-08-29 04:00:00', '2018-08-29 13:13:05'),
(369, 83, 'AR', 7141, 45, '1600.00', '0.00', '1600.00', 3600, '2018-08-29 04:00:00', '2018-08-29 13:41:49'),
(370, 80, 'AR', 7142, 45, '1000.00', '0.00', '1000.00', 2600, '2018-08-29 04:00:00', '2018-08-29 14:34:23'),
(371, 92, 'AR', 7143, 45, '1000.00', '0.00', '1000.00', 1000, '2018-08-31 04:00:00', '2018-08-31 13:05:39'),
(372, 75, 'AR', 7144, 45, '2000.00', '0.00', '2000.00', 4600, '2018-08-31 04:00:00', '2018-08-31 13:12:57'),
(373, 122, 'AR', 7145, 45, '600.00', '0.00', '600.00', 3800, '2018-09-01 04:00:00', '2018-09-01 05:24:06'),
(374, 121, 'AR', 7146, 45, '1600.00', '0.00', '1600.00', 4800, '2018-09-01 04:00:00', '2018-09-01 05:45:18'),
(375, 127, 'AR', 7147, 45, '1600.00', '0.00', '1600.00', 4800, '2018-09-01 04:00:00', '2018-09-01 05:53:14'),
(376, 127, 'AR', 7148, 46, '550.00', '0.00', '550.00', 1650, '2018-09-01 04:00:00', '2018-09-01 05:54:56'),
(377, 120, 'AR', 7149, 45, '2000.00', '0.00', '2000.00', 2500, '2018-09-01 04:00:00', '2018-09-01 06:20:53'),
(378, 116, 'AR', 7150, 45, '1600.00', '0.00', '1600.00', 4800, '2018-09-01 04:00:00', '2018-09-01 06:23:06'),
(379, 116, 'AR', 7151, 46, '550.00', '0.00', '550.00', 1650, '2018-09-01 04:00:00', '2018-09-01 06:24:28'),
(380, 118, 'AR', 7152, 45, '1600.00', '0.00', '1600.00', 4800, '2018-09-01 04:00:00', '2018-09-01 06:49:12'),
(381, 118, 'AR', 7153, 46, '500.00', '0.00', '500.00', 1600, '2018-09-01 04:00:00', '2018-09-01 06:50:26'),
(382, 52, 'AR', 7154, 30, '500.00', '0.00', '500.00', 1500, '2018-09-03 04:00:00', '2018-09-03 08:08:27'),
(383, 80, 'AR', 7155, 45, '600.00', '0.00', '600.00', 3200, '2018-09-03 04:00:00', '2018-09-03 12:54:22'),
(384, 124, 'AR', 7156, 45, '2000.00', '0.00', '2000.00', 3600, '2018-09-03 04:00:00', '2018-09-04 08:27:40'),
(385, 125, 'AR', 7157, 45, '1000.00', '0.00', '1000.00', 4200, '2018-09-03 04:00:00', '2018-09-04 08:28:53'),
(386, 16, 'AR', 7158, 45, '1500.00', '0.00', '1500.00', 4800, '2018-09-04 04:00:00', '2018-09-04 11:19:57'),
(387, 63, 'AR', 7159, 45, '1600.00', '0.00', '1600.00', 4800, '2018-09-04 04:00:00', '2018-09-04 12:03:56'),
(388, 76, 'AR', 7160, 45, '1600.00', '0.00', '1600.00', 4800, '2018-09-04 04:00:00', '2018-09-04 13:41:45'),
(389, 57, 'AR', 7161, 32, '250.00', '0.00', '250.00', 250, '2018-09-05 04:00:00', '2018-09-05 09:28:36'),
(390, 94, 'AR', 7162, 45, '700.00', '0.00', '700.00', 3900, '2018-09-05 04:00:00', '2018-09-05 13:10:18'),
(391, 117, 'AR', 7163, 45, '500.00', '0.00', '500.00', 1200, '2018-09-06 04:00:00', '2018-09-06 10:14:28'),
(392, 106, 'AR', 7164, 30, '1000.00', '0.00', '1000.00', 1500, '2018-09-07 04:00:00', '2018-09-07 08:49:23'),
(393, 74, 'AR', 7165, 45, '1600.00', '0.00', '1600.00', 6400, '2018-09-10 04:00:00', '2018-09-10 13:00:42'),
(394, 36, 'AR', 7166, 47, '950.00', '0.00', '950.00', 950, '2018-09-10 04:00:00', '2018-09-10 14:41:26'),
(395, 36, 'AR', 7167, 58, '250.00', '0.00', '250.00', 250, '2018-09-10 04:00:00', '2018-09-10 14:42:42'),
(396, 100, 'AR', 7168, 45, '1600.00', '0.00', '1600.00', 4800, '2018-09-12 04:00:00', '2018-09-12 15:02:17'),
(397, 113, 'OR', 642, 60, '20000.00', '0.00', '20000.00', 20000, '2018-08-27 04:00:00', '2018-09-14 07:18:16'),
(399, 94, 'AR', 7169, 45, '400.00', '0.00', '400.00', 4300, '2018-09-15 04:00:00', '2018-09-15 10:30:49'),
(400, 114, 'AR', 7170, 45, '1600.00', '0.00', '1600.00', 6400, '2018-09-20 04:00:00', '2018-09-20 06:07:21'),
(401, 120, 'AR', 7171, 45, '1500.00', '0.00', '1500.00', 4000, '2018-09-20 04:00:00', '2018-09-20 06:13:18'),
(402, 122, 'AR', 7172, 45, '1000.00', '0.00', '1000.00', 4800, '2018-09-20 04:00:00', '2018-09-20 13:44:49'),
(403, 78, 'AR', 7173, 45, '1600.00', '0.00', '1600.00', 6400, '2018-09-20 04:00:00', '2018-09-20 13:47:00'),
(404, 98, 'AR', 7174, 45, '500.00', '0.00', '500.00', 3600, '2018-09-20 04:00:00', '2018-09-20 13:50:59'),
(405, 66, 'AR', 7175, 45, '1600.00', '0.00', '1600.00', 6400, '2018-09-21 04:00:00', '2018-09-21 12:49:11'),
(406, 66, 'AR', 7176, 47, '950.00', '0.00', '950.00', 950, '2018-09-21 04:00:00', '2018-09-21 12:50:04'),
(407, 66, 'AR', 7177, 58, '250.00', '0.00', '250.00', 250, '2018-09-21 04:00:00', '2018-09-21 12:51:26'),
(408, 36, 'AR', 7178, 45, '1600.00', '0.00', '1600.00', 6000, '2018-09-21 04:00:00', '2018-09-21 14:54:03'),
(409, 38, 'AR', 7179, 30, '500.00', '0.00', '500.00', 1500, '2018-09-24 04:00:00', '2018-09-24 05:03:03'),
(412, 125, 'AR', 7182, 45, '1150.00', '0.00', '1150.00', 5350, '2018-09-25 04:00:00', '2018-09-25 08:34:40'),
(413, 38, 'AR', 7180, 55, '1000.00', '0.00', '1000.00', 1000, '2018-09-25 04:00:00', '2018-09-25 10:04:11'),
(415, 64, 'AR', 7181, 45, '1000.00', '0.00', '1000.00', 1000, '2018-09-25 04:00:00', '2018-09-25 10:12:46'),
(416, 80, 'AR', 7183, 45, '1600.00', '0.00', '1600.00', 4800, '2018-09-25 04:00:00', '2018-09-25 11:22:48'),
(417, 90, 'AR', 7184, 45, '1600.00', '0.00', '1600.00', 6400, '2018-09-25 04:00:00', '2018-09-25 12:53:50'),
(418, 63, 'AR', 7185, 58, '150.00', '0.00', '150.00', 150, '2018-09-25 04:00:00', '2018-09-26 06:33:35'),
(419, 88, 'AR', 7186, 45, '2000.00', '0.00', '2000.00', 5200, '2018-09-25 04:00:00', '2018-09-25 13:11:40'),
(420, 73, 'AR', 7187, 45, '2000.00', '400.00', '1600.00', 6400, '2018-09-25 04:00:00', '2018-09-25 13:49:17'),
(421, 127, 'AR', 7188, 45, '1600.00', '0.00', '1600.00', 6400, '2018-09-25 04:00:00', '2018-09-25 14:07:31'),
(422, 127, 'AR', 7189, 46, '550.00', '0.00', '550.00', 2200, '2018-09-25 04:00:00', '2018-09-25 14:13:29'),
(423, 121, 'AR', 7190, 45, '1600.00', '0.00', '1600.00', 6400, '2018-09-25 04:00:00', '2018-09-25 14:15:32'),
(424, 16, 'AR', 7191, 45, '1700.00', '0.00', '1700.00', 6400, '2018-09-26 04:00:00', '2018-09-26 09:07:39'),
(425, 16, 'AR', 7192, 30, '1500.00', '0.00', '1500.00', 1500, '2018-09-26 04:00:00', '2018-09-26 09:10:37'),
(426, 63, 'AR', 7193, 45, '1600.00', '0.00', '1600.00', 6400, '2018-09-26 04:00:00', '2018-09-26 13:20:44'),
(427, 75, 'AR', 7194, 45, '1500.00', '0.00', '1500.00', 6100, '2018-09-26 04:00:00', '2018-09-26 13:22:56'),
(428, 116, 'AR', 7195, 45, '1600.00', '0.00', '1600.00', 6400, '2018-09-26 04:00:00', '2018-09-26 13:37:47'),
(429, 116, 'AR', 7196, 46, '550.00', '0.00', '550.00', 2200, '2018-09-26 04:00:00', '2018-09-26 13:40:50'),
(430, 81, 'AR', 7197, 45, '2800.00', '0.00', '2800.00', 6000, '2018-09-26 04:00:00', '2018-09-26 13:46:01'),
(431, 125, 'AR', 7198, 45, '1000.00', '0.00', '1000.00', 6350, '2018-09-26 04:00:00', '2018-09-26 14:31:31'),
(432, 92, 'AR', 7199, 58, '250.00', '0.00', '250.00', 250, '2018-09-27 04:00:00', '2018-10-30 11:19:10'),
(433, 118, 'AR', 7200, 45, '1650.00', '0.00', '1650.00', 6450, '2018-09-27 04:00:00', '2018-09-27 05:53:01'),
(434, 118, 'AR', 7201, 46, '550.00', '0.00', '550.00', 2150, '2018-09-27 04:00:00', '2018-09-27 05:55:18'),
(435, 124, 'AR', 7202, 45, '1000.00', '0.00', '1000.00', 4600, '2018-09-27 04:00:00', '2018-09-27 05:57:28'),
(436, 76, 'AR', 7203, 45, '1600.00', '0.00', '1600.00', 6400, '2018-10-01 04:00:00', '2018-10-01 12:11:15'),
(437, 74, 'AR', 7204, 45, '1600.00', '0.00', '1600.00', 8000, '2018-10-01 04:00:00', '2018-10-01 13:07:13'),
(438, 83, 'AR', 7205, 45, '2000.00', '0.00', '2000.00', 5600, '2018-10-01 04:00:00', '2018-10-01 13:27:26'),
(439, 112, 'AR', 7206, 32, '250.00', '0.00', '250.00', 250, '2018-10-02 04:00:00', '2018-10-02 08:17:32'),
(440, 120, 'AR', 7207, 45, '2000.00', '500.00', '1500.00', 5500, '2018-10-03 04:00:00', '2018-10-03 14:18:08'),
(441, 64, 'AR', 7208, 45, '1100.00', '0.00', '1100.00', 2100, '2018-10-04 04:00:00', '2018-10-04 12:23:04'),
(442, 109, 'AR', 7209, 55, '750.00', '0.00', '750.00', 1000, '2018-10-05 04:00:00', '2018-10-30 10:52:10'),
(443, 64, 'AR', 7210, 45, '2100.00', '0.00', '2100.00', 4200, '2018-10-08 04:00:00', '2018-10-08 12:28:08'),
(444, 100, 'AR', 7211, 45, '1600.00', '0.00', '1600.00', 6400, '2018-10-08 04:00:00', '2018-10-08 12:59:23'),
(445, 125, 'AR', 7212, 45, '1150.00', '0.00', '1150.00', 7500, '2018-10-09 04:00:00', '2018-10-09 06:39:03'),
(446, 111, 'AR', 7038, 32, '250.00', '0.00', '250.00', 250, '2018-07-07 04:00:00', '2018-10-11 09:17:11'),
(447, 86, 'AR', 7213, 45, '4000.00', '0.00', '4000.00', 7200, '2018-10-11 04:00:00', '2018-10-11 14:47:27'),
(449, 80, 'AR', 7215, 45, '1600.00', '0.00', '1600.00', 6400, '2018-10-17 04:00:00', '2018-10-17 14:29:42'),
(450, 17, 'AR', 7216, 30, '500.00', '0.00', '500.00', 500, '2018-10-18 04:00:00', '2018-10-18 06:07:20'),
(451, 16, 'AR', 7217, 45, '1600.00', '0.00', '1600.00', 8000, '2018-10-19 04:00:00', '2018-10-19 09:29:59'),
(453, 78, 'AR', 7219, 45, '1600.00', '0.00', '1600.00', 8000, '2018-10-22 04:00:00', '2018-10-22 10:38:43'),
(454, 96, 'AR', 7220, 45, '4800.00', '0.00', '4800.00', 8000, '2018-10-23 04:00:00', '2018-10-23 07:04:44'),
(455, 90, 'AR', 7221, 45, '1600.00', '0.00', '1600.00', 8000, '2018-10-23 04:00:00', '2018-10-23 12:52:54'),
(456, 100, 'AR', 7222, 45, '1600.00', '0.00', '1600.00', 8000, '2018-10-25 04:00:00', '2018-10-25 12:34:26'),
(457, 88, 'AR', 7223, 45, '2800.00', '0.00', '2800.00', 8000, '2018-10-25 04:00:00', '2018-10-25 12:40:18'),
(458, 81, 'AR', 7224, 45, '2000.00', '0.00', '2000.00', 8000, '2018-10-25 04:00:00', '2018-10-25 13:12:42'),
(459, 68, 'AR', 7225, 45, '3000.00', '0.00', '3000.00', 7800, '2018-10-25 04:00:00', '2018-10-25 13:16:35'),
(460, 66, 'AR', 7226, 45, '1600.00', '0.00', '1600.00', 8000, '2018-10-25 04:00:00', '2018-10-25 13:20:06'),
(461, 75, 'AR', 7227, 45, '900.00', '0.00', '900.00', 7000, '2018-10-25 04:00:00', '2018-10-25 13:32:19'),
(462, 36, 'AR', 7228, 45, '2000.00', '0.00', '2000.00', 8000, '2018-10-26 04:00:00', '2018-10-26 05:30:48'),
(463, 11, 'OR', 651, 61, '20000.00', '0.00', '20000.00', 20000, '2018-10-26 04:00:00', '2018-10-27 07:20:49'),
(464, 11, 'AR', 7230, 30, '50.00', '0.00', '50.00', 1500, '2018-10-26 04:00:00', '2018-10-27 07:18:36'),
(465, 32, '0', 0, 61, '0.00', '0.00', '0.00', 0, '2018-10-26 04:00:00', '2018-10-27 07:22:58'),
(466, 31, 'OR', 651, 61, '20000.00', '0.00', '20000.00', 20000, '2018-10-26 04:00:00', '2018-10-27 07:31:51'),
(467, 53, 'OR', 651, 61, '20000.00', '0.00', '20000.00', 20000, '2018-10-26 04:00:00', '2018-10-27 07:37:54'),
(468, 50, 'OR', 651, 61, '20000.00', '0.00', '20000.00', 20000, '2018-10-26 04:00:00', '2018-10-27 07:39:46'),
(469, 51, 'OR', 651, 61, '20000.00', '0.00', '20000.00', 20000, '2018-10-26 04:00:00', '2018-10-27 07:41:47'),
(471, 13, 'OR', 651, 61, '20000.00', '0.00', '20000.00', 20000, '2018-10-26 04:00:00', '2018-10-27 07:54:52'),
(472, 38, 'OR', 651, 61, '20000.00', '0.00', '20000.00', 20000, '2018-10-26 04:00:00', '2018-10-27 07:59:08'),
(473, 48, 'OR', 651, 61, '20000.00', '0.00', '20000.00', 20000, '2018-10-26 04:00:00', '2018-10-27 08:01:30'),
(474, 49, 'OR', 651, 61, '20000.00', '0.00', '20000.00', 20000, '2018-10-26 04:00:00', '2018-10-27 08:04:21'),
(475, 34, 'OR', 651, 61, '20000.00', '0.00', '20000.00', 20000, '2018-10-26 04:00:00', '2018-10-27 08:15:03'),
(477, 27, 'OR', 651, 61, '20000.00', '0.00', '20000.00', 20000, '2018-10-26 04:00:00', '2018-10-27 08:19:47'),
(478, 35, 'OR', 651, 61, '20000.00', '0.00', '20000.00', 20000, '2018-10-26 04:00:00', '2018-10-27 08:23:20'),
(479, 35, 'R', 94, 51, '500.00', '0.00', '500.00', 500, '2018-06-04 04:00:00', '2018-10-27 08:28:12'),
(480, 35, 'AR', 7066, 51, '100.00', '0.00', '100.00', 600, '2018-07-23 04:00:00', '2018-10-27 08:27:28'),
(481, 127, 'AR', 7231, 45, '1600.00', '0.00', '1600.00', 8000, '2018-10-27 04:00:00', '2018-10-27 12:20:10'),
(482, 126, 'AR', 7232, 45, '1600.00', '0.00', '1600.00', 4800, '2018-10-27 04:00:00', '2018-10-27 12:23:14'),
(483, 126, 'AR', 7233, 45, '500.00', '0.00', '500.00', 5300, '2018-10-27 04:00:00', '2018-10-27 12:24:11'),
(484, 116, 'AR', 7234, 45, '1600.00', '0.00', '1600.00', 8000, '2018-10-27 04:00:00', '2018-10-27 12:29:17'),
(485, 116, 'AR', 7235, 46, '500.00', '0.00', '500.00', 2700, '2018-10-27 04:00:00', '2018-10-27 12:29:56'),
(486, 121, 'AR', 7236, 45, '1600.00', '0.00', '1600.00', 8000, '2018-10-27 04:00:00', '2018-10-27 12:32:43'),
(487, 121, 'AR', 7237, 46, '500.00', '0.00', '500.00', 500, '2018-10-27 04:00:00', '2018-10-27 12:33:46'),
(488, 118, 'AR', 7238, 45, '1600.00', '0.00', '1600.00', 8050, '2018-10-29 04:00:00', '2018-10-29 07:53:15'),
(489, 114, 'AR', 7239, 45, '1600.00', '0.00', '1600.00', 8000, '2018-10-29 04:00:00', '2018-10-29 07:56:55'),
(490, 114, 'AR', 7240, 46, '550.00', '0.00', '550.00', 2200, '2018-10-29 04:00:00', '2018-10-29 08:01:50'),
(491, 114, 'AR', 7241, 46, '550.00', '0.00', '550.00', 2750, '2018-10-29 04:00:00', '2018-10-29 08:02:23'),
(492, 82, 'AR', 7242, 45, '2800.00', '0.00', '2800.00', 6000, '2018-10-29 04:00:00', '2018-10-29 11:45:30'),
(493, 82, 'AR', 7243, 49, '750.00', '0.00', '750.00', 750, '2018-10-29 04:00:00', '2018-10-29 11:55:22'),
(494, 80, 'AR', 7244, 45, '500.00', '0.00', '500.00', 6900, '2018-10-29 04:00:00', '2018-10-29 13:02:14'),
(495, 126, 'AR', 7245, 46, '2700.00', '0.00', '2700.00', 2700, '2018-10-30 04:00:00', '2018-10-30 07:16:26'),
(496, 56, 'OR', 651, 61, '20000.00', '0.00', '20000.00', 20000, '2018-10-30 04:00:00', '2018-10-30 09:00:24'),
(497, 46, 'OR', 651, 61, '20000.00', '0.00', '20000.00', 20000, '2018-10-27 04:00:00', '2018-10-30 09:01:20'),
(498, 26, 'OR', 651, 61, '20000.00', '0.00', '20000.00', 20000, '2018-10-27 04:00:00', '2018-10-30 09:07:48'),
(499, 21, 'OR', 651, 61, '20000.00', '0.00', '20000.00', 20000, '2018-10-27 04:00:00', '2018-10-30 09:10:45'),
(500, 29, 'OR', 651, 61, '20000.00', '0.00', '20000.00', 20000, '2018-10-27 04:00:00', '2018-10-30 09:11:39'),
(501, 44, 'OR', 651, 61, '20000.00', '0.00', '20000.00', 20000, '2018-10-27 04:00:00', '2018-10-30 09:12:54'),
(502, 41, 'OR', 651, 61, '20000.00', '0.00', '20000.00', 20000, '2018-10-27 04:00:00', '2018-10-30 09:18:48'),
(503, 58, 'OR', 651, 61, '20000.00', '0.00', '20000.00', 20000, '2018-10-27 04:00:00', '2018-10-30 09:20:02'),
(504, 40, 'OR', 651, 61, '20000.00', '0.00', '20000.00', 20000, '2018-10-27 04:00:00', '2018-10-30 09:21:35'),
(505, 23, 'OR', 651, 61, '20000.00', '0.00', '20000.00', 20000, '2018-10-27 04:00:00', '2018-10-30 09:23:13'),
(506, 42, 'OR', 651, 61, '20000.00', '0.00', '20000.00', 20000, '2018-10-27 04:00:00', '2018-10-30 09:27:08'),
(507, 52, 'OR', 651, 61, '20000.00', '0.00', '20000.00', 20000, '2018-10-27 04:00:00', '2018-10-30 09:30:37'),
(508, 54, 'OR', 651, 61, '20000.00', '0.00', '20000.00', 20000, '2018-10-27 04:00:00', '2018-10-30 09:38:18'),
(509, 28, 'OR', 651, 61, '20000.00', '0.00', '20000.00', 20000, '2018-10-27 04:00:00', '2018-10-30 09:38:44'),
(510, 20, 'OR', 651, 61, '20000.00', '0.00', '20000.00', 20000, '2018-10-27 04:00:00', '2018-10-30 09:39:07'),
(511, 14, 'OR', 651, 61, '20000.00', '0.00', '20000.00', 20000, '2018-10-27 04:00:00', '2018-10-30 09:41:30'),
(512, 18, 'OR', 651, 61, '20000.00', '0.00', '20000.00', 20000, '2018-10-27 04:00:00', '2018-10-30 10:19:41'),
(513, 17, 'OR', 651, 61, '20000.00', '0.00', '20000.00', 20000, '2018-10-27 04:00:00', '2018-10-30 10:20:32'),
(514, 55, 'OR', 651, 61, '20000.00', '0.00', '20000.00', 20000, '2018-10-27 04:00:00', '2018-10-30 10:21:22'),
(515, 43, 'OR', 651, 61, '20000.00', '0.00', '20000.00', 20000, '2018-10-27 04:00:00', '2018-10-30 10:22:11'),
(516, 45, 'OR', 651, 61, '20000.00', '0.00', '20000.00', 20000, '2018-10-27 04:00:00', '2018-10-30 10:22:59'),
(517, 30, 'OR', 651, 61, '20000.00', '0.00', '20000.00', 20000, '2018-10-27 04:00:00', '2018-10-30 10:26:12'),
(518, 22, 'OR', 651, 61, '20000.00', '0.00', '20000.00', 20000, '2018-10-27 04:00:00', '2018-10-30 10:26:59'),
(519, 47, 'OR', 651, 61, '20000.00', '0.00', '20000.00', 20000, '2018-10-27 04:00:00', '2018-10-30 10:27:44'),
(520, 39, 'OR', 651, 61, '20000.00', '0.00', '20000.00', 20000, '2018-10-27 04:00:00', '2018-10-30 10:28:38'),
(521, 61, 'OR', 651, 61, '20000.00', '0.00', '20000.00', 20000, '2018-10-27 04:00:00', '2018-10-30 10:29:27'),
(522, 59, 'OR', 651, 61, '20000.00', '0.00', '20000.00', 20000, '2018-10-27 04:00:00', '2018-10-30 10:30:07'),
(523, 57, 'OR', 651, 61, '20000.00', '0.00', '20000.00', 20000, '2018-10-27 04:00:00', '2018-10-30 10:30:52'),
(524, 108, 'OR', 651, 61, '20000.00', '0.00', '20000.00', 20000, '2018-10-27 04:00:00', '2018-10-30 10:36:43'),
(525, 103, 'OR', 651, 61, '20000.00', '0.00', '20000.00', 20000, '2018-10-27 04:00:00', '2018-10-30 10:38:10'),
(526, 106, 'OR', 651, 61, '20000.00', '0.00', '20000.00', 20000, '2018-10-27 04:00:00', '2018-10-30 10:39:10');
INSERT INTO `payments` (`id`, `confirm_enrollee_id`, `prefix`, `receipt_no`, `balance_id`, `amount_given`, `change`, `amount_charge`, `total_amount_given`, `created_at`, `updated_at`) VALUES
(527, 107, 'OR', 651, 61, '20000.00', '0.00', '20000.00', 20000, '2018-10-27 04:00:00', '2018-10-30 10:40:15'),
(528, 101, 'OR', 651, 61, '20000.00', '0.00', '20000.00', 20000, '2018-10-27 04:00:00', '2018-10-30 10:41:30'),
(530, 135, 'OR', 642, 60, '20000.00', '0.00', '20000.00', 20000, '2018-08-27 04:00:00', '2018-10-30 10:44:30'),
(531, 135, 'OR', 651, 61, '20000.00', '0.00', '20000.00', 20000, '2018-10-27 04:00:00', '2018-10-30 10:45:08'),
(532, 113, 'OR', 651, 61, '20000.00', '0.00', '20000.00', 20000, '2018-10-27 04:00:00', '2018-10-30 10:46:35'),
(535, 109, 'OR', 651, 61, '20000.00', '0.00', '20000.00', 20000, '2018-10-27 04:00:00', '2018-10-30 10:53:40'),
(538, 104, 'OR', 651, 61, '20000.00', '0.00', '20000.00', 20000, '2018-10-27 04:00:00', '2018-10-30 10:56:23'),
(540, 111, 'OR', 651, 61, '20000.00', '0.00', '20000.00', 20000, '2018-10-27 04:00:00', '2018-10-30 11:00:27'),
(541, 112, 'OR', 651, 61, '20000.00', '0.00', '20000.00', 20000, '2018-10-27 04:00:00', '2018-10-30 11:02:03'),
(542, 125, 'AR', 7246, 45, '500.00', '0.00', '500.00', 8000, '2018-10-30 04:00:00', '2018-10-30 12:51:17'),
(543, 125, 'AR', 7247, 46, '1500.00', '0.00', '1500.00', 2600, '2018-10-30 04:00:00', '2018-10-30 12:52:50'),
(544, 75, 'AR', 7248, 45, '1000.00', '0.00', '1000.00', 8000, '2018-11-05 05:00:00', '2018-11-05 08:40:48'),
(545, 139, 'AR', 7249, 63, '0.00', '1100.00', '1100.00', 1100, '2018-11-05 05:00:00', '2019-02-19 10:06:41'),
(546, 140, 'AR', 7250, 48, '2000.00', '500.00', '1500.00', 1500, '2018-11-05 05:00:00', '2018-11-05 09:16:36'),
(549, 76, 'AR', 7253, 45, '2100.00', '500.00', '1600.00', 8000, '2018-11-05 05:00:00', '2018-11-05 14:04:50'),
(551, 94, 'AR', 7255, 45, '3500.00', '0.00', '3500.00', 7800, '2018-11-05 05:00:00', '2018-11-05 14:12:36'),
(553, 73, 'AR', 7257, 45, '1600.00', '0.00', '1600.00', 8000, '2018-11-05 05:00:00', '2018-11-05 14:37:21'),
(560, 63, 'AR', 7264, 45, '1600.00', '0.00', '1600.00', 8000, '2018-11-06 05:00:00', '2018-11-06 13:52:15'),
(561, 141, 'AR', 7265, 48, '500.00', '0.00', '500.00', 500, '2018-11-06 05:00:00', '2018-11-06 13:53:15'),
(565, 86, 'AR', 7269, 45, '800.00', '0.00', '800.00', 8000, '2018-11-07 05:00:00', '2018-11-13 12:09:38'),
(567, 68, 'AR', 7271, 45, '200.00', '0.00', '200.00', 8000, '2018-11-09 05:00:00', '2018-11-09 08:55:55'),
(569, 100, 'AR', 7273, 49, '1000.00', '250.00', '750.00', 750, '2018-11-09 05:00:00', '2018-11-09 11:14:50'),
(570, 94, 'AR', 7274, 45, '200.00', '0.00', '200.00', 8000, '2018-11-09 05:00:00', '2018-11-09 14:00:50'),
(572, 98, 'AR', 7276, 45, '4000.00', '0.00', '4000.00', 7600, '2018-11-09 05:00:00', '2018-11-09 14:09:45'),
(576, 122, 'AR', 7280, 45, '3200.00', '0.00', '3200.00', 8000, '2018-11-12 05:00:00', '2018-11-12 07:23:05'),
(579, 122, 'AR', 7283, 63, '500.00', '0.00', '500.00', 0, '2018-11-12 05:00:00', '2018-11-16 09:53:16'),
(584, 98, 'AR', 7288, 45, '400.00', '0.00', '400.00', 8000, '2018-11-13 05:00:00', '2018-11-13 11:52:13'),
(586, 125, 'AR', 7290, 46, '1650.00', '0.00', '1650.00', 4250, '2018-11-14 05:00:00', '2018-11-14 07:32:07'),
(589, 144, 'AR', 7260, 65, '500.00', '0.00', '500.00', 500, '2018-11-06 05:00:00', '2018-12-05 08:13:41'),
(590, 145, 'AR', 7279, 63, '2000.00', '0.00', '2000.00', 2000, '2018-11-12 05:00:00', '2018-11-16 10:02:51'),
(591, 146, 'AR', 7278, 63, '2500.00', '0.00', '2500.00', 2500, '2018-11-10 05:00:00', '2018-11-16 10:07:40'),
(592, 147, 'AR', 7281, 63, '2500.00', '0.00', '2500.00', 2500, '2018-11-12 05:00:00', '2018-11-16 10:11:23'),
(593, 147, 'AR', 7282, 64, '1500.00', '0.00', '1500.00', 1500, '2018-11-12 05:00:00', '2018-11-16 10:12:12'),
(594, 126, 'AR', 7259, 45, '500.00', '0.00', '500.00', 5800, '2018-11-06 05:00:00', '2018-11-16 10:17:36'),
(595, 149, 'AR', 7261, 63, '1500.00', '0.00', '1500.00', 1500, '2018-11-06 05:00:00', '2018-11-16 10:20:18'),
(596, 150, 'AR', 7268, 63, '2500.00', '0.00', '2500.00', 2500, '2018-11-07 05:00:00', '2018-11-16 10:24:42'),
(597, 151, 'AR', 7277, 63, '500.00', '0.00', '500.00', 500, '2018-11-09 05:00:00', '2018-11-16 10:27:02'),
(598, 152, 'AR', 7266, 63, '1000.00', '0.00', '1000.00', 1000, '2018-11-06 05:00:00', '2018-11-16 10:30:38'),
(599, 153, 'AR', 7286, 63, '1400.00', '0.00', '1400.00', 1400, '2018-11-12 05:00:00', '2018-11-16 10:39:17'),
(600, 154, 'AR', 7270, 63, '500.00', '0.00', '500.00', 500, '2018-11-07 05:00:00', '2018-11-16 10:42:13'),
(601, 155, 'AR', 7285, 63, '500.00', '0.00', '500.00', 500, '2018-11-12 05:00:00', '2018-11-16 10:45:47'),
(602, 157, 'AR', 7258, 63, '2500.00', '0.00', '2500.00', 2500, '2018-11-05 05:00:00', '2018-11-16 10:48:54'),
(603, 158, 'AR', 7263, 63, '2200.00', '0.00', '2200.00', 2200, '2018-11-06 05:00:00', '2018-11-16 10:52:57'),
(604, 160, 'AR', 7262, 63, '1000.00', '0.00', '1000.00', 1000, '2018-11-06 05:00:00', '2018-11-16 10:56:09'),
(605, 161, 'AR', 7267, 63, '500.00', '0.00', '500.00', 500, '2018-11-06 05:00:00', '2018-11-16 10:59:02'),
(607, 162, 'AR', 7256, 63, '500.00', '0.00', '500.00', 500, '2018-11-05 05:00:00', '2018-11-16 11:02:12'),
(608, 162, 'AR', 7287, 63, '1500.00', '0.00', '1500.00', 2000, '2018-11-12 05:00:00', '2018-11-16 11:02:56'),
(609, 166, 'AR', 7254, 63, '500.00', '0.00', '500.00', 500, '2018-11-05 05:00:00', '2018-11-16 11:06:33'),
(612, 168, 'AR', 7251, 63, '2500.00', '0.00', '2500.00', 5000, '2018-11-05 05:00:00', '2018-11-16 11:12:32'),
(613, 169, 'AR', 7275, 63, '500.00', '0.00', '500.00', 500, '2018-11-09 05:00:00', '2018-11-16 11:15:03'),
(614, 170, 'AR', 7272, 63, '1000.00', '0.00', '1000.00', 1000, '2018-11-09 05:00:00', '2018-11-16 11:18:00'),
(615, 171, 'AR', 7252, 63, '400.00', '0.00', '400.00', 400, '2018-11-05 05:00:00', '2018-11-16 11:20:26'),
(616, 139, 'AR', 7292, 48, '1400.00', '0.00', '1400.00', 1400, '2018-11-16 05:00:00', '2019-01-14 13:28:59'),
(617, 139, 'AR', 7293, 45, '1600.00', '0.00', '1600.00', 1600, '2018-11-16 05:00:00', '2019-01-14 13:27:50'),
(618, 147, 'AR', 7294, 64, '1000.00', '0.00', '1000.00', 2500, '2018-11-17 05:00:00', '2018-11-17 07:25:14'),
(621, 229, 'AR', 7291, 63, '1500.00', '0.00', '1500.00', 1500, '2018-11-14 05:00:00', '2018-11-22 10:43:25'),
(622, 229, 'AR', 7295, 63, '1000.00', '0.00', '1000.00', 2500, '2018-11-22 05:00:00', '2018-11-22 10:45:17'),
(623, 229, 'OR', 653, 64, '4800.00', '0.00', '4800.00', 4800, '2018-11-22 05:00:00', '2018-11-22 10:46:00'),
(624, 117, 'AR', 7296, 45, '1500.00', '0.00', '1500.00', 2700, '2018-11-23 05:00:00', '2018-11-23 14:52:17'),
(625, 169, 'AR', 7297, 63, '1000.00', '500.00', '500.00', 1000, '2018-11-24 05:00:00', '2018-11-24 06:37:08'),
(626, 80, 'AR', 7298, 45, '1100.00', '0.00', '1100.00', 8000, '2018-11-24 05:00:00', '2018-11-24 07:51:18'),
(627, 120, 'AR', 7299, 45, '2000.00', '0.00', '2000.00', 7500, '2018-11-24 05:00:00', '2018-11-24 08:24:04'),
(628, 231, 'AR', 7300, 53, '100.00', '0.00', '100.00', 100, '2018-11-26 05:00:00', '2018-11-26 07:56:09'),
(629, 124, 'AR', 7301, 45, '4000.00', '600.00', '3400.00', 8000, '2018-11-26 05:00:00', '2018-11-26 12:53:47'),
(630, 232, 'AR', 7302, 63, '500.00', '0.00', '500.00', 500, '2018-11-26 05:00:00', '2018-11-26 12:58:40'),
(631, 140, 'AR', 7303, 48, '1000.00', '0.00', '1000.00', 1000, '2018-11-26 05:00:00', '2019-02-19 10:05:15'),
(632, 162, 'AR', 7304, 64, '600.00', '0.00', '600.00', 600, '2018-11-26 05:00:00', '2018-11-26 14:27:59'),
(633, 152, 'AR', 7305, 64, '1000.00', '0.00', '1000.00', 1000, '2018-11-26 05:00:00', '2018-11-26 14:30:28'),
(634, 168, 'AR', 7306, 64, '1600.00', '0.00', '1600.00', 1600, '2018-11-26 05:00:00', '2018-11-26 14:31:17'),
(635, 171, 'AR', 7307, 63, '2100.00', '0.00', '2100.00', 2500, '2018-11-26 05:00:00', '2018-11-26 15:04:32'),
(637, 92, 'AR', 7309, 45, '1000.00', '0.00', '1000.00', 2000, '2018-11-28 05:00:00', '2018-11-28 13:02:02'),
(638, 140, 'AR', 7310, 45, '600.00', '0.00', '600.00', 1600, '2018-11-28 05:00:00', '2019-01-14 13:32:29'),
(639, 155, 'AR', 7311, 63, '500.00', '0.00', '500.00', 1000, '2018-11-28 05:00:00', '2018-11-28 14:07:41'),
(640, 170, 'AR', 7312, 64, '1000.00', '0.00', '1000.00', 1000, '2018-11-28 05:00:00', '2018-11-28 14:14:15'),
(641, 153, 'AR', 7313, 64, '1500.00', '0.00', '1500.00', 1500, '2018-11-28 05:00:00', '2018-11-28 14:24:45'),
(642, 157, 'AR', 7314, 64, '1500.00', '100.00', '1400.00', 1400, '2018-11-28 05:00:00', '2018-11-28 14:27:09'),
(643, 160, 'AR', 7315, 64, '1500.00', '0.00', '1500.00', 1500, '2018-11-28 05:00:00', '2018-11-28 14:29:02'),
(644, 184, 'AR', 7316, 63, '2500.00', '0.00', '2500.00', 2500, '2018-11-28 05:00:00', '2018-11-28 14:34:20'),
(645, 184, 'AR', 7317, 64, '1600.00', '0.00', '1600.00', 1600, '2018-11-28 05:00:00', '2018-11-28 14:34:59'),
(646, 169, 'AR', 7318, 64, '1000.00', '0.00', '1000.00', 1000, '2018-11-28 05:00:00', '2018-11-28 14:41:10'),
(647, 166, 'AR', 7319, 63, '2000.00', '0.00', '2000.00', 2500, '2018-11-29 05:00:00', '2018-12-03 09:58:49'),
(648, 141, 'AR', 7320, 48, '2000.00', '0.00', '2000.00', 2000, '2018-11-29 05:00:00', '2019-01-14 13:36:51'),
(649, 162, 'AR', 7321, 64, '1000.00', '0.00', '1000.00', 1600, '2018-12-01 05:00:00', '2018-12-01 07:02:35'),
(650, 158, 'AR', 7322, 64, '1600.00', '0.00', '1600.00', 1600, '2018-12-01 05:00:00', '2018-12-03 13:50:54'),
(652, 149, 'AR', 7324, 64, '2000.00', '0.00', '2000.00', 2000, '2018-12-04 05:00:00', '2018-12-04 06:30:30'),
(653, 146, 'AR', 7325, 64, '1600.00', '0.00', '1600.00', 1600, '2018-12-04 05:00:00', '2018-12-04 06:32:55'),
(654, 143, 'AR', 7326, 64, '600.00', '0.00', '600.00', 600, '2018-12-04 05:00:00', '2018-12-04 06:34:43'),
(655, 148, 'AR', 7327, 64, '1900.00', '0.00', '1900.00', 1900, '2018-12-04 05:00:00', '2018-12-04 06:39:25'),
(662, 146, 'AR', 7334, 64, '1600.00', '0.00', '1600.00', 3200, '2018-12-18 05:00:00', '2019-03-18 13:03:32'),
(663, 151, 'AR', 7335, 64, '1500.00', '0.00', '1500.00', 2500, '2018-12-18 05:00:00', '2018-12-18 10:32:13'),
(664, 148, 'AR', 7336, 64, '2300.00', '0.00', '2300.00', 4200, '2018-12-18 05:00:00', '2018-12-18 10:35:29'),
(665, 150, 'AR', 7337, 64, '1600.00', '0.00', '1600.00', 3200, '2018-12-18 05:00:00', '2018-12-18 10:37:27'),
(668, 234, 'AR', 7333, 64, '1600.00', '0.00', '1600.00', 1600, '2018-12-18 05:00:00', '2018-12-18 10:54:17'),
(669, 234, 'AR', 7338, 64, '1000.00', '0.00', '1000.00', 2600, '2018-12-18 05:00:00', '2018-12-18 10:54:41'),
(670, 145, 'AR', 7328, 64, '1600.00', '0.00', '1600.00', 1600, '2018-12-18 05:00:00', '2018-12-18 10:56:48'),
(671, 150, 'AR', 7329, 64, '1600.00', '0.00', '1600.00', 3200, '2018-12-18 05:00:00', '2018-12-18 10:58:46'),
(672, 150, 'AR', 7330, 46, '550.00', '0.00', '550.00', 3750, '2018-12-18 05:00:00', '2018-12-18 11:00:00'),
(673, 151, 'AR', 7331, 64, '1000.00', '0.00', '1000.00', 2500, '2018-12-18 05:00:00', '2018-12-18 11:01:38'),
(674, 169, 'AR', 7332, 64, '500.00', '0.00', '500.00', 2000, '2018-12-18 05:00:00', '2018-12-18 11:04:40'),
(675, 139, 'AR', 7339, 45, '2000.00', '400.00', '1600.00', 1600, '2018-12-18 05:00:00', '2018-12-18 12:54:54'),
(676, 139, 'AR', 7340, 58, '400.00', '150.00', '250.00', 250, '2018-12-18 05:00:00', '2018-12-18 12:55:43'),
(677, 162, 'AR', 7341, 64, '600.00', '0.00', '600.00', 2200, '2018-12-18 05:00:00', '2018-12-18 14:05:39'),
(678, 152, 'AR', 7342, 64, '700.00', '0.00', '700.00', 1700, '2018-12-18 05:00:00', '2018-12-18 14:57:31'),
(679, 230, 'AR', 7343, 64, '800.00', '0.00', '800.00', 800, '2018-12-19 05:00:00', '2018-12-19 06:27:30'),
(680, 120, 'AR', 7344, 45, '1000.00', '500.00', '500.00', 8000, '2018-12-19 05:00:00', '2018-12-19 06:38:56'),
(681, 235, 'AR', 7345, 63, '500.00', '0.00', '500.00', 500, '2018-12-19 05:00:00', '2018-12-19 06:42:57'),
(682, 145, 'AR', 7346, 64, '500.00', '0.00', '500.00', 2100, '2018-12-19 05:00:00', '2018-12-19 06:58:25'),
(683, 149, 'AR', 7347, 64, '1600.00', '0.00', '1600.00', 3600, '2018-12-19 05:00:00', '2018-12-19 07:00:58'),
(684, 170, 'AR', 7348, 63, '1000.00', '0.00', '1000.00', 2000, '2018-12-19 05:00:00', '2018-12-19 13:33:39'),
(685, 166, 'AR', 7349, 64, '1600.00', '0.00', '1600.00', 1600, '2018-12-19 05:00:00', '2018-12-19 13:38:39'),
(686, 161, 'AR', 7350, 63, '1500.00', '0.00', '1500.00', 2000, '2018-12-19 05:00:00', '2018-12-19 13:42:25'),
(687, 155, 'AR', 7351, 63, '500.00', '0.00', '500.00', 1500, '2018-12-19 05:00:00', '2018-12-19 13:46:03'),
(688, 153, 'AR', 7352, 64, '1500.00', '0.00', '1500.00', 3000, '2018-12-19 05:00:00', '2018-12-19 13:50:23'),
(692, 143, 'AR', 7356, 64, '1000.00', '0.00', '1000.00', 1600, '2019-01-05 05:00:00', '2019-01-05 06:16:12'),
(693, 161, 'AR', 7357, 64, '1000.00', '500.00', '500.00', 500, '2019-01-05 05:00:00', '2019-01-05 06:59:08'),
(694, 161, 'AR', 7358, 64, '600.00', '0.00', '600.00', 1100, '2019-01-05 05:00:00', '2019-01-05 07:00:31'),
(695, 160, 'AR', 7353, 64, '1600.00', '0.00', '1600.00', 3100, '2019-01-05 05:00:00', '2019-01-05 07:17:49'),
(696, 158, 'AR', 7354, 64, '1600.00', '0.00', '1600.00', 3200, '2019-01-05 05:00:00', '2019-01-05 07:18:16'),
(697, 184, 'AR', 7355, 64, '1000.00', '0.00', '1000.00', 2600, '2019-01-05 05:00:00', '2019-01-05 07:18:44'),
(698, 201, 'AR', 7359, 59, '150.00', '0.00', '150.00', 150, '2019-01-07 05:00:00', '2019-01-07 09:55:06'),
(699, 169, 'AR', 7323, 64, '500.00', '0.00', '500.00', 2000, '2018-12-04 05:00:00', '2019-01-07 10:53:32'),
(700, 170, 'AR', 7360, 64, '2000.00', '0.00', '2000.00', 3000, '2019-01-07 05:00:00', '2019-01-07 14:33:16'),
(702, 232, 'AR', 7362, 64, '7000.00', '0.00', '7000.00', 7000, '2019-01-08 05:00:00', '2019-01-08 07:49:16'),
(703, 139, 'AR', 7361, 45, '1000.00', '0.00', '1000.00', 2600, '2019-01-08 05:00:00', '2019-01-09 11:04:00'),
(704, 144, 'AR', 7363, 65, '3000.00', '0.00', '3000.00', 3500, '2019-01-09 05:00:00', '2019-01-09 11:25:32'),
(706, 234, 'AR', 7364, 64, '1600.00', '0.00', '1600.00', 4200, '2019-01-10 05:00:00', '2019-01-10 10:23:27'),
(707, 234, 'AR', 7365, 64, '1600.00', '0.00', '1600.00', 5800, '2019-01-10 05:00:00', '2019-01-10 12:24:36'),
(708, 147, 'AR', 7366, 64, '5000.00', '0.00', '5000.00', 7500, '2019-01-11 05:00:00', '2019-01-11 09:39:17'),
(709, 147, 'AR', 7367, 46, '5000.00', '0.00', '5000.00', 5000, '2019-01-11 05:00:00', '2019-01-11 09:40:19'),
(710, 160, 'AR', 7368, 64, '1000.00', '0.00', '1000.00', 4100, '2019-01-12 05:00:00', '2019-01-12 07:42:07'),
(712, 140, 'OR', 656, 45, '1600.00', '0.00', '1600.00', 3200, '2019-01-05 05:00:00', '2019-01-14 13:32:56'),
(713, 168, 'OR', 655, 64, '1600.00', '0.00', '1600.00', 3200, '2018-12-12 05:00:00', '2019-01-14 13:52:20'),
(714, 169, 'AR', 7369, 64, '2000.00', '0.00', '2000.00', 4000, '2019-01-14 05:00:00', '2019-01-14 14:02:19'),
(715, 141, 'AR', 7370, 45, '1400.00', '0.00', '1400.00', 1400, '2019-01-15 05:00:00', '2019-01-15 14:21:39'),
(716, 140, 'AR', 7371, 45, '1600.00', '0.00', '1600.00', 4800, '2019-01-17 05:00:00', '2019-01-17 14:14:51'),
(717, 149, 'AR', 7372, 64, '1800.00', '0.00', '1800.00', 5400, '2019-01-21 05:00:00', '2019-01-21 10:45:01'),
(718, 149, 'AR', 7373, 46, '3200.00', '0.00', '3200.00', 3200, '2019-01-21 05:00:00', '2019-01-21 10:46:49'),
(719, 151, 'AR', 7374, 64, '4000.00', '0.00', '4000.00', 6500, '2019-01-21 05:00:00', '2019-01-21 10:50:22'),
(720, 168, 'AR', 7375, 64, '1600.00', '0.00', '1600.00', 4800, '2019-01-21 05:00:00', '2019-01-21 13:25:00'),
(721, 162, 'AR', 7376, 64, '2000.00', '0.00', '2000.00', 4200, '2019-01-21 05:00:00', '2019-01-21 13:44:45'),
(722, 170, 'AR', 7377, 64, '1500.00', '0.00', '1500.00', 4500, '2019-01-21 05:00:00', '2019-01-21 13:52:56'),
(723, 157, 'AR', 7378, 64, '1600.00', '0.00', '1600.00', 3000, '2019-01-21 05:00:00', '2019-01-21 14:13:31'),
(724, 160, 'AR', 7379, 64, '2000.00', '400.00', '1600.00', 5700, '2019-01-21 05:00:00', '2019-01-21 14:15:52'),
(725, 153, 'AR', 7380, 64, '1600.00', '0.00', '1600.00', 4600, '2019-01-21 05:00:00', '2019-01-21 14:18:18'),
(726, 152, 'AR', 7381, 64, '3200.00', '0.00', '3200.00', 4900, '2019-01-21 05:00:00', '2019-01-21 14:26:08'),
(727, 143, 'AR', 7382, 64, '3200.00', '0.00', '3200.00', 4800, '2019-01-22 05:00:00', '2019-01-22 06:09:18'),
(728, 92, 'AR', 7383, 45, '6000.00', '0.00', '6000.00', 8000, '2019-01-22 05:00:00', '2019-01-22 13:58:05'),
(729, 161, 'AR', 7384, 64, '2100.00', '0.00', '2100.00', 3200, '2019-01-22 05:00:00', '2019-01-22 14:03:30'),
(730, 166, 'AR', 7385, 64, '1600.00', '0.00', '1600.00', 3200, '2019-01-22 05:00:00', '2019-01-22 14:08:30'),
(731, 145, 'AR', 7386, 64, '1600.00', '0.00', '1600.00', 3700, '2019-01-24 05:00:00', '2019-01-24 11:09:13'),
(732, 145, 'AR', 7387, 63, '500.00', '0.00', '500.00', 2500, '2019-01-24 05:00:00', '2019-01-24 11:09:58'),
(733, 234, 'AR', 7388, 64, '800.00', '0.00', '800.00', 6600, '2019-01-25 05:00:00', '2019-01-25 11:05:35'),
(734, 171, 'AR', 7389, 64, '3000.00', '0.00', '3000.00', 3000, '2019-01-25 05:00:00', '2019-01-25 13:23:03'),
(736, 140, 'AR', 7390, 32, '250.00', '0.00', '250.00', 250, '2019-01-25 05:00:00', '2019-01-25 14:22:33'),
(737, 139, 'AR', 7391, 32, '250.00', '0.00', '250.00', 250, '2019-01-25 05:00:00', '2019-01-25 14:31:04'),
(738, 146, 'AR', 7392, 64, '1600.00', '0.00', '1600.00', 4800, '2019-01-29 05:00:00', '2019-01-29 06:53:09'),
(739, 148, 'AR', 7393, 64, '1600.00', '0.00', '1600.00', 5800, '2019-01-29 05:00:00', '2019-01-29 06:55:44'),
(740, 148, 'AR', 7394, 46, '500.00', '0.00', '500.00', 500, '2019-01-29 05:00:00', '2019-01-29 06:57:13'),
(741, 150, 'AR', 7395, 64, '1600.00', '0.00', '1600.00', 4800, '2019-01-29 05:00:00', '2019-01-29 07:03:06'),
(742, 150, 'AR', 7396, 46, '550.00', '0.00', '550.00', 1100, '2019-01-29 05:00:00', '2019-01-29 07:03:53'),
(744, 158, 'AR', 7398, 64, '1500.00', '0.00', '1500.00', 4700, '2019-01-31 05:00:00', '2019-01-31 14:56:27'),
(745, 169, 'AR', 7399, 53, '100.00', '0.00', '100.00', 100, '2019-02-01 05:00:00', '2019-02-01 07:42:45'),
(746, 161, 'AR', 7400, 64, '600.00', '0.00', '600.00', 3800, '2019-02-01 05:00:00', '2019-02-01 14:25:59'),
(747, 141, 'AR', 7401, 32, '500.00', '250.00', '250.00', 250, '2019-02-02 05:00:00', '2019-02-02 10:20:55'),
(748, 150, 'AR', 7338, 46, '550.00', '0.00', '550.00', 1650, '2018-12-05 05:00:00', '2019-02-02 12:08:20'),
(749, 150, 'AR', 7402, 64, '2900.00', '50.00', '2850.00', 7650, '2019-02-04 05:00:00', '2019-02-04 08:43:08'),
(751, 105, 'AR', 7403, 45, '2500.00', '0.00', '2500.00', 2500, '2019-02-06 05:00:00', '2019-02-06 11:31:25'),
(752, 236, 'AR', 7404, 64, '1000.00', '0.00', '1000.00', 1000, '2019-02-06 05:00:00', '2019-02-06 11:58:38'),
(753, 158, 'AR', 7405, 63, '300.00', '0.00', '300.00', 2500, '2019-02-06 05:00:00', '2019-02-06 12:22:45'),
(754, 158, 'AR', 7406, 64, '100.00', '0.00', '100.00', 4800, '2019-02-06 05:00:00', '2019-02-06 12:23:25'),
(755, 63, 'AR', 7407, 58, '100.00', '0.00', '100.00', 250, '2019-02-06 05:00:00', '2019-02-06 12:25:00'),
(756, 168, 'AR', 7408, 64, '1600.00', '0.00', '1600.00', 6400, '2019-02-08 05:00:00', '2019-02-08 13:54:56'),
(757, 139, 'AR', 7409, 45, '1600.00', '0.00', '1600.00', 6900, '2019-02-13 05:00:00', '2019-02-13 13:44:50'),
(758, 216, 'AR', 7410, 46, '500.00', '0.00', '500.00', 500, '2019-02-14 05:00:00', '2019-02-14 12:48:38'),
(759, 216, 'AR', 7411, 46, '200.00', '0.00', '200.00', 700, '2019-02-18 05:00:00', '2019-02-18 12:00:20'),
(760, 170, 'AR', 7412, 64, '2000.00', '0.00', '2000.00', 6500, '2019-02-18 05:00:00', '2019-02-18 14:09:57'),
(762, 149, 'AR', 7414, 64, '600.00', '0.00', '600.00', 6000, '2019-02-20 05:00:00', '2019-02-20 07:15:08'),
(763, 149, 'AR', 7415, 46, '900.00', '0.00', '900.00', 4100, '2019-02-20 05:00:00', '2019-02-20 07:16:03'),
(765, 229, 'AR', 7417, 64, '1600.00', '0.00', '1600.00', 5800, '2019-02-20 05:00:00', '2019-02-20 08:00:59'),
(766, 229, 'AR', 7418, 46, '550.00', '0.00', '550.00', 1000, '2019-02-20 05:00:00', '2019-02-20 08:00:23'),
(767, 146, 'AR', 7419, 64, '2500.00', '900.00', '1600.00', 6400, '2019-02-20 05:00:00', '2019-02-20 07:54:10'),
(768, 146, 'AR', 7420, 46, '900.00', '350.00', '550.00', 550, '2019-02-20 05:00:00', '2019-02-20 07:55:10'),
(769, 148, 'AR', 7421, 64, '0.00', '-1600.00', '1600.00', 7400, '2019-02-20 05:00:00', '2019-02-20 08:17:44'),
(770, 148, 'AR', 7422, 46, '550.00', '0.00', '550.00', 1050, '2019-02-20 05:00:00', '2019-02-20 08:18:31'),
(771, 143, 'AR', 7423, 64, '1600.00', '0.00', '1600.00', 6400, '2019-02-20 05:00:00', '2019-02-20 08:24:02'),
(772, 158, 'AR', 7424, 64, '1600.00', '0.00', '1600.00', 6400, '2019-02-20 05:00:00', '2019-02-20 13:54:59'),
(773, 161, 'AR', 7425, 64, '1500.00', '0.00', '1500.00', 5300, '2019-02-22 05:00:00', '2019-02-22 14:05:41'),
(774, 161, 'AR', 7426, 64, '1000.00', '0.00', '1000.00', 6300, '2019-02-22 05:00:00', '2019-02-22 14:07:07'),
(775, 166, 'AR', 7427, 64, '1600.00', '0.00', '1600.00', 4800, '2019-02-22 05:00:00', '2019-02-22 14:13:21'),
(776, 152, 'AR', 7428, 64, '700.00', '0.00', '700.00', 5600, '2019-02-22 05:00:00', '2019-02-22 14:22:25'),
(777, 162, 'AR', 7429, 64, '1600.00', '0.00', '1600.00', 5800, '2019-02-23 05:00:00', '2019-02-23 06:51:52'),
(778, 143, 'AR', 7430, 63, '2000.00', '0.00', '2000.00', 2000, '2019-02-26 05:00:00', '2019-02-26 06:09:12'),
(779, 160, 'AR', 7431, 64, '2000.00', '200.00', '1800.00', 7500, '2019-02-26 05:00:00', '2019-02-26 14:24:20'),
(780, 153, 'AR', 7432, 64, '1600.00', '0.00', '1600.00', 6200, '2019-02-26 05:00:00', '2019-02-26 14:42:08'),
(782, 145, 'AR', 7434, 64, '1000.00', '0.00', '1000.00', 4700, '2019-02-27 05:00:00', '2019-02-27 07:58:18'),
(783, 150, 'AR', 7416, 46, '1650.00', '0.00', '1650.00', 3300, '2019-02-20 05:00:00', '2019-02-27 07:58:27'),
(784, 150, 'AR', 7416, 64, '350.00', '0.00', '350.00', 8000, '2019-02-20 05:00:00', '2019-02-27 08:02:55'),
(790, 171, 'AR', 7435, 64, '2400.00', '0.00', '2400.00', 5400, '2019-02-27 05:00:00', '2019-03-09 11:32:08'),
(791, 161, 'AR', 7440, 64, '2200.00', '0.00', '2200.00', 8500, '2019-03-13 04:00:00', '2019-03-13 12:40:36'),
(792, 168, 'AR', 7441, 64, '1600.00', '0.00', '1600.00', 8000, '2019-03-14 04:00:00', '2019-03-14 13:14:19'),
(798, 144, 'AR', 7436, 65, '4000.00', '0.00', '4000.00', 7500, '2019-03-15 04:00:00', '2019-03-15 13:30:12'),
(799, 112, 'AR', 7437, 46, '1000.00', '0.00', '1000.00', 1000, '2019-03-15 04:00:00', '2019-03-15 13:33:03'),
(801, 214, 'AR', 7446, 46, '250.00', '0.00', '250.00', 2750, '2019-03-16 04:00:00', '2019-03-16 07:22:14'),
(802, 143, 'AR', 7447, 63, '500.00', '0.00', '500.00', 2500, '2019-03-18 04:00:00', '2019-03-18 07:27:00'),
(803, 143, 'AR', 7448, 64, '1600.00', '0.00', '1600.00', 8000, '2019-03-18 04:00:00', '2019-03-18 07:27:26'),
(804, 143, 'AR', 7449, 46, '1600.00', '0.00', '1600.00', 1600, '2019-03-18 04:00:00', '2019-03-18 07:28:23'),
(806, 151, 'AR', 7451, 46, '2800.00', '0.00', '2800.00', 2800, '2019-03-18 04:00:00', '2019-03-18 07:33:49'),
(809, 126, 'AR', 7454, 48, '500.00', '0.00', '500.00', 2500, '2019-03-18 04:00:00', '2019-03-18 07:44:28'),
(810, 126, 'AR', 7455, 45, '2200.00', '0.00', '2200.00', 8000, '2019-03-18 04:00:00', '2019-03-18 07:45:15'),
(811, 148, 'AR', 7456, 63, '2500.00', '0.00', '2500.00', 2500, '2019-03-18 04:00:00', '2019-03-18 07:46:04'),
(812, 148, 'AR', 7457, 64, '600.00', '0.00', '600.00', 8000, '2019-03-18 04:00:00', '2019-03-18 07:47:11'),
(813, 148, 'AR', 7458, 46, '1750.00', '0.00', '1750.00', 3800, '2019-03-18 04:00:00', '2019-03-18 07:51:04'),
(814, 145, 'AR', 7459, 64, '1600.00', '0.00', '1600.00', 6300, '2019-03-18 04:00:00', '2019-03-18 07:54:41'),
(815, 145, 'AR', 7460, 46, '1400.00', '0.00', '1400.00', 1400, '2019-03-18 04:00:00', '2019-03-18 07:55:47'),
(817, 214, 'AR', 7439, 46, '2500.00', '0.00', '2500.00', 2750, '2019-03-16 04:00:00', '2019-03-18 09:23:08'),
(818, 229, 'AR', 7461, 46, '700.00', '0.00', '700.00', 1250, '2019-03-19 04:00:00', '2019-03-18 09:30:35'),
(819, 229, 'AR', 7462, 64, '600.00', '0.00', '600.00', 8000, '2019-03-19 04:00:00', '2019-03-18 09:30:53'),
(820, 229, 'AR', 7442, 64, '1000.00', '0.00', '1000.00', 8000, '2019-03-16 04:00:00', '2019-03-18 09:34:21'),
(821, 226, 'AR', 7443, 46, '2750.00', '0.00', '2750.00', 2750, '2019-03-16 04:00:00', '2019-03-18 09:35:56'),
(825, 151, 'AR', 7433, 63, '2000.00', '0.00', '2000.00', 2500, '2019-02-27 05:00:00', '2019-03-18 10:25:48'),
(826, 151, 'AR', 7450, 64, '1500.00', '0.00', '1500.00', 8000, '2019-02-27 05:00:00', '2019-03-18 10:27:43'),
(827, 149, 'AR', 7445, 46, '900.00', '0.00', '900.00', 5000, '2019-03-16 04:00:00', '2019-03-18 12:18:42'),
(828, 149, 'AR', 7444, 64, '2000.00', '0.00', '2000.00', 8000, '2019-03-16 04:00:00', '2019-03-18 12:20:04'),
(829, 149, 'AR', 7413, 63, '1000.00', '0.00', '1000.00', 2500, '2019-02-19 05:00:00', '2019-03-18 12:48:05'),
(830, 146, 'AR', 7452, 64, '1600.00', '0.00', '1600.00', 8000, '2019-03-18 04:00:00', '2019-03-18 13:04:36'),
(831, 146, 'AR', 7453, 46, '2750.00', '0.00', '2750.00', 3300, '2019-03-18 04:00:00', '2019-03-18 13:05:44'),
(832, 162, 'AR', 7463, 64, '1700.00', '0.00', '1700.00', 7500, '2019-03-18 04:00:00', '2019-03-18 13:06:15'),
(833, 157, 'AR', 7464, 64, '2500.00', '0.00', '2500.00', 5500, '2019-03-18 04:00:00', '2019-03-18 13:43:20'),
(836, 152, 'AR', 7467, 64, '1600.00', '0.00', '1600.00', 7200, '2019-03-20 04:00:00', '2019-03-19 11:57:20'),
(837, 170, 'AR', 7468, 63, '500.00', '0.00', '500.00', 2500, '2019-03-20 04:00:00', '2019-03-19 13:03:22'),
(838, 170, 'AR', 7469, 64, '1500.00', '0.00', '1500.00', 8000, '2019-03-20 04:00:00', '2019-03-19 13:04:10'),
(839, 160, 'AR', 7470, 63, '1500.00', '0.00', '1500.00', 2500, '2019-03-20 04:00:00', '2019-03-19 13:41:20'),
(840, 160, 'AR', 7471, 64, '500.00', '0.00', '500.00', 8200, '2019-03-20 04:00:00', '2019-03-19 14:07:52'),
(844, 143, 'AR', 7475, 46, '2200.00', '0.00', '2200.00', 3800, '2019-03-20 04:00:00', '2019-03-20 10:02:53'),
(845, 216, 'AR', 7476, 46, '3000.00', '0.00', '3000.00', 3700, '2019-03-22 04:00:00', '2019-03-21 10:07:22'),
(846, 141, 'AR', 7477, 45, '4000.00', '0.00', '4000.00', 5400, '2019-03-22 04:00:00', '2019-03-21 12:08:00'),
(847, 152, 'AR', 7478, 64, '1500.00', '0.00', '1500.00', 8700, '2019-03-22 04:00:00', '2019-03-21 12:09:21'),
(848, 152, 'AR', 7479, 64, '800.00', '0.00', '800.00', 9500, '2019-03-22 04:00:00', '2019-03-21 12:09:46'),
(849, 144, 'AR', 7480, 65, '3000.00', '0.00', '3000.00', 10500, '2019-03-22 04:00:00', '2019-03-21 12:40:40'),
(851, 157, 'AR', 7482, 64, '2000.00', '0.00', '2000.00', 8000, '2019-03-22 04:00:00', '2019-03-21 14:31:24'),
(852, 153, 'AR', 7483, 64, '1600.00', '0.00', '1600.00', 7800, '2019-03-22 04:00:00', '2019-03-21 13:16:37'),
(869, 158, 'AR', 7484, 64, '1600.00', '0.00', '1600.00', 8000, '2019-03-27 04:00:00', '2019-03-27 09:02:52'),
(871, 166, 'AR', 7486, 64, '1600.00', '0.00', '1600.00', 6400, '2019-03-27 04:00:00', '2019-03-27 09:08:56'),
(872, 169, 'AR', 7487, 64, '2000.00', '0.00', '2000.00', 6000, '2019-03-27 04:00:00', '2019-03-27 09:10:23'),
(873, 234, 'AR', 7488, 64, '1000.00', '0.00', '1000.00', 7600, '2019-03-27 04:00:00', '2019-03-27 09:13:02'),
(874, 139, 'AR', 7489, 45, '300.00', '0.00', '300.00', 8000, '2019-03-27 04:00:00', '2019-03-27 09:14:41'),
(876, 101, 'AR', 7284, 51, '200.00', '0.00', '200.00', 200, '2018-11-12 05:00:00', '2019-03-27 13:04:37'),
(877, 101, 'AR', 7218, 51, '400.00', '0.00', '400.00', 600, '2018-10-22 04:00:00', '2019-03-27 13:05:11'),
(878, 101, 'AR', 6935, 55, '500.00', '0.00', '500.00', 500, '2018-06-18 04:00:00', '2019-03-27 13:07:12'),
(879, 101, 'AR', 7214, 55, '500.00', '0.00', '500.00', 1000, '2018-10-13 04:00:00', '2019-03-27 13:07:38'),
(883, 145, 'AR', 7472, 46, '1350.00', '0.00', '1350.00', 2750, '2019-03-20 04:00:00', '2019-03-27 13:56:28'),
(884, 145, 'AR', 7472, 64, '1700.00', '0.00', '1700.00', 8000, '2019-03-20 04:00:00', '2019-03-27 13:58:06'),
(886, 241, 'AR', 7474, 46, '2500.00', '0.00', '2500.00', 2500, '2019-03-20 04:00:00', '2019-03-28 08:12:05'),
(887, 241, 'AR', 7465, 46, '1500.00', '0.00', '1500.00', 4000, '2019-03-19 04:00:00', '2019-03-28 08:13:03'),
(890, 143, 'AR', 7490, 46, '1200.00', '0.00', '1200.00', 5000, '2019-03-29 04:00:00', '2019-03-29 07:09:36'),
(891, 117, 'AR', 7491, 45, '3000.00', '0.00', '3000.00', 5700, '2019-03-29 04:00:00', '2019-03-29 07:11:05'),
(892, 224, 'AR', 7492, 46, '2000.00', '0.00', '2000.00', 2000, '2019-03-29 04:00:00', '2019-03-29 07:23:55'),
(893, 113, 'AR', 7493, 46, '2000.00', '0.00', '2000.00', 2000, '2019-03-29 04:00:00', '2019-03-29 07:24:44'),
(900, 112, 'AR', 7494, 46, '2500.00', '0.00', '2500.00', 3500, '2019-03-30 04:00:00', '2019-04-01 09:56:45'),
(901, 106, 'AR', 7495, 46, '3500.00', '0.00', '3500.00', 3500, '2019-03-30 04:00:00', '2019-04-01 09:57:54'),
(904, 139, 'AR', 7496, 45, '1900.00', '0.00', '1900.00', 8000, '2019-04-03 04:00:00', '2019-04-03 07:25:09'),
(905, 224, 'AR', 7497, 56, '2000.00', '0.00', '2000.00', 2000, '2019-04-03 04:00:00', '2019-04-03 07:27:12'),
(906, 171, 'AR', 7498, 64, '2600.00', '0.00', '2600.00', 8000, '2019-04-03 04:00:00', '2019-04-03 07:28:15'),
(907, 157, 'AR', 7499, 64, '500.00', '0.00', '500.00', 8400, '2019-04-03 04:00:00', '2019-04-15 11:26:13'),
(912, 111, 'AR', 7500, 46, '2000.00', '0.00', '2000.00', 2000, '2019-04-05 04:00:00', '2019-04-10 06:27:03'),
(913, 251, 'AR', 7481, 46, '900.00', '0.00', '900.00', 5500, '2019-03-22 04:00:00', '2019-04-11 09:15:27'),
(914, 149, 'AR', 7289, 46, '500.00', '0.00', '500.00', 5500, '2018-11-14 05:00:00', '2019-04-15 09:58:21'),
(917, 232, 'AR', 7485, 63, '500.00', '0.00', '500.00', 2000, '2018-03-27 04:00:00', '2019-04-15 10:50:13'),
(918, 232, 'AR', 7485, 64, '1000.00', '0.00', '1000.00', 8000, '2018-03-27 04:00:00', '2019-04-15 10:52:52'),
(921, 225, 'AR', 7438, 46, '2000.00', '0.00', '2000.00', 2750, '2019-03-15 04:00:00', '2019-04-15 12:31:43'),
(922, 233, 'AR', 7397, 64, '1600.00', '0.00', '1600.00', 6700, '2019-01-31 05:00:00', '2019-04-22 05:50:20'),
(923, 233, 'AR', 7308, 64, '1600.00', '0.00', '1600.00', 6700, '2018-11-28 05:00:00', '2019-04-22 05:50:35'),
(924, 233, 'AR', 7466, 64, '3500.00', '0.00', '3500.00', 6700, '2019-03-19 04:00:00', '2019-04-22 05:50:46'),
(925, 252, 'AR', 7501, 66, '2500.00', '0.00', '2500.00', 2500, '2019-04-23 04:00:00', '2019-04-30 09:28:10'),
(926, 253, 'AR', 7502, 66, '2500.00', '0.00', '2500.00', 2500, '2019-04-25 04:00:00', '2019-04-30 09:28:57'),
(927, 214, 'AR', 7503, 46, '2750.00', '0.00', '2750.00', 5500, '2019-05-06 04:00:00', '2019-05-06 09:02:59'),
(928, 111, 'AR', 7504, 46, '3500.00', '0.00', '3500.00', 5500, '2019-05-06 04:00:00', '2019-05-06 09:04:41');

-- --------------------------------------------------------

--
-- Table structure for table `policies`
--

CREATE TABLE `policies` (
  `id` int(10) UNSIGNED NOT NULL,
  `name` text COLLATE utf8mb4_unicode_ci NOT NULL,
  `created_at` timestamp NULL DEFAULT NULL,
  `updated_at` timestamp NULL DEFAULT NULL
) ENGINE=InnoDB DEFAULT CHARSET=utf8mb4 COLLATE=utf8mb4_unicode_ci;

--
-- Dumping data for table `policies`
--

INSERT INTO `policies` (`id`, `name`, `created_at`, `updated_at`) VALUES
(1, 'I understand that I\'m temporarily enrolled at Intellisense Institute of Technology and I am aware that I will only be officially enrolled once the following school requirements have been completed and submitted.', '2018-06-04 12:23:21', '2018-06-04 12:23:21'),
(2, 'I understand that all fees are NON-REFUNDABLE UPON ENROLLMENT. I have read/understand this policy and I certify all entries are true and correct.', '2018-06-04 12:23:21', '2018-06-04 12:23:21');

-- --------------------------------------------------------

--
-- Table structure for table `provinces`
--

CREATE TABLE `provinces` (
  `id` int(11) UNSIGNED NOT NULL,
  `name` varchar(300) CHARACTER SET utf8 COLLATE utf8_unicode_ci NOT NULL
) ENGINE=InnoDB DEFAULT CHARSET=latin1;

--
-- Dumping data for table `provinces`
--

INSERT INTO `provinces` (`id`, `name`) VALUES
(1, 'Abra'),
(2, 'Agusan del Norte'),
(3, 'Agusan del Sur'),
(4, 'Aklan'),
(5, 'Albay'),
(6, 'Antique'),
(7, 'Apayao'),
(8, 'Aurora'),
(9, 'Basilan'),
(10, 'Bataan'),
(11, 'Batanes'),
(12, 'Batangas'),
(13, 'Benguet'),
(14, 'Biliran'),
(15, 'Bohol'),
(16, 'Bukidnon'),
(17, 'Bulacan'),
(18, 'Cagayan'),
(19, 'Camarines Norte'),
(20, 'Camarines Sur'),
(21, 'Camiguin'),
(22, 'Capiz'),
(23, 'Catanduanes'),
(24, 'Cavite'),
(25, 'Cebu'),
(26, 'Compostela Valley'),
(27, 'Cotabato'),
(28, 'Davao del Norte'),
(29, 'Davao del Sur'),
(30, 'Davao Oriental'),
(31, 'Eastern Samar'),
(32, 'Guimaras'),
(33, 'Ifugao'),
(34, 'Ilocos Norte'),
(35, 'Ilocos Sur'),
(36, 'Iloilo'),
(37, 'Isabela'),
(38, 'Kalinga'),
(39, 'La Union'),
(40, 'Laguna'),
(41, 'Lanao del Norte'),
(42, 'Lanao del Sur'),
(43, 'Leyte'),
(44, 'Maguindanao'),
(45, 'Marinduque'),
(46, 'Masbate'),
(47, 'Metro Manila'),
(48, 'Misamis Occidental'),
(49, 'Misamis Oriental'),
(50, 'Mountain Province'),
(51, 'Negros Occidental'),
(52, 'Negros Oriental'),
(53, 'Northern Samar'),
(54, 'Nueva Ecija'),
(55, 'Nueva Vizcaya'),
(56, 'Occidental Mindoro'),
(57, 'Oriental Mindoro'),
(58, 'Palawan'),
(59, 'Pampanga'),
(60, 'Pangasinan'),
(61, 'Quezon'),
(62, 'Quirino'),
(63, 'Rizal'),
(64, 'Romblon'),
(65, 'Samar'),
(66, 'Sarangani'),
(67, 'Siquijor'),
(68, 'Sorsogon'),
(69, 'South Cotabato'),
(70, 'Southern Leyte'),
(71, 'Sultan Kudarat'),
(72, 'Sulu'),
(73, 'Surigao del Norte'),
(74, 'Surigao del Sur'),
(75, 'Tarlac'),
(76, 'Tawi-Tawi'),
(77, 'Zambales'),
(78, 'Zamboanga del Norte'),
(79, 'Zamboanga del Sur'),
(80, 'Zamboanga Sibugay');

-- --------------------------------------------------------

--
-- Table structure for table `questions`
--

CREATE TABLE `questions` (
  `id` int(10) UNSIGNED NOT NULL,
  `name` varchar(191) COLLATE utf8mb4_unicode_ci NOT NULL,
  `created_at` timestamp NULL DEFAULT NULL,
  `updated_at` timestamp NULL DEFAULT NULL
) ENGINE=InnoDB DEFAULT CHARSET=utf8mb4 COLLATE=utf8mb4_unicode_ci;

--
-- Dumping data for table `questions`
--

INSERT INTO `questions` (`id`, `name`, `created_at`, `updated_at`) VALUES
(1, 'My parents are:', '2018-06-04 12:23:25', '2018-06-04 12:23:25'),
(2, 'Who are you living with:', '2018-06-04 12:23:25', '2018-06-04 12:23:25'),
(3, 'Where will you live during school days:', '2018-06-04 12:23:26', '2018-06-04 12:23:26');

-- --------------------------------------------------------

--
-- Table structure for table `requirements`
--

CREATE TABLE `requirements` (
  `id` int(10) UNSIGNED NOT NULL,
  `name` text COLLATE utf8mb4_unicode_ci NOT NULL,
  `created_at` timestamp NULL DEFAULT NULL,
  `updated_at` timestamp NULL DEFAULT NULL
) ENGINE=InnoDB DEFAULT CHARSET=utf8mb4 COLLATE=utf8mb4_unicode_ci;

--
-- Dumping data for table `requirements`
--

INSERT INTO `requirements` (`id`, `name`, `created_at`, `updated_at`) VALUES
(1, 'Highschool Graduate', '2018-06-04 12:23:20', '2018-06-04 12:23:20'),
(2, 'For ALS', '2018-06-04 12:23:21', '2018-06-04 12:23:21'),
(3, 'For College (Level/Degree)', '2018-06-04 12:23:21', '2018-06-04 12:23:21'),
(4, 'Additional Requirements', '2018-06-04 12:23:21', '2018-06-04 12:23:21');

-- --------------------------------------------------------

--
-- Table structure for table `requirements_doc`
--

CREATE TABLE `requirements_doc` (
  `id` int(10) UNSIGNED NOT NULL,
  `name` text COLLATE utf8mb4_unicode_ci NOT NULL,
  `requirement_id` int(10) UNSIGNED DEFAULT NULL,
  `created_at` timestamp NULL DEFAULT NULL,
  `updated_at` timestamp NULL DEFAULT NULL
) ENGINE=InnoDB DEFAULT CHARSET=utf8mb4 COLLATE=utf8mb4_unicode_ci;

--
-- Dumping data for table `requirements_doc`
--

INSERT INTO `requirements_doc` (`id`, `name`, `requirement_id`, `created_at`, `updated_at`) VALUES
(1, 'Report card (original)', 1, '2018-06-04 12:23:20', '2018-06-04 12:23:20'),
(2, 'Good moral', 1, '2018-06-04 12:23:20', '2018-06-04 12:23:20'),
(3, 'Form 137 (school to school)', 1, '2018-06-04 12:23:20', '2018-06-04 12:23:20'),
(4, 'ALS Certification', 2, '2018-06-04 12:23:21', '2018-06-04 12:23:21'),
(5, 'Honorable Dismissal', 3, '2018-06-04 12:23:21', '2018-06-04 12:23:21'),
(6, 'TOR', 3, '2018-06-04 12:23:21', '2018-06-04 12:23:21'),
(7, 'Good Moral', 3, '2018-06-04 12:23:21', '2018-06-04 12:23:21'),
(8, 'NSO Birth Certificate (original)', 4, '2018-06-04 12:23:21', '2018-06-04 12:23:21'),
(9, '2x2 colored picture white background (2 pcs)', 4, '2018-06-04 12:23:21', '2018-06-04 12:23:21'),
(10, 'long brown envelope with plastic', 4, '2018-06-04 12:23:21', '2018-06-04 12:23:21');

-- --------------------------------------------------------

--
-- Table structure for table `roles`
--

CREATE TABLE `roles` (
  `id` int(10) UNSIGNED NOT NULL,
  `name` varchar(191) COLLATE utf8mb4_unicode_ci NOT NULL,
  `desc` varchar(191) COLLATE utf8mb4_unicode_ci NOT NULL,
  `created_at` timestamp NULL DEFAULT NULL,
  `updated_at` timestamp NULL DEFAULT NULL
) ENGINE=InnoDB DEFAULT CHARSET=utf8mb4 COLLATE=utf8mb4_unicode_ci;

--
-- Dumping data for table `roles`
--

INSERT INTO `roles` (`id`, `name`, `desc`, `created_at`, `updated_at`) VALUES
(1, 'admin', 'admin desc', '2018-06-04 12:23:18', '2018-06-04 12:23:18'),
(2, 'registrar', 'registrar desc', '2018-06-04 12:23:18', '2018-06-04 12:23:18'),
(3, 'student', 'student desc', '2018-06-04 12:23:18', '2018-06-04 12:23:18');

-- --------------------------------------------------------

--
-- Table structure for table `role_user`
--

CREATE TABLE `role_user` (
  `id` int(10) UNSIGNED NOT NULL,
  `user_id` int(10) UNSIGNED DEFAULT NULL,
  `role_id` int(10) UNSIGNED DEFAULT NULL,
  `created_at` timestamp NULL DEFAULT NULL,
  `updated_at` timestamp NULL DEFAULT NULL
) ENGINE=InnoDB DEFAULT CHARSET=utf8mb4 COLLATE=utf8mb4_unicode_ci;

--
-- Dumping data for table `role_user`
--

INSERT INTO `role_user` (`id`, `user_id`, `role_id`, `created_at`, `updated_at`) VALUES
(1, 1, 1, NULL, NULL),
(2, 2, 2, NULL, NULL),
(3, 1, 2, NULL, NULL);

-- --------------------------------------------------------

--
-- Table structure for table `schedules`
--

CREATE TABLE `schedules` (
  `id` int(10) UNSIGNED NOT NULL,
  `name` varchar(191) COLLATE utf8mb4_unicode_ci NOT NULL,
  `start` time NOT NULL,
  `end` time NOT NULL,
  `created_at` timestamp NULL DEFAULT NULL,
  `updated_at` timestamp NULL DEFAULT NULL
) ENGINE=InnoDB DEFAULT CHARSET=utf8mb4 COLLATE=utf8mb4_unicode_ci;

--
-- Dumping data for table `schedules`
--

INSERT INTO `schedules` (`id`, `name`, `start`, `end`, `created_at`, `updated_at`) VALUES
(1, '8:00AM - 12:00PM', '08:00:00', '12:00:00', '2018-06-04 12:23:23', '2018-06-04 12:23:23'),
(2, '12:00NN - 5:00PM', '13:00:00', '17:00:00', '2018-06-04 12:23:23', '2018-06-04 12:23:23'),
(3, '5:00PM - 9:00PM', '17:00:00', '21:00:00', '2018-06-04 12:23:23', '2018-06-04 12:23:23');

-- --------------------------------------------------------

--
-- Table structure for table `school_years`
--

CREATE TABLE `school_years` (
  `id` int(10) UNSIGNED NOT NULL,
  `sy` varchar(191) COLLATE utf8mb4_unicode_ci NOT NULL,
  `created_at` timestamp NULL DEFAULT NULL,
  `updated_at` timestamp NULL DEFAULT NULL
) ENGINE=InnoDB DEFAULT CHARSET=utf8mb4 COLLATE=utf8mb4_unicode_ci;

--
-- Dumping data for table `school_years`
--

INSERT INTO `school_years` (`id`, `sy`, `created_at`, `updated_at`) VALUES
(1, '2018-2019', '2018-06-04 12:23:23', '2018-06-04 12:23:23'),
(2, '2019-2020', '2018-06-04 12:23:23', '2018-06-04 12:23:23');

-- --------------------------------------------------------

--
-- Table structure for table `semesters`
--

CREATE TABLE `semesters` (
  `id` int(10) UNSIGNED NOT NULL,
  `name` varchar(191) COLLATE utf8mb4_unicode_ci NOT NULL,
  `created_at` timestamp NULL DEFAULT NULL,
  `updated_at` timestamp NULL DEFAULT NULL
) ENGINE=InnoDB DEFAULT CHARSET=utf8mb4 COLLATE=utf8mb4_unicode_ci;

--
-- Dumping data for table `semesters`
--

INSERT INTO `semesters` (`id`, `name`, `created_at`, `updated_at`) VALUES
(1, '1st sem', '2018-06-04 12:23:23', '2018-06-04 12:23:23'),
(2, '2nd sem', '2018-06-04 12:23:23', '2018-06-04 12:23:23');

-- --------------------------------------------------------

--
-- Table structure for table `siblings`
--

CREATE TABLE `siblings` (
  `id` int(10) UNSIGNED NOT NULL,
  `name` varchar(191) COLLATE utf8mb4_unicode_ci NOT NULL,
  `age` varchar(191) COLLATE utf8mb4_unicode_ci NOT NULL,
  `occupation` varchar(191) COLLATE utf8mb4_unicode_ci NOT NULL,
  `school_name` varchar(191) COLLATE utf8mb4_unicode_ci NOT NULL,
  `created_at` timestamp NULL DEFAULT NULL,
  `updated_at` timestamp NULL DEFAULT NULL
) ENGINE=InnoDB DEFAULT CHARSET=utf8mb4 COLLATE=utf8mb4_unicode_ci;

--
-- Dumping data for table `siblings`
--

INSERT INTO `siblings` (`id`, `name`, `age`, `occupation`, `school_name`, `created_at`, `updated_at`) VALUES
(1, 'asdf', '34', 'sadf', 'sadf', '2018-06-04 12:37:25', '2018-06-04 12:37:25'),
(2, 'fsad', '34', 'sadf', 'sadf', '2018-06-04 12:37:25', '2018-06-04 12:37:25'),
(3, 'asdf', '34', 'sadf', 'sadf', '2018-06-04 12:38:02', '2018-06-04 12:38:02'),
(4, 'fsad', '34', 'sadf', 'sadf', '2018-06-04 12:38:02', '2018-06-04 12:38:02'),
(5, 'asdf', '34', 'sadf', 'sadf', '2018-06-04 12:38:14', '2018-06-04 12:38:14'),
(6, 'fsad', '34', 'sadf', 'sadf', '2018-06-04 12:38:14', '2018-06-04 12:38:14'),
(7, 'asdf', '34', 'sadf', 'sadf', '2018-06-04 12:38:26', '2018-06-04 12:38:26'),
(8, 'fsad', '34', 'sadf', 'sadf', '2018-06-04 12:38:26', '2018-06-04 12:38:26'),
(9, 'asdf', '34', 'sadf', 'sadf', '2018-06-04 12:38:42', '2018-06-04 12:38:42'),
(10, 'fsad', '34', 'sadf', 'sadf', '2018-06-04 12:38:42', '2018-06-04 12:38:42'),
(11, 'asdf', '34', 'sadf', 'sadf', '2018-06-04 12:38:53', '2018-06-04 12:38:53'),
(12, 'fsad', '34', 'sadf', 'sadf', '2018-06-04 12:38:53', '2018-06-04 12:38:53'),
(13, 'asdf', '34', 'sadf', 'sadf', '2018-06-04 12:39:11', '2018-06-04 12:39:11'),
(14, 'fsad', '34', 'sadf', 'sadf', '2018-06-04 12:39:11', '2018-06-04 12:39:11'),
(15, 'asdf', '34', 'sadf', 'sadf', '2018-06-04 12:39:17', '2018-06-04 12:39:17'),
(16, 'fsad', '34', 'sadf', 'sadf', '2018-06-04 12:39:17', '2018-06-04 12:39:17'),
(17, 'asdf', '34', 'sadf', 'sadf', '2018-06-04 12:39:20', '2018-06-04 12:39:20'),
(18, 'fsad', '34', 'sadf', 'sadf', '2018-06-04 12:39:20', '2018-06-04 12:39:20'),
(19, 'asdf', '34', 'sadf', 'sadf', '2018-06-04 12:39:23', '2018-06-04 12:39:23'),
(20, 'fsad', '34', 'sadf', 'sadf', '2018-06-04 12:39:23', '2018-06-04 12:39:23'),
(21, 'asdf', '34', 'sadf', 'sadf', '2018-06-04 13:00:24', '2018-06-04 13:00:24'),
(22, 'fsad', '34', 'sadf', 'sadf', '2018-06-04 13:00:24', '2018-06-04 13:00:24'),
(23, 'asdf', '34', 'sadf', 'sadf', '2018-06-04 13:12:54', '2018-06-04 13:12:54'),
(24, 'fsad', '34', 'sadf', 'sadf', '2018-06-04 13:12:55', '2018-06-04 13:12:55'),
(25, 'asdf', '34', 'sadf', 'sadf', '2018-06-04 13:25:58', '2018-06-04 13:25:58'),
(26, 'fsad', '34', 'sadf', 'sadf', '2018-06-04 13:25:59', '2018-06-04 13:25:59'),
(27, 'asdf', '34', 'sadf', 'sadf', '2018-06-04 13:31:57', '2018-06-04 13:31:57'),
(28, 'fsad', '34', 'sadf', 'sadf', '2018-06-04 13:31:58', '2018-06-04 13:31:58'),
(29, 'asdf', '34', 'sadf', 'sadf', '2018-06-04 13:32:20', '2018-06-04 13:32:20'),
(30, 'fsad', '34', 'sadf', 'sadf', '2018-06-04 13:32:20', '2018-06-04 13:32:20'),
(31, 'asdf', '34', 'sadf', 'sadf', '2018-06-04 13:32:47', '2018-06-04 13:32:47'),
(32, 'fsad', '34', 'sadf', 'sadf', '2018-06-04 13:32:47', '2018-06-04 13:32:47');

-- --------------------------------------------------------

--
-- Table structure for table `student_type`
--

CREATE TABLE `student_type` (
  `id` int(10) UNSIGNED NOT NULL,
  `name` varchar(191) COLLATE utf8mb4_unicode_ci NOT NULL,
  `created_at` timestamp NULL DEFAULT NULL,
  `updated_at` timestamp NULL DEFAULT NULL
) ENGINE=InnoDB DEFAULT CHARSET=utf8mb4 COLLATE=utf8mb4_unicode_ci;

--
-- Dumping data for table `student_type`
--

INSERT INTO `student_type` (`id`, `name`, `created_at`, `updated_at`) VALUES
(1, 'FRESHMEN', '2018-06-04 12:23:18', '2018-06-04 12:23:18'),
(2, 'TRANSFEREE', '2018-06-04 12:23:18', '2018-06-04 12:23:18'),
(3, 'COLLEGE HOLDER', '2018-06-04 12:23:18', '2018-06-04 12:23:18');

-- --------------------------------------------------------

--
-- Table structure for table `trainingpayments`
--

CREATE TABLE `trainingpayments` (
  `id` int(10) UNSIGNED NOT NULL,
  `prefix` varchar(191) COLLATE utf8mb4_unicode_ci DEFAULT NULL,
  `receipt_no` int(11) NOT NULL DEFAULT '0',
  `firstname` varchar(191) COLLATE utf8mb4_unicode_ci NOT NULL,
  `lastname` varchar(191) COLLATE utf8mb4_unicode_ci NOT NULL,
  `paid_amount` decimal(8,2) NOT NULL DEFAULT '0.00',
  `received_amount` decimal(8,2) NOT NULL DEFAULT '0.00',
  `change` decimal(8,2) NOT NULL DEFAULT '0.00',
  `remarks` varchar(191) COLLATE utf8mb4_unicode_ci DEFAULT NULL,
  `created_at` timestamp NULL DEFAULT NULL,
  `updated_at` timestamp NULL DEFAULT NULL
) ENGINE=InnoDB DEFAULT CHARSET=utf8mb4 COLLATE=utf8mb4_unicode_ci;

--
-- Dumping data for table `trainingpayments`
--

INSERT INTO `trainingpayments` (`id`, `prefix`, `receipt_no`, `firstname`, `lastname`, `paid_amount`, `received_amount`, `change`, `remarks`, `created_at`, `updated_at`) VALUES
(7, 'R', 109, 'MARICAR', 'GERVACIO', '1500.00', '1500.00', '0.00', 'FAST TRACK CCS NCII', '2018-06-22 04:00:00', '2019-04-25 07:10:35'),
(8, 'R', 110, 'TRIXIE MAYETTE', 'LAO', '1500.00', '1500.00', '0.00', 'FAST TRACK CCS NCII', '2018-06-22 04:00:00', '2019-04-25 07:10:15'),
(9, 'R', 111, 'MICHELLE', 'CANEZO', '1500.00', '1500.00', '0.00', 'FAST TRACK CCS NCII', '2018-06-22 04:00:00', '2019-04-25 07:09:58'),
(10, 'R', 112, 'CHERRYL', 'MARIBLANCA', '1500.00', '1500.00', '0.00', 'FAST TRACK CCSNCII', '2018-06-22 04:00:00', '2019-04-25 07:09:40'),
(11, 'R', 113, 'JERRA', 'PURACAN', '1500.00', '1500.00', '0.00', 'FAST TRACK CCS NCII', '2018-06-22 04:00:00', '2019-04-25 07:09:08'),
(12, 'R', 41, 'ROSEMARIE', 'ALENTON', '600.00', '600.00', '0.00', '3 PERSON PAYMENT FOR TOUR (TWSP MAY 7 TO \nJUNE 1, 2018)', '2018-06-01 04:00:00', '2018-07-09 10:09:26'),
(13, 'R', 42, 'GINA', 'LIGARAY', '200.00', '200.00', '0.00', 'TOUR', '2018-06-01 04:00:00', '2019-04-25 07:37:42'),
(14, 'R', 43, 'ELAIZA', 'RONDINA', '200.00', '200.00', '0.00', 'TOUR', '2018-06-01 04:00:00', '2019-04-25 07:37:29'),
(15, 'R', 44, 'JULIET', 'TANEO', '200.00', '200.00', '0.00', 'TOUR', '2018-06-01 04:00:00', '2019-04-25 07:37:14'),
(16, 'R', 45, 'RHEA', 'MALANG', '200.00', '200.00', '0.00', 'TOUR', '2018-06-22 04:00:00', '2019-04-25 07:35:21'),
(17, 'R', 46, 'CATHY', 'GENSON', '200.00', '200.00', '0.00', 'TOUR', '2018-06-01 04:00:00', '2019-04-25 07:35:02'),
(18, 'R', 47, 'RANEL', 'LIMBANGAN', '200.00', '200.00', '0.00', 'TOUR', '2018-06-01 04:00:00', '2019-04-25 07:34:48'),
(19, 'R', 48, 'FLORAINE', 'TALISIC', '200.00', '200.00', '0.00', 'TOUR', '2018-06-01 04:00:00', '2019-04-25 07:33:55'),
(20, 'R', 49, 'CHERRY MAE', 'GEDORIO', '200.00', '200.00', '0.00', 'TOUR', '2018-06-01 04:00:00', '2019-04-25 07:34:31'),
(21, 'R', 50, 'MICHELLE', 'VILLABAN', '200.00', '200.00', '0.00', 'TOUR', '2018-06-01 04:00:00', '2019-04-25 07:34:16'),
(22, 'R', 98, 'JERRA', 'PURACAN', '1500.00', '1500.00', '0.00', 'FAST TRACK CCS NCII', '2018-06-08 04:00:00', '2019-04-25 07:32:39'),
(23, 'R', 99, 'CHERRYL', 'MARIBLANCA', '1500.00', '1500.00', '0.00', 'FAST TRACK CCS NCII', '2018-06-08 04:00:00', '2019-04-25 07:32:20'),
(24, 'R', 100, 'TRIXIE MAYETTE', 'LAO', '1500.00', '1500.00', '0.00', 'FAST TRACK CCSNCII', '2018-06-08 04:00:00', '2019-04-25 07:31:56'),
(25, 'R', 101, 'MICHELLE', 'CANEZO', '1500.00', '1500.00', '0.00', 'FAST TRACK CCC NCII', '2018-06-08 04:00:00', '2019-04-25 07:31:35'),
(26, 'R', 104, 'MARICAR', 'GERVACIO', '1500.00', '1500.00', '0.00', 'FAST TRACK CCS NCII', '2018-06-21 04:00:00', '2019-04-25 07:31:02'),
(29, 'RN', 2, 'ARIAN', 'REMULTA', '680.00', '680.00', '0.00', 'ACQUIANTANCE', '2018-08-24 04:00:00', '2019-04-25 07:20:38'),
(30, 'RN', 1, 'JAY ANN', 'BATUCAN', '680.00', '680.00', '0.00', 'ACQUIANTANCE', '2018-08-23 04:00:00', '2019-04-25 07:20:51'),
(31, 'RN', 11, 'ATIMANA', 'LOREN', '500.00', '500.00', '0.00', 'ACQUAINTANCE PARTY 2018', '2018-09-10 04:00:00', '2018-09-21 07:25:17'),
(32, 'RN', 12, 'Jhon Morris', 'Marabello', '680.00', '680.00', '0.00', 'Acquiantance party', '2018-09-15 04:00:00', '2018-09-21 07:25:53'),
(34, 'RN', 13, 'Richelle', 'Miro', '680.00', '680.00', '0.00', 'Acquiantance party&tshirt intrams', '2018-09-15 04:00:00', '2018-09-21 07:26:06'),
(35, 'RN', 14, 'Regina', 'Alarba', '680.00', '680.00', '0.00', 'Acquiantance party&tshirt intrams', '2018-09-15 04:00:00', '2019-04-25 07:21:53'),
(36, 'RN', 15, 'Fhlor de May', 'Aum', '500.00', '500.00', '0.00', 'Acquiantance party', '2018-09-15 04:00:00', '2018-09-21 07:29:20'),
(37, 'RN', 16, 'Mariadeth', 'Sanchez', '180.00', '180.00', '0.00', 'Acquiantance party & Intrams T-shirt', '2018-09-15 04:00:00', '2018-09-25 11:32:26'),
(38, 'RN', 17, 'Almer', 'Mondejar', '680.00', '680.00', '0.00', 'Acquiantance party & Intrams T-shirt', '2018-09-15 04:00:00', '2018-09-21 07:30:57'),
(39, 'RN', 18, 'Liezel Mae', 'Arnoza', '680.00', '680.00', '0.00', 'Aquaintance', '2018-09-15 04:00:00', '2018-09-21 07:31:21'),
(40, 'RN', 22, 'Cherwin', 'Sanceda', '680.00', '680.00', '0.00', 'acquaintance and intrams tshirt', '2018-09-21 04:00:00', '2018-09-24 07:46:47'),
(41, 'RN', 23, 'bryan', 'tunacao', '680.00', '680.00', '0.00', 'acquaintance and intrams tshirt', '2018-09-21 04:00:00', '2018-09-21 07:32:53'),
(42, 'RN', 19, 'Roselyn', 'Evangelio', '180.00', '180.00', '0.00', 'acquaintance & intrams tshirt', '2018-09-15 04:00:00', '2018-09-21 07:31:40'),
(43, 'RN', 20, 'Cris velt', 'Pide', '500.00', '500.00', '0.00', 'acquaintance', '2018-09-15 04:00:00', '2018-09-21 07:31:57'),
(44, 'RN', 21, 'Jonesa', 'Algabre', '500.00', '500.00', '0.00', 'acquaintance', '2018-09-15 04:00:00', '2018-09-21 07:32:24'),
(45, 'RN', 24, 'Jhan-Jhan', 'Noynay', '200.00', '200.00', '0.00', 'acquaintance', '2018-09-15 04:00:00', '2018-09-21 07:33:11'),
(46, 'RN', 9, 'Maria Fe', 'Mabatid', '680.00', '700.00', '20.00', 'ACQUAINTANCE', '2018-09-17 04:00:00', '2019-04-25 07:21:26'),
(47, 'RN', 10, 'Shara Mae', 'Lape', '680.00', '700.00', '20.00', 'ACQUAINTANCE', '2018-09-17 04:00:00', '2019-04-25 07:21:19'),
(48, 'RN', 4, 'Frank Niela', 'Manatad', '680.00', '680.00', '0.00', 'Acquiantance party&tshirt intrams', '2018-09-17 04:00:00', '2019-04-25 07:22:22'),
(49, 'RN', 5, 'Jia Blair', 'Sagayno', '680.00', '700.00', '20.00', 'Acquiantance party&tshirt intrams', '2018-09-17 04:00:00', '2019-04-25 07:22:16'),
(50, 'RN', 7, 'Michelle', 'Pogoy', '180.00', '500.00', '320.00', 'Acquiantance party&tshirt intrams', '2018-09-17 04:00:00', '2019-04-25 07:21:59'),
(51, 'RN', 3, 'Melanie', 'Estillore', '680.00', '1000.00', '320.00', 'ACQUIANTANCE', '2018-09-17 04:00:00', '2019-04-25 07:20:25'),
(52, 'RN', 8, 'Reglen', 'Pedroza', '90.00', '100.00', '10.00', 'ACQUAINTANCE', '2018-09-17 04:00:00', '2019-04-25 07:21:36'),
(53, 'RN', 6, 'Kevin', 'uNABIA', '500.00', '500.00', '0.00', 'Acquiantance', '2018-09-17 04:00:00', '2019-04-25 07:22:09'),
(54, 'RN', 39, 'Jenneth', 'Quiles', '680.00', '700.00', '20.00', 'Acquiantance party&tshirt intrams', '2018-09-17 04:00:00', '2019-04-25 07:38:14'),
(55, 'RN', 40, 'Jessmar', 'Bontilao', '680.00', '680.00', '0.00', 'Acquiantance party&tshirt intrams', '2018-09-17 04:00:00', '2019-04-25 07:38:07'),
(56, 'RN', 41, 'Ipana Marie', 'Pairez', '180.00', '190.00', '10.00', 'tshirt intrams', '2018-09-17 04:00:00', '2019-04-25 07:38:00'),
(57, 'RN', 42, 'Cristy Jade', 'Tubos', '90.00', '500.00', '410.00', 'Acquiantance party&tshirt intrams', '2018-09-17 04:00:00', '2019-04-25 07:37:47'),
(58, 'RN', 43, 'Cristy Mae', 'Montecalvo', '90.00', '100.00', '10.00', 'Acquiantance party&tshirt intrams', '2018-09-17 04:00:00', '2019-04-25 07:37:35'),
(59, 'RN', 44, 'Jonessa', 'Algabre', '180.00', '200.00', '20.00', 'tshirt intrams', '2018-09-17 04:00:00', '2019-04-25 07:37:22'),
(60, 'RN', 45, 'Cresvelt', 'Pide', '180.00', '200.00', '20.00', 'TSHIRT INTRAMS', '2018-09-17 04:00:00', '2019-04-25 07:35:30'),
(61, 'RN', 46, 'Kevin', 'Unabia', '180.00', '200.00', '20.00', 'TSHIRT INTRAMS', '2018-09-17 04:00:00', '2019-04-25 07:35:11'),
(62, 'RN', 47, 'Joanne', 'Estanero', '500.00', '500.00', '0.00', 'Acquiantance party', '2018-09-17 04:00:00', '2019-04-25 07:34:56'),
(63, 'RN', 48, 'Luz', 'Valmoria', '680.00', '700.00', '20.00', 'Acquiantance party&tshirt intrams', '2018-09-17 04:00:00', '2019-04-25 07:34:42'),
(65, 'RN', 25, 'Kervie', 'Tudtud', '590.00', '600.00', '10.00', 'Acquiantance party&tshirt intrams', '2018-09-18 04:00:00', '2019-04-25 07:29:38'),
(66, 'RN', 26, 'Kyle Christian', 'Mayol', '680.00', '690.00', '10.00', 'Acquiantance party&tshirt intrams', '2018-09-18 04:00:00', '2019-04-25 07:29:28'),
(67, 'RN', 27, 'Jhan-Jhan', 'Nonay', '180.00', '200.00', '20.00', 'INTRAMS TSHIRT', '2018-09-18 04:00:00', '2019-04-25 07:29:22'),
(69, 'RN', 29, 'Mary Grace', 'Malantig', '180.00', '180.00', '0.00', 'TSHIRT INTRAMS', '2018-09-18 04:00:00', '2019-04-25 07:28:58'),
(70, 'RN', 30, 'Janice', 'Yumil', '85.00', '85.00', '0.00', 'Acquiantance party&tshirt intrams', '2018-09-19 04:00:00', '2019-04-25 07:38:48'),
(71, 'RN', 31, 'Rian Rey', 'Barriga', '300.00', '300.00', '0.00', 'Acquiantance party', '2018-09-19 04:00:00', '2019-04-25 07:27:35'),
(72, 'RN', 32, 'Erick', 'Nadela', '680.00', '1000.00', '320.00', 'Acquiantance party&tshirt intrams', '2018-09-19 04:00:00', '2019-04-25 07:22:51'),
(73, 'RN', 33, 'Ipana Marie', 'Pairez', '500.00', '500.00', '0.00', 'Acquiantance party', '2018-09-19 04:00:00', '2019-04-25 07:22:42'),
(74, 'RN', 34, 'Nicole May', 'Pairez', '500.00', '500.00', '0.00', 'Acquiantance party&tshirt intrams', '2018-09-19 04:00:00', '2019-04-25 07:38:38'),
(75, 'RN', 35, 'Lanie', 'Morales', '680.00', '700.00', '20.00', 'Acquiantance party&tshirt intrams', '2018-09-19 04:00:00', '2019-04-25 07:38:33'),
(76, 'RN', 36, 'Mary Grace', 'Malantig', '500.00', '500.00', '0.00', 'Acquiantance party&tshirt intrams', '2018-09-19 04:00:00', '2019-04-25 07:38:28'),
(77, 'RN', 37, 'Megan', 'Montecalvo', '680.00', '1000.00', '320.00', 'Acquiantance party&tshirt intrams', '2018-09-19 04:00:00', '2019-04-25 07:38:24'),
(78, 'RN', 38, 'Jessa Mae', 'Pederico', '400.00', '400.00', '0.00', 'Acquiantance party&tshirt intrams', '2018-09-19 04:00:00', '2019-04-25 07:38:20'),
(79, 'RN', 49, 'Aiza', 'Ariola', '680.00', '680.00', '0.00', 'Acquiantance party&tshirt intrams', '2018-09-20 04:00:00', '2019-04-25 07:34:36'),
(80, 'RN', 50, 'Jane', 'Becare', '680.00', '680.00', '0.00', 'Acquiantance party&tshirt intrams', '2018-09-20 04:00:00', '2019-04-25 07:34:21'),
(81, 'RN', 52, 'Janice', 'Yumil', '50.00', '50.00', '0.00', 'INTRAMS', '2018-09-20 04:00:00', '2019-04-25 07:35:38'),
(82, 'RN', 51, 'Walter', 'Regis', '500.00', '1000.00', '500.00', 'Acquiantance party', '2018-09-20 04:00:00', '2019-04-25 07:34:08'),
(83, 'RN', 53, 'MADEL', 'BALANSAG', '680.00', '680.00', '0.00', 'ACQUINTANCE & TSHIRT INTRAMS', '2018-09-20 04:00:00', '2018-09-21 07:44:25'),
(84, 'RN', 54, 'JULIET', 'HOMECILLO', '680.00', '680.00', '0.00', 'ACQUAINTANCE & INTRAMS TSHIRT', '2018-09-20 04:00:00', '2018-09-21 07:44:44'),
(85, 'RN', 55, 'Michelle', 'Pogoy', '500.00', '500.00', '0.00', 'Acquiantance party&tshirt intrams', '2018-09-21 04:00:00', '2019-04-25 07:37:00'),
(86, 'RN', 56, 'Christine', 'MALOLOYON', '680.00', '680.00', '0.00', 'Acquiantance party&tshirt intrams', '2018-09-21 04:00:00', '2019-04-25 07:36:54'),
(87, 'RN', 57, 'Yumil', 'Janice', '45.00', '50.00', '5.00', 'Acquiantance party&tshirt intrams', '2018-09-21 04:00:00', '2019-04-25 07:36:50'),
(90, 'RN', 28, 'JAYU VAL', 'PACILAN', '180.00', '180.00', '0.00', 'INTRAMS TSHIRT', '2018-09-18 04:00:00', '2019-04-25 07:29:10'),
(91, 'RN', 58, 'Roselyn', 'Evangelio', '500.00', '500.00', '0.00', 'Acquiantance party&tshirt intrams', '2018-09-21 04:00:00', '2019-04-25 07:36:46'),
(92, 'RN', 59, 'Loreal Apple', 'Diva', '500.00', '500.00', '0.00', 'Acquiantance party&tshirt intrams', '2018-09-21 04:00:00', '2019-04-25 07:36:40'),
(93, 'RN', 60, 'Maria Dawn', 'Andren', '680.00', '680.00', '0.00', 'Acquiantance party&tshirt intrams', '2018-09-21 04:00:00', '2019-04-25 07:36:35'),
(94, 'RN', 64, 'ROSEMARIE', 'ALSADO', '680.00', '680.00', '0.00', 'Acquiantance party&tshirt intrams', '2018-09-21 04:00:00', '2019-04-25 07:36:08'),
(95, 'RN', 61, 'Reglen', 'Pedroza', '90.00', '1000.00', '910.00', 'Acquiantance party&tshirt intrams', '2018-09-24 04:00:00', '2019-04-25 07:36:30'),
(96, 'RN', 62, 'Kervie', 'Tudtud', '90.00', '100.00', '10.00', 'Acquiantance party&tshirt intrams', '2018-09-24 04:00:00', '2019-04-25 07:36:24'),
(97, 'RN', 63, 'Queny', 'Pepito', '180.00', '430.00', '250.00', 'TSHIRT INTRAMS', '2018-09-24 04:00:00', '2019-04-25 07:36:19'),
(98, 'RN', 65, 'Queny', 'Pepito', '250.00', '250.00', '0.00', 'Acquiantance party&tshirt intrams', '2018-09-24 04:00:00', '2019-04-25 07:36:03'),
(99, 'RN', 66, 'Rian Rey', 'Barriga', '300.00', '300.00', '0.00', 'Acquiantance party&tshirt intrams', '2018-09-24 04:00:00', '2019-04-25 07:35:59'),
(100, 'RN', 67, 'Oliver', 'Brigoli', '600.00', '600.00', '0.00', 'Acquiantance party&tshirt intrams', '2018-09-24 04:00:00', '2019-04-25 07:35:54'),
(101, 'RN', 68, 'Crishia Mae', 'Gumera', '90.00', '90.00', '0.00', 'Acquiantance party&tshirt intrams', '2018-09-24 04:00:00', '2019-04-25 07:35:49'),
(102, 'RN', 69, 'Cristy Mae', 'Montecalvo', '90.00', '90.00', '0.00', 'Acquiantance party&tshirt intrams', '2018-09-24 04:00:00', '2019-04-25 07:43:50'),
(103, 'RN', 70, 'Cristy Mae', 'Tubos', '90.00', '90.00', '0.00', 'Acquiantance party&tshirt intrams', '2018-09-24 04:00:00', '2019-04-25 07:43:44'),
(104, 'RN', 71, 'Nicole Mae', 'Pairez', '180.00', '200.00', '20.00', 'TSHIRT INTRAMS', '2018-09-24 04:00:00', '2019-04-25 07:43:38'),
(106, 'RN', 72, 'Jessa Marie', 'Olasiman', '180.00', '180.00', '0.00', 'TOUR', '2018-09-24 04:00:00', '2019-04-25 07:43:29'),
(107, 'RN', 73, 'Anne', 'Pirino', '500.00', '500.00', '0.00', 'Acquiantance party&tshirt intrams', '2018-09-24 04:00:00', '2019-04-25 07:43:20'),
(108, 'RN', 74, 'Lloyd', 'Nayon', '680.00', '1000.00', '320.00', 'Acquiantance party&tshirt intrams', '2018-09-24 04:00:00', '2019-04-25 07:43:07'),
(109, 'RN', 75, 'Jhan-Jhan', 'Noynay', '200.00', '200.00', '0.00', 'Acquiantance party&tshirt intrams', '2018-09-24 04:00:00', '2019-04-25 07:43:01'),
(110, 'RN', 77, 'Reglen', 'Pedroza', '500.00', '1000.00', '500.00', 'Acquiantance party&tshirt intrams', '2018-09-25 04:00:00', '2019-04-25 07:41:23'),
(111, 'RN', 79, 'Honie', 'Palacio', '680.00', '1000.00', '320.00', 'Acquiantance party&tshirt intrams', '2018-09-25 04:00:00', '2019-04-25 07:41:08'),
(112, 'RN', 76, 'ALVIN JAY', 'ORCALES', '680.00', '680.00', '0.00', 'Acquiantance party&tshirt intrams', '2018-09-25 04:00:00', '2019-04-25 07:41:28'),
(113, 'RN', 78, 'STEPHANIE', 'ANDREN', '180.00', '180.00', '0.00', 'TSHIRT INTRAMS', '2018-09-25 04:00:00', '2019-04-25 07:41:16'),
(114, 'RN', 80, 'Janice', 'Yumil', '500.00', '500.00', '0.00', 'Acquiantance party&tshirt intrams', '2018-09-25 04:00:00', '2019-04-25 07:41:04'),
(115, 'RN', 81, 'JOHN REY', 'ANTONE', '680.00', '680.00', '0.00', 'Acquiantance party&tshirt intrams', '2018-09-25 04:00:00', '2019-04-25 07:40:58'),
(116, 'RN', 82, 'Pamela', 'Nulla', '680.00', '680.00', '0.00', 'Acquiantance party&tshirt intrams', '2018-09-25 04:00:00', '2019-04-25 07:40:54'),
(117, 'RN', 83, 'Fhlor De May', 'Aum', '180.00', '200.00', '20.00', 'TSHIRT INTRAMS', '2018-09-25 04:00:00', '2019-04-25 07:40:49'),
(118, 'RN', 84, 'Rhica', 'Primitiva', '500.00', '500.00', '0.00', 'Acquiantance party&tshirt intrams', '2018-09-25 04:00:00', '2019-04-25 07:40:38'),
(119, 'RN', 85, 'LEOIVAN', 'ELNAS', '680.00', '680.00', '0.00', 'Acquiantance party&tshirt intrams', '2018-09-25 04:00:00', '2019-04-25 07:40:35'),
(120, 'RN', 86, 'Carl', 'Jayme', '180.00', '180.00', '0.00', 'INTRAMS TSHIRT', '2018-09-25 04:00:00', '2019-04-25 07:40:29'),
(121, 'RN', 87, 'Sarah', 'Cuizon', '680.00', '680.00', '0.00', 'Acquiantance party&tshirt intrams', '2018-09-25 04:00:00', '2019-04-25 07:40:22'),
(122, 'RN', 88, 'Anne', 'Pirino', '180.00', '180.00', '0.00', 'TSHIRT INTRAMS', '2018-09-25 04:00:00', '2019-04-25 07:40:17'),
(123, 'RN', 89, 'Joevel', 'Demicillo', '680.00', '680.00', '0.00', 'Acquiantance party&tshirt intrams', '2018-09-25 04:00:00', '2019-04-25 07:40:07'),
(124, 'RN', 90, 'Ralph', 'Vellegas', '180.00', '200.00', '20.00', 'TSHIRT INTRAMS', '2018-09-25 04:00:00', '2019-04-25 07:40:01'),
(125, 'RN', 91, 'Angelou', 'Ban-as', '180.00', '500.00', '320.00', 'tshirt intrams', '2018-09-25 04:00:00', '2019-04-25 07:39:32'),
(126, 'RN', 92, 'Walter', 'Regis', '180.00', '200.00', '20.00', 'tshirt intrams', '2018-09-25 04:00:00', '2019-04-25 07:39:24'),
(127, 'RN', 93, 'Noel', 'Malachico', '180.00', '200.00', '20.00', 'Tshirt intrams', '2018-09-25 04:00:00', '2019-04-25 07:39:15'),
(128, 'RN', 94, 'Roel James', 'Pescalia', '180.00', '500.00', '320.00', 'tshirt intrams', '2018-09-25 04:00:00', '2019-04-25 07:39:07'),
(130, 'RN', 95, 'Chrisai Mae', 'Gumera', '590.00', '600.00', '10.00', 'ACQUIANTANCE', '2018-09-26 04:00:00', '2019-04-25 07:08:37'),
(131, 'RN', 96, 'Rian Rey', 'Barriga', '80.00', '100.00', '20.00', 'TSHIRT INTRAMS', '2018-09-26 04:00:00', '2019-04-25 07:33:18'),
(132, 'RN', 97, 'Reynaldo', 'Bulahan', '180.00', '180.00', '0.00', 'TSHIRT INTRAMS', '2018-09-26 04:00:00', '2019-04-25 07:33:07'),
(133, 'RN', 98, 'Rica', 'Primitiva', '180.00', '200.00', '20.00', 'TSHIRT INTRAMS', '2018-09-26 04:00:00', '2019-04-25 07:32:57'),
(134, 'RN', 99, 'Loreal Apple', 'Diva', '180.00', '200.00', '20.00', 'TSHIRT INTRAMS', '2018-09-26 04:00:00', '2019-04-25 07:32:31'),
(135, 'RN', 100, 'Christian Gregory', 'Gonzaga', '680.00', '700.00', '20.00', 'Acquiantance party&tshirt intrams', '2018-09-26 04:00:00', '2019-04-25 07:32:01'),
(136, 'RN', 101, 'Sanchez', 'Mariadeth', '500.00', '500.00', '0.00', 'Acquiantance party', '2018-09-26 04:00:00', '2019-04-25 07:31:44'),
(137, 'RN', 102, 'Charli', 'Bontilao', '500.00', '500.00', '0.00', 'Acquiantance party', '2018-09-26 04:00:00', '2019-04-25 07:31:23'),
(138, 'RN', 103, 'Queny', 'Pepito', '250.00', '250.00', '0.00', 'ID', '2018-09-26 04:00:00', '2019-04-25 07:31:14'),
(139, 'RN', 104, 'Howard', 'Bardaje', '680.00', '700.00', '20.00', 'Acquiantance party&tshirt intrams', '2018-09-26 04:00:00', '2019-04-25 07:31:07'),
(140, 'RN', 105, 'Roy', 'Pepito', '180.00', '180.00', '0.00', 'TSHIRT INTRAMS', '2018-09-26 04:00:00', '2019-04-25 07:30:48'),
(141, 'RN', 106, 'Joanne', 'Estanero', '180.00', '200.00', '20.00', 'TSHIRT INTRAMS', '2018-09-26 04:00:00', '2019-04-25 07:30:38'),
(142, 'RN', 107, 'Jun Bon Chives', 'Gerolaga', '180.00', '200.00', '20.00', 'TSHIRT INTRAMS', '2018-09-26 04:00:00', '2019-04-25 07:30:17'),
(143, 'RN', 108, 'Loren', 'Atimana', '180.00', '500.00', '320.00', 'TSHIRT INTRAMS', '2018-09-26 04:00:00', '2019-04-25 07:10:52'),
(144, 'RN', 109, 'Carl Joseph', 'Jayme', '500.00', '500.00', '0.00', 'ACQUIANTANCE', '2018-09-26 04:00:00', '2019-04-25 07:10:42'),
(145, 'RN', 110, 'GINREYM', 'TUBA', '180.00', '180.00', '0.00', 'INTRAMS TSHIRT', '2018-09-26 04:00:00', '2019-04-25 07:10:24'),
(146, 'RN', 111, 'NOEL', 'MALACHICO JR', '500.00', '500.00', '0.00', 'ACQUIANTANCE', '2018-09-26 04:00:00', '2019-04-25 07:10:03'),
(147, 'RN', 112, 'RALPH', 'VILLEGAS', '500.00', '500.00', '0.00', 'ACQUIANTANCE', '2018-09-26 04:00:00', '2019-04-25 07:09:46'),
(148, 'RN', 113, 'Angelica', 'Duenas', '680.00', '1000.00', '320.00', 'ACQUIANTANCE', '2018-09-26 04:00:00', '2019-04-25 07:09:15'),
(149, 'RN', 114, 'Joel', 'Abapo', '500.00', '500.00', '0.00', 'ACQUIANTANCE', '2018-09-26 04:00:00', '2019-04-25 07:08:45'),
(150, 'RN', 115, 'Cristy Jade', 'Tubos', '500.00', '500.00', '0.00', 'ACQUIANTANCE', '2018-09-27 04:00:00', '2019-04-25 07:07:23'),
(153, 'RN', 116, 'Cristy Mae', 'Montecalvo', '500.00', '500.00', '0.00', 'ACQUIANTANCE', '2018-09-27 04:00:00', '2019-04-25 07:07:27'),
(154, 'RN', 117, 'Aibe', 'Sagayno', '180.00', '200.00', '20.00', 'INTRAMS TSHIRT', '2018-09-27 04:00:00', '2019-04-25 07:06:51'),
(155, 'RN', 118, 'Archie', 'Reambonanza', '180.00', '180.00', '0.00', 'INTRAMS TSHIRT', '2018-09-27 04:00:00', '2019-04-25 07:07:42'),
(156, 'RN', 119, 'Xavier Niel', 'Calderon', '680.00', '680.00', '0.00', 'ACQUIANTANCE', '2018-09-27 04:00:00', '2019-04-25 07:07:47'),
(157, 'RN', 120, 'Jessa Mae', 'Pederico', '180.00', '180.00', '0.00', 'INTRAMS TSHIRT', '2018-09-27 04:00:00', '2019-04-25 07:07:55'),
(158, 'RN', 121, 'Jhon Rey', 'Repuela', '680.00', '1000.00', '320.00', 'ACQUIANTANCE', '2018-09-27 04:00:00', '2019-04-25 07:08:01'),
(159, 'RN', 122, 'CIndy', 'Duazo', '180.00', '500.00', '320.00', 'T SHIRT INTRAMS', '2018-09-27 04:00:00', '2019-04-25 07:08:14'),
(160, 'RN', 123, 'Louie Jay', 'Monterde', '680.00', '680.00', '0.00', 'ACQUIANTANCE', '2018-09-27 04:00:00', '2019-04-25 07:08:19'),
(161, 'RN', 124, 'JESSA MAE', 'JUDILLA', '680.00', '680.00', '0.00', 'ACQUIANTANCE', '2018-09-28 04:00:00', '2019-04-25 07:07:14'),
(162, 'RN', 125, 'CHRISTOPHER', 'BALANI', '680.00', '680.00', '0.00', 'ACQUIANTANCE', '2018-09-28 04:00:00', '2019-04-25 07:07:18'),
(163, 'RN', 126, 'Jun Bon Chives', 'Gerolaga', '500.00', '500.00', '0.00', 'ACQUINTANCE', '2018-10-02 04:00:00', '2019-04-25 07:07:00'),
(164, 'RN', 127, 'JOEL', 'JAYME', '3150.00', '3150.00', '0.00', 'FULL PAYMENT FOR GRADUATION AND OTHERS', '2018-10-08 04:00:00', '2018-10-08 11:11:52'),
(165, 'RN', 128, 'Charlie', 'Bontilao', '180.00', '180.00', '0.00', 'TSHIRT INTRAMS', '2018-10-09 04:00:00', '2019-04-25 07:06:28'),
(166, 'RN', 129, 'Jessah Marie', 'Olasiman', '250.00', '250.00', '0.00', 'ACQUAINTANCE', '2018-10-23 04:00:00', '2019-04-25 07:01:09'),
(167, 'RN', 130, 'Jessah Marie', 'Olasiman', '250.00', '250.00', '0.00', 'ACQUIANTANCE', '2018-10-23 04:00:00', '2019-04-25 07:06:17'),
(169, 'RN', 131, 'Meriam', 'Angana', '2500.00', '2500.00', '0.00', 'FAST TRACK CCS NCII', '2018-11-08 05:00:00', '2019-04-25 07:00:49'),
(170, 'RN', 132, 'ANGELO', 'BAN-AS', '500.00', '500.00', '0.00', 'ACQUAINTANCE PARTY', '2018-11-07 05:00:00', '2018-11-13 12:10:56'),
(173, 'RN', 133, 'Erilyn', 'Paquibot', '2500.00', '2500.00', '0.00', 'FAST TRACK CCS NCII', '2018-11-19 05:00:00', '2019-04-25 07:00:23'),
(174, 'RN', 134, 'Jesiel', 'Lamoste', '2500.00', '2500.00', '0.00', 'FAST TRACK CCS NCII', '2018-11-19 05:00:00', '2019-04-25 07:00:36'),
(175, 'RN', 135, 'Mae Angeli', 'Dela Cortes', '2250.00', '2250.00', '0.00', 'FAST TRACK CCS NCII', '2018-11-21 05:00:00', '2019-04-25 07:03:32'),
(176, 'RN', 136, 'Arla Mae', 'Lelis', '2000.00', '2000.00', '0.00', 'FAST TRACK CCS NCII', '2018-11-21 05:00:00', '2019-04-25 07:03:55'),
(177, 'RN', 137, 'Marilyn', 'Desoyo', '4500.00', '5000.00', '500.00', 'FAST TRACK CCS NCII', '2018-11-21 05:00:00', '2019-04-25 07:00:06'),
(178, 'RN', 138, 'Floriane', 'Talisic', '500.00', '1000.00', '500.00', 'CCS ASSESSMENT FEE', '2018-11-23 05:00:00', '2019-04-25 07:02:21'),
(179, 'RN', 138, 'Meriam', 'Angana', '2000.00', '2000.00', '0.00', 'FAST TRACK CCS NCII', '2018-11-23 05:00:00', '2019-04-25 07:02:34'),
(180, 'RN', 139, 'Arla Mae', 'Lelis', '2500.00', '2500.00', '0.00', 'FAST TRACK CCS NCII', '2018-11-23 05:00:00', '2019-04-25 07:03:03'),
(181, 'RN', 140, 'Mae Angeli', 'Cortes', '2250.00', '3000.00', '750.00', NULL, '2018-11-23 05:00:00', '2018-11-23 09:45:59'),
(182, 'RN', 141, 'Christian Mae', 'Boniola', '4500.00', '4500.00', '0.00', 'FAST TRACK CCS NCII', '2018-11-23 05:00:00', '2019-04-25 07:03:10'),
(183, 'RN', 142, 'Jiesel', 'Lamoste', '2000.00', '2000.00', '0.00', 'FAST TRACK CCS NCII', '2018-11-23 05:00:00', '2019-04-25 07:03:17'),
(184, 'RN', 143, 'Erilyn', 'Paquibot', '2000.00', '2000.00', '0.00', 'FAST TRACK CCS NCII', '2018-11-23 05:00:00', '2019-04-25 07:03:24'),
(188, 'RN', 144, 'ERLIN', 'JUNTONG', '250.00', '250.00', '0.00', 'ALUMNI ID', '2019-01-08 05:00:00', '2019-04-25 07:01:53'),
(189, 'RN', 145, 'ANDRIN', 'MA. DAWN', '100.00', '100.00', '0.00', 'ID', '2019-01-08 05:00:00', '2019-04-25 07:02:04'),
(190, 'RN', 146, 'Edna', 'Cabillo', '600.00', '600.00', '0.00', 'DIGI Bayanihan Assessment January 23, 2019', '2019-01-08 05:00:00', '2019-01-08 12:41:41'),
(192, 'RN', 147, 'Mia Riceille', 'Lonzaga', '600.00', '600.00', '0.00', 'DIGIBAYANIHAN', '2019-01-10 05:00:00', '2019-04-25 07:05:00'),
(193, 'RN', 157, 'JENEFER', 'CASTRO', '600.00', '600.00', '0.00', 'DIGIBAYANIHAN', '2019-01-10 05:00:00', '2019-04-25 07:05:05'),
(194, 'RN', 148, 'Marites', 'Papellero', '600.00', '600.00', '0.00', 'DIGIBAYANIHAN', '2019-01-10 05:00:00', '2019-04-25 07:05:09'),
(195, 'RN', 149, 'Doris', 'Alimpoos', '600.00', '600.00', '0.00', 'DIGIBAYANIHAN', '2019-01-10 05:00:00', '2019-04-25 07:05:15'),
(196, 'RN', 150, 'Richel', 'Maquilan', '600.00', '600.00', '0.00', 'DIGIBAYANIHAN', '2019-01-10 05:00:00', '2019-04-25 07:05:19'),
(197, 'RN', 151, 'haydee', 'Judilla', '600.00', '600.00', '0.00', 'DIGIBAYANIHAN', '2019-01-10 05:00:00', '2019-04-25 07:05:24'),
(198, 'RN', 152, 'karen', 'ybanez', '600.00', '600.00', '0.00', 'DIGIBAYANIHAN', '2019-01-10 05:00:00', '2019-04-25 07:05:29'),
(199, 'RN', 153, 'Mary Joy', 'Mabanag', '600.00', '600.00', '0.00', 'DIGIBAYANIHAN', '2019-01-10 05:00:00', '2019-04-25 07:05:32'),
(200, 'RN', 154, 'Blandina', 'Sisonrogas', '600.00', '600.00', '0.00', 'DIGIBAYANIHAN', '2019-01-10 05:00:00', '2019-04-25 07:01:29'),
(201, 'RN', 155, 'Marlyn', 'Caba', '600.00', '600.00', '0.00', 'DIGIBAYANIHAN', '2019-01-10 05:00:00', '2019-04-25 07:01:33'),
(202, 'RN', 156, 'Daisy', 'Seno', '600.00', '600.00', '0.00', 'DIGIBAYANIHAN', '2019-01-10 05:00:00', '2019-04-25 07:01:38'),
(203, 'RN', 158, 'Cathlier', 'Sigarra', '600.00', '600.00', '0.00', 'DIGIBAYANIHAN', '2019-01-12 05:00:00', '2019-04-25 07:04:55'),
(204, 'RN', 159, 'Julian John', 'Limutan', '600.00', '600.00', '0.00', 'DIGIBAYANIHAN', '2019-01-14 05:00:00', '2019-04-25 07:04:45'),
(205, 'RN', 160, 'MICHELL', 'MAGSANAY', '600.00', '600.00', '0.00', 'DIGIBAYANIHAN', '2019-01-14 05:00:00', '2019-04-25 07:04:50'),
(206, 'RN', 161, 'Realyn', 'Pacate', '600.00', '600.00', '0.00', 'DIGIBAYANIHAN', '2019-01-15 05:00:00', '2019-04-25 07:04:24'),
(207, 'RN', 162, 'Juliet', 'Hiyas', '600.00', '600.00', '0.00', 'DIGIBAYANIHAN', '2019-01-15 05:00:00', '2019-04-25 07:04:32'),
(208, 'RN', 163, 'edmer', 'gonzaga', '100.00', '100.00', '0.00', 'ID', '2019-01-15 05:00:00', '2019-04-25 07:04:39'),
(209, 'RN', 164, 'Bernarda', 'Lumapas', '600.00', '1000.00', '400.00', 'DIGIBAYANIHAN', '2019-01-17 05:00:00', '2019-04-25 07:04:13'),
(210, 'RN', 165, 'Jeraldine', 'Mayol', '600.00', '600.00', '0.00', 'DIGIBAYANIHAN', '2019-01-21 05:00:00', '2019-04-25 06:54:38'),
(212, 'RN', 167, 'John Walter', 'Regis', '50.00', '50.00', '0.00', 'cert. fee', '2019-01-21 05:00:00', '2019-01-21 11:05:13'),
(213, 'RN', 170, 'ALVIN', 'TABARANZA', '600.00', '600.00', '0.00', 'DIGIBAYANIHAN', '2019-01-23 05:00:00', '2019-04-25 06:54:26'),
(214, 'RN', 168, 'Imee', 'Gultiano', '600.00', '600.00', '0.00', 'DIGIBAYANIHAN', '2019-01-23 05:00:00', '2019-04-25 06:54:31'),
(215, 'RN', 169, 'Jhon Karl', 'Atamosa', '600.00', '600.00', '0.00', 'DIGIBAYANIHAN', '2019-01-23 05:00:00', '2019-04-25 06:54:34'),
(216, 'RN', 171, 'Jovelyn', 'Mancao', '1730.00', '1730.00', '0.00', 'OLD BALANCE', '2019-01-26 05:00:00', '2019-04-25 06:54:14'),
(217, 'RN', 172, 'JERALDINE', 'MAYOL', '4500.00', '4500.00', '0.00', 'FAST TRACK CCS NCII', '2019-01-28 05:00:00', '2019-04-25 06:54:01'),
(218, 'RN', 173, 'Melgazar', 'Tanjay', '800.00', '1000.00', '200.00', 'DIGIBAYANIHAN', '2019-02-04 05:00:00', '2019-04-25 06:53:37'),
(219, 'RN', 174, 'Roselyn', 'Villaflores', '800.00', '800.00', '0.00', 'DIGIBAYANIHAN', '2019-02-04 05:00:00', '2019-04-25 06:53:43'),
(221, 'RN', 176, 'Ma. Lovenia', 'Barrientos', '800.00', '800.00', '0.00', 'DIGIBAYANIHAN', '2019-02-06 05:00:00', '2019-04-25 06:53:11'),
(223, 'RN', 166, 'Rosemarie', 'Alenton', '200.00', '200.00', '0.00', 'CERTIFIED TRUE COPY', '2019-02-06 05:00:00', '2019-04-25 06:53:32'),
(224, 'RN', 177, 'Mitchiebelle', 'Dalaguit', '800.00', '800.00', '0.00', 'DIGIBAYANIHAN', '2019-02-08 05:00:00', '2019-04-25 06:51:29'),
(226, 'RN', 178, 'Rhea', 'Mangubat', '800.00', '800.00', '0.00', 'DIGIBAYANIHAN', '2019-02-08 05:00:00', '2019-04-25 06:51:38'),
(228, 'RN', 179, 'Stephen', 'Arriba', '800.00', '1000.00', '200.00', 'DIGIBAYANIHAN', '2019-02-08 05:00:00', '2019-04-25 06:51:48'),
(229, 'RN', 180, 'Gerlie', 'Arriba', '800.00', '1000.00', '200.00', 'DIGIBAYANIHAN', '2019-02-08 05:00:00', '2019-04-25 06:51:58'),
(230, 'RN', 181, 'Noreen', 'Tecson', '800.00', '800.00', '0.00', 'DIGIBAYANIHAN', '2019-02-08 05:00:00', '2019-04-25 06:52:07'),
(232, 'RN', 182, 'Dinopol', 'Primo', '800.00', '800.00', '0.00', 'DIGIBAYANIHAN', '2019-02-08 05:00:00', '2019-04-25 06:52:14'),
(233, 'RN', 183, 'Emilin', 'Isahac', '800.00', '800.00', '0.00', 'DIGIBAYANIHAN', '2019-02-08 05:00:00', '2019-04-25 06:52:22'),
(234, 'RN', 184, 'Gemma', 'Limen', '800.00', '800.00', '0.00', 'DIGIBAYANIHAN', '2019-02-08 05:00:00', '2019-04-25 06:52:32'),
(235, 'RN', 185, 'Maribel', 'Mendoza', '800.00', '800.00', '0.00', 'DIGIBAYANIHAN', '2019-02-08 05:00:00', '2019-04-25 06:52:46'),
(236, 'RN', 186, 'Mar Jade', 'Mangubat', '800.00', '800.00', '0.00', 'DIGIBAYANIHAN', '2019-02-08 05:00:00', '2019-04-25 06:52:56'),
(237, 'RN', 187, 'Helen', 'Obenieta', '800.00', '800.00', '0.00', 'DIGIBAYANIHAN', '2019-02-08 05:00:00', '2019-04-25 06:53:01'),
(238, 'RN', 188, 'Christy', 'Guob', '800.00', '800.00', '0.00', 'DIGIBAYANIHAN', '2019-02-08 05:00:00', '2019-04-25 06:53:06'),
(240, 'RN', 189, 'John Clefford', 'Pulgo', '400.00', '400.00', '0.00', 'School Address and Vest', '2019-02-09 05:00:00', '2019-02-09 10:46:30'),
(241, 'RN', 190, 'domingo', 'catherine', '500.00', '500.00', '0.00', 'TOR REQUEST FOR TRANSFER', '2019-02-19 05:00:00', '2019-04-25 06:51:08'),
(242, 'RN', 191, 'Stephanie', 'Andren', '1000.00', '1000.00', '0.00', 'CSS ASSESSMENT', '2019-02-27 05:00:00', '2019-04-25 06:50:40'),
(243, 'RN', 192, 'Joel', 'Abapo', '1000.00', '1000.00', '0.00', 'CSS ASSESSMENT', '2019-02-27 05:00:00', '2019-04-25 06:50:48'),
(244, 'RN', 193, 'Queny', 'Pepito', '1000.00', '1000.00', '0.00', 'CSS ASSESSMENT', '2019-02-28 05:00:00', '2019-04-25 06:50:15'),
(245, 'RN', 194, 'Jenneth', 'Quiles', '1000.00', '1000.00', '0.00', 'CSS ASSESSMENT', '2019-02-28 05:00:00', '2019-04-25 06:50:24'),
(248, 'RN', 195, 'John Rey', 'Antone', '1000.00', '1000.00', '0.00', 'CSS ASSESSMENT', '2019-02-28 05:00:00', '2019-04-25 06:50:32'),
(249, 'RN', 196, 'Jun Bon Chives', 'Gerolaga', '1000.00', '1000.00', '0.00', 'CSS ASSESSMENT', '2019-03-04 05:00:00', '2019-04-25 06:50:03'),
(250, 'RN', 198, 'Menette Claire', 'Cadungog', '800.00', '1000.00', '200.00', 'Certificate of Digital Literacy Training(Digibayanihan)(100hours)\nPossible date of releasing the certificates: March 25, 2019', '2019-03-07 05:00:00', '2019-03-15 07:43:08'),
(251, 'RN', 208, 'Roy', 'Pepito', '500.00', '500.00', '0.00', 'prom2019', '2019-03-30 04:00:00', '2019-04-25 06:48:16'),
(253, 'RN', 199, 'Airene', 'Demecillo', '800.00', '1000.00', '200.00', 'DIGIBAYANIHAN', '2019-03-09 05:00:00', '2019-04-25 06:49:52'),
(254, 'RN', 197, 'Ipana Marie', 'Pairez', '1000.00', '1000.00', '0.00', 'CSS ASSESSMENT', '2019-03-11 04:00:00', '2019-04-25 06:49:35'),
(255, 'RN', 200, 'Charity', 'Javalies', '800.00', '800.00', '0.00', 'DIGIBAYANIHAN', '2019-03-11 04:00:00', '2019-04-25 06:49:43'),
(256, 'RN', 201, 'Ma. Immaculate', 'Villaceran', '800.00', '800.00', '0.00', 'DIGIBAYANIHAN', '2019-03-12 04:00:00', '2019-04-25 06:49:25'),
(257, 'RN', 202, 'Julie Mae', 'Lumongsod', '800.00', '1000.00', '200.00', 'DIGIBAYANIHAN', '2019-03-13 04:00:00', '2019-04-25 06:49:14'),
(258, 'RN', 209, 'Reglen', 'Pedroza', '500.00', '1000.00', '500.00', 'prom2019', '2019-03-30 04:00:00', '2019-04-25 06:47:25'),
(259, 'RN', 203, 'Marvin', 'Quilaquil', '800.00', '1000.00', '200.00', 'DIGIBAYANIHAN', '2019-03-14 04:00:00', '2019-04-25 06:49:01'),
(260, 'RN', 204, 'Nicole', 'Pairez', '1000.00', '1000.00', '0.00', 'CSS ASSESSMENT', '2019-03-18 04:00:00', '2019-04-25 06:48:48'),
(261, 'RN', 210, 'Cherwin', 'Sanceda', '500.00', '500.00', '0.00', 'prom2019', '2019-03-30 04:00:00', '2019-04-25 06:47:29'),
(262, 'RN', 211, 'Kyle Christian', 'Mayol', '500.00', '500.00', '0.00', 'prom2019', '2019-03-30 04:00:00', '2019-04-25 06:47:34'),
(263, 'RN', 215, 'Michelle', 'Pogoy', '300.00', '300.00', '0.00', 'prom2019', '2019-04-03 04:00:00', '2019-04-25 06:46:02'),
(265, 'RN', 205, 'jhan- Jhan', 'Noynay', '1000.00', '1000.00', '0.00', 'CSS ASSESSMENT', '2019-03-19 04:00:00', '2019-04-25 06:48:40'),
(266, 'RN', 264, 'John', 'Marabello', '500.00', '500.00', '0.00', 'prom2019', '2019-04-05 04:00:00', '2019-04-25 06:41:19'),
(267, 'RN', 212, 'ROSEMARIE', 'ALSADO', '500.00', '500.00', '0.00', 'prom2019', '2019-03-30 04:00:00', '2019-04-25 06:47:38'),
(268, 'RN', 206, 'Megan', 'Montecalvo', '500.00', '500.00', '0.00', 'prom2019', '2019-03-30 04:00:00', '2019-04-25 06:47:44'),
(269, 'RN', 213, 'OLIVER', 'BRIGOLI', '1000.00', '1000.00', '0.00', 'CSS ASSESSMENT', '2019-03-30 04:00:00', '2019-04-25 06:48:01'),
(270, 'RN', 207, 'Reynaldo', 'Bulahan', '1000.00', '1000.00', '0.00', 'CSS ASSESSMENT', '2019-03-30 04:00:00', '2019-04-25 06:48:10'),
(271, 'RN', 214, 'Angelica', 'Duenas', '1000.00', '1000.00', '0.00', 'CSS ASSESSMENT', '2019-04-03 04:00:00', '2019-04-25 06:46:21'),
(272, 'RN', 208, 'Michelle', 'Pogoy', '200.00', '200.00', '0.00', 'prom2019', '2019-03-23 04:00:00', '2019-04-25 06:48:28'),
(273, 'RN', 216, 'Xavier Niel', 'Calderon', '500.00', '500.00', '0.00', 'prom2019', '2019-04-03 04:00:00', '2019-04-25 06:46:27'),
(274, 'RN', 224, 'Kevin', 'Unabia', '50.00', '50.00', '0.00', 'FOUNDATION DAY', '2019-04-03 04:00:00', '2019-04-25 06:46:34'),
(275, 'RN', 223, 'Frank Niel', 'Manatad', '500.00', '500.00', '0.00', 'prom2019', '2019-04-03 04:00:00', '2019-04-25 06:46:41'),
(276, 'RN', 222, 'Janice', 'Yumil', '50.00', '50.00', '0.00', 'FOUNDATION DAY', '2019-04-03 04:00:00', '2019-04-25 06:46:49'),
(278, 'RN', 221, 'Almer', 'Mondejar', '500.00', '1000.00', '500.00', 'prom2019', '2019-04-03 04:00:00', '2019-04-25 06:46:55'),
(279, 'RN', 220, 'Juliet', 'homecillo', '500.00', '1000.00', '500.00', 'prom2019', '2019-03-26 04:00:00', '2019-04-25 06:48:22'),
(280, 'RN', 219, 'Richelle', 'Miro', '500.00', '500.00', '0.00', 'prom2019', '2019-04-03 04:00:00', '2019-04-25 06:47:00'),
(281, 'RN', 218, 'Shara Mae', 'Lape', '500.00', '500.00', '0.00', 'prom2019', '2019-04-03 04:00:00', '2019-04-25 06:47:07'),
(284, 'RN', 217, 'Kevin', 'Tudtud', '50.00', '50.00', '0.00', 'FOUDATION DAY', '2019-04-03 04:00:00', '2019-04-25 06:47:19'),
(285, 'RN', 225, 'Melanie', 'Estillore', '500.00', '500.00', '0.00', 'prom2019', '2019-04-05 04:00:00', '2019-04-25 06:41:28'),
(286, 'RN', 226, 'Cristy Jade', 'Tubos', '300.00', '300.00', '0.00', 'prom2019', '2019-04-05 04:00:00', '2019-04-25 06:41:38'),
(287, 'RN', 227, 'Cristy Mae', 'Montecalvo', '300.00', '300.00', '0.00', 'prom2019', '2019-04-05 04:00:00', '2019-04-25 06:41:43'),
(288, 'RN', 228, 'Jia Blair', 'Sagayno', '300.00', '300.00', '0.00', 'prom2019', '2019-04-05 04:00:00', '2019-04-25 06:41:52'),
(289, 'RN', 229, 'Pamela', 'Nulla', '500.00', '500.00', '0.00', 'prom2019', '2019-04-05 04:00:00', '2019-04-25 06:41:57'),
(290, 'RN', 230, 'Christine Jacel', 'Maloloy-0n', '300.00', '300.00', '0.00', 'prom2019', '2019-04-05 04:00:00', '2019-04-25 06:42:05'),
(291, 'RN', 231, 'Ma. Fe', 'Mabatid', '500.00', '500.00', '0.00', 'prom2019', '2019-04-05 04:00:00', '2019-04-25 06:42:17'),
(292, 'RN', 232, 'Chrisia Mae', 'Gumera', '500.00', '500.00', '0.00', 'prom2019', '2019-04-05 04:00:00', '2019-04-25 06:42:23'),
(294, 'RN', 233, 'Fhlor De May', 'Aum', '500.00', '500.00', '0.00', 'prom2019', '2019-04-05 04:00:00', '2019-04-25 06:42:50'),
(295, 'RN', 235, 'Rica Jane', 'Primitiva', '500.00', '500.00', '0.00', 'prom2019', '2019-04-05 04:00:00', '2019-04-25 06:42:54'),
(296, 'RN', 236, 'Jonesa', 'Algabre', '50.00', '100.00', '50.00', 'foundation day', '2019-04-05 04:00:00', '2019-04-25 06:43:06'),
(297, 'RN', 237, 'Mariadeth', 'Sanchez', '500.00', '500.00', '0.00', 'prom2019', '2019-04-05 04:00:00', '2019-04-25 06:43:11'),
(298, 'RN', 238, 'Leo Ivan', 'Elnas', '500.00', '500.00', '0.00', 'prom2019', '2019-04-05 04:00:00', '2019-04-25 06:43:16'),
(299, 'RN', 239, 'BYRAN', 'TUNACAO', '500.00', '500.00', '0.00', 'prom2019', '2019-04-05 04:00:00', '2019-04-25 06:43:22'),
(300, 'RN', 240, 'Maria', 'Sta. Ana', '800.00', '1000.00', '200.00', 'digibayanihan', '2019-04-05 04:00:00', '2019-04-25 06:43:38'),
(302, 'RN', 242, 'Jessa Mae', 'Pederico', '500.00', '500.00', '0.00', 'prom2019', '2019-04-05 04:00:00', '2019-04-25 06:43:47'),
(303, 'RN', 243, 'Kevin', 'Unabia', '500.00', '500.00', '0.00', 'prom2019', '2019-04-05 04:00:00', '2019-04-25 06:43:51'),
(304, 'RN', 244, 'Erick', 'Nadela', '500.00', '500.00', '0.00', 'prom2019', '2019-04-05 04:00:00', '2019-04-25 06:43:59'),
(305, 'RN', 245, 'Rian Rey', 'Barriga', '500.00', '500.00', '0.00', 'prom2019', '2019-04-05 04:00:00', '2019-04-25 06:44:04'),
(306, 'RN', 246, 'Jainice', 'Yumil', '500.00', '500.00', '0.00', 'prom2019', '2019-04-05 04:00:00', '2019-04-25 06:44:07'),
(307, 'RN', 247, 'Arian Mariz', 'Remulta', '500.00', '500.00', '0.00', 'prom2019', '2019-04-05 04:00:00', '2019-04-25 06:44:12'),
(308, 'RN', 248, 'Roselyn', 'Evangelio', '500.00', '500.00', '0.00', 'prom2019', '2019-04-05 04:00:00', '2019-04-25 06:44:16'),
(309, 'RN', 249, 'Sarah Jane', 'Cuizon', '500.00', '500.00', '0.00', 'prom2019', '2019-04-05 04:00:00', '2019-04-25 06:44:20'),
(310, 'RN', 250, 'Kimberly', 'Maringuran', '500.00', '500.00', '0.00', 'prom2019', '2019-04-05 04:00:00', '2019-04-25 06:44:30'),
(311, 'RN', 251, 'Luz', 'Valmoria', '500.00', '500.00', '0.00', 'prom2019', '2019-04-05 04:00:00', '2019-04-25 06:44:37'),
(312, 'RN', 263, 'Regina', 'Alarba', '500.00', '500.00', '0.00', 'prom2019', '2019-04-05 04:00:00', '2019-04-25 06:44:42'),
(313, 'RN', 262, 'mary grace', 'Malantig', '500.00', '500.00', '0.00', 'prom2019', '2019-04-05 04:00:00', '2019-04-25 06:44:47'),
(314, 'RN', 254, 'Edmar', 'Gonzaga', '500.00', '500.00', '0.00', 'prom2019', '2019-04-05 04:00:00', '2019-04-25 06:44:52'),
(315, 'RN', 255, 'Dawn', 'Andrin', '500.00', '500.00', '0.00', 'prom2019', '2019-04-05 04:00:00', '2019-04-25 06:44:58'),
(317, 'RN', 256, 'LOREAL', 'DIVA', '500.00', '500.00', '0.00', 'prom2019', '2019-04-05 04:00:00', '2019-04-25 06:45:02'),
(319, 'RN', 257, 'Leonie', 'Montecalvo', '500.00', '500.00', '0.00', 'prom2019', '2019-04-05 04:00:00', '2019-04-25 06:45:06'),
(320, 'RN', 258, 'Cindy', 'Duazo', '500.00', '500.00', '0.00', 'prom2019', '2019-04-05 04:00:00', '2019-04-25 06:45:12'),
(321, 'RN', 259, 'aibie', 'sagayno', '500.00', '500.00', '0.00', 'prom2019', '2019-04-05 04:00:00', '2019-04-25 06:45:17'),
(322, 'RN', 260, 'cris velt', 'pide', '500.00', '500.00', '0.00', 'prom2019', '2019-04-05 04:00:00', '2019-04-25 06:45:22'),
(324, 'RN', 261, 'howard', 'bardaje', '500.00', '500.00', '0.00', 'prom2019', '2019-04-05 04:00:00', '2019-04-25 06:45:25'),
(325, 'RN', 241, 'deceme', 'maningo', '500.00', '500.00', '0.00', 'prom2019', '2019-04-05 04:00:00', '2019-04-25 06:45:30'),
(326, 'RN', 253, 'jay u', 'pacilan', '500.00', '500.00', '0.00', 'prom2019', '2019-04-05 04:00:00', '2019-04-25 06:45:34'),
(327, 'RN', 252, 'christian', 'gonzaga', '500.00', '500.00', '0.00', 'prom2019', '2019-04-05 04:00:00', '2019-04-25 06:45:40'),
(329, 'RN', 266, 'Mabs Stephin', 'Patalinghug', '250.00', '250.00', '0.00', 'ID payment', '2019-04-24 04:00:00', '2019-04-25 07:13:02'),
(331, 'RN', 265, 'llanto', 'Joshua', '250.00', '250.00', '0.00', 'id payment', '2019-04-24 04:00:00', '2019-04-25 07:11:53'),
(332, 'RN', 268, 'Vince Abriel', 'maloloy-on', '250.00', '250.00', '0.00', 'id payment', '2019-04-24 04:00:00', '2019-04-25 06:40:45'),
(333, 'RN', 267, 'grant briest', 'canen', '250.00', '250.00', '0.00', 'id payment', '2019-04-24 04:00:00', '2019-04-25 06:40:38'),
(335, 'RN', 269, 'Gutierrez', 'Isaac Joshua', '750.00', '750.00', '0.00', 'TOR request', '2019-05-06 04:00:00', '2019-05-10 12:21:35'),
(337, 'RN', 270, 'Johanna Faith', 'Tagalog', '250.00', '250.00', '0.00', 'ID', '2019-05-09 04:00:00', '2019-05-10 12:22:23'),
(338, 'RN', 271, 'Charlotte', 'Abalos', '1250.00', '1250.00', '0.00', 'vest, id and PE unform', '2019-05-10 04:00:00', '2019-05-10 12:22:38'),
(339, 'RN', 272, 'JAMER', 'MALINAO', '1250.00', '1250.00', '0.00', NULL, '2019-05-24 04:00:00', '2019-05-24 10:38:05'),
(340, 'RN', 273, 'JAMER', 'MALINAO', '500.00', '500.00', '0.00', NULL, '2019-05-24 04:00:00', '2019-05-24 10:39:54'),
(341, 'RN', 273, 'JAMER', 'MALINAO', '500.00', '500.00', '0.00', NULL, '2019-05-24 04:00:00', '2019-05-24 10:39:54'),
(342, 'RN', 274, 'Mahomoc', 'Matthew Nicole', '2500.00', '2500.00', '0.00', NULL, '2019-05-24 04:00:00', '2019-05-24 12:22:47'),
(343, 'AR', 7505, 'Rose Marie', 'Alsado', '1000.00', '1000.00', '0.00', NULL, '2019-05-24 04:00:00', '2019-05-24 12:46:10'),
(345, 'RN', 272, 'TWSP BATCH 1', 'MAY 8-31 2019', '2750.00', '2750.00', '0.00', NULL, '2019-05-28 04:00:00', '2019-05-28 12:42:02');

-- --------------------------------------------------------

--
-- Table structure for table `users`
--

CREATE TABLE `users` (
  `id` int(10) UNSIGNED NOT NULL,
  `firstname` varchar(191) COLLATE utf8mb4_unicode_ci NOT NULL,
  `lastname` varchar(191) COLLATE utf8mb4_unicode_ci NOT NULL,
  `mobile` varchar(191) COLLATE utf8mb4_unicode_ci NOT NULL,
  `email` varchar(191) COLLATE utf8mb4_unicode_ci NOT NULL,
  `password` varchar(191) COLLATE utf8mb4_unicode_ci NOT NULL,
  `remember_token` varchar(100) COLLATE utf8mb4_unicode_ci DEFAULT NULL,
  `created_at` timestamp NULL DEFAULT NULL,
  `updated_at` timestamp NULL DEFAULT NULL
) ENGINE=InnoDB DEFAULT CHARSET=utf8mb4 COLLATE=utf8mb4_unicode_ci;

--
-- Dumping data for table `users`
--

INSERT INTO `users` (`id`, `firstname`, `lastname`, `mobile`, `email`, `password`, `remember_token`, `created_at`, `updated_at`) VALUES
(1, 'Fairlane', 'Rosello', '123456789311', 'admin@iitcebu.net', '$2y$10$1YFpzTF8FtChxHH4zrt9w.fJTHDn9YRhFbv/4IiCNs4r67DvZmPFS', NULL, '2018-06-04 12:23:19', '2018-06-25 12:19:13'),
(2, 'user 1', 'user 1', '12345678914', 'bobbys@pattys.com', '$2y$10$vxdtVyzglZmVflEqnM62XuP5I7KMlPxxSWH9bRlOBtbfWqnSWO7li', NULL, '2018-06-04 12:23:19', '2018-06-04 12:23:19');

-- --------------------------------------------------------

--
-- Table structure for table `year_levels`
--

CREATE TABLE `year_levels` (
  `id` int(10) UNSIGNED NOT NULL,
  `name` varchar(191) COLLATE utf8mb4_unicode_ci NOT NULL,
  `created_at` timestamp NULL DEFAULT NULL,
  `updated_at` timestamp NULL DEFAULT NULL
) ENGINE=InnoDB DEFAULT CHARSET=utf8mb4 COLLATE=utf8mb4_unicode_ci;

--
-- Dumping data for table `year_levels`
--

INSERT INTO `year_levels` (`id`, `name`, `created_at`, `updated_at`) VALUES
(1, '1st Year', '2018-06-04 12:23:22', '2018-06-04 12:23:22'),
(2, '2nd Year', '2018-06-04 12:23:22', '2018-06-04 12:23:22');

--
-- Indexes for dumped tables
--

--
-- Indexes for table `answers`
--
ALTER TABLE `answers`
  ADD PRIMARY KEY (`id`),
  ADD KEY `answers_question_id_foreign` (`question_id`);

--
-- Indexes for table `answer_enrollee`
--
ALTER TABLE `answer_enrollee`
  ADD PRIMARY KEY (`id`);

--
-- Indexes for table `balances`
--
ALTER TABLE `balances`
  ADD PRIMARY KEY (`id`);

--
-- Indexes for table `balance_confirm_enrolled`
--
ALTER TABLE `balance_confirm_enrolled`
  ADD PRIMARY KEY (`id`),
  ADD KEY `balance_confirm_enrolled_confirm_enrolled_id_foreign` (`confirm_enrolled_id`),
  ADD KEY `balance_confirm_enrolled_balance_id_foreign` (`balance_id`);

--
-- Indexes for table `cities`
--
ALTER TABLE `cities`
  ADD PRIMARY KEY (`id`);

--
-- Indexes for table `civil_status`
--
ALTER TABLE `civil_status`
  ADD PRIMARY KEY (`id`);

--
-- Indexes for table `confirm_enrolled`
--
ALTER TABLE `confirm_enrolled`
  ADD PRIMARY KEY (`id`),
  ADD KEY `confirm_enrolled_enrollee_id_foreign` (`enrollee_id`),
  ADD KEY `confirm_enrolled_student_type_id_foreign` (`student_type_id`),
  ADD KEY `confirm_enrolled_course_id_foreign` (`course_id`),
  ADD KEY `confirm_enrolled_school_year_id_foreign` (`school_year_id`),
  ADD KEY `confirm_enrolled_year_level_id_foreign` (`year_level_id`),
  ADD KEY `confirm_enrolled_semester_id_foreign` (`semester_id`);

--
-- Indexes for table `confirm_enrolled_payment`
--
ALTER TABLE `confirm_enrolled_payment`
  ADD PRIMARY KEY (`id`),
  ADD KEY `confirm_enrolled_payment_confirm_enrolled_id_foreign` (`confirm_enrolled_id`),
  ADD KEY `confirm_enrolled_payment_payment_id_foreign` (`payment_id`);

--
-- Indexes for table `countries`
--
ALTER TABLE `countries`
  ADD PRIMARY KEY (`id`);

--
-- Indexes for table `courses`
--
ALTER TABLE `courses`
  ADD PRIMARY KEY (`id`);

--
-- Indexes for table `educational_attainments`
--
ALTER TABLE `educational_attainments`
  ADD PRIMARY KEY (`id`);

--
-- Indexes for table `educational_att_enrollee`
--
ALTER TABLE `educational_att_enrollee`
  ADD PRIMARY KEY (`id`),
  ADD KEY `educational_att_enrollee_enrollee_id_foreign` (`enrollee_id`),
  ADD KEY `educational_att_enrollee_educational_att_id_foreign` (`educational_att_id`);

--
-- Indexes for table `enrollees`
--
ALTER TABLE `enrollees`
  ADD PRIMARY KEY (`id`),
  ADD KEY `enrollees_civil_id_foreign` (`civil_id`),
  ADD KEY `enrollees_educ_at_id_foreign` (`educ_at_id`);

--
-- Indexes for table `enrollee_course`
--
ALTER TABLE `enrollee_course`
  ADD PRIMARY KEY (`id`),
  ADD KEY `enrollee_course_enrollee_id_foreign` (`enrollee_id`),
  ADD KEY `enrollee_course_course_id_foreign` (`course_id`);

--
-- Indexes for table `enrollee_requirements_doc`
--
ALTER TABLE `enrollee_requirements_doc`
  ADD PRIMARY KEY (`id`);

--
-- Indexes for table `enrollee_schedule`
--
ALTER TABLE `enrollee_schedule`
  ADD PRIMARY KEY (`id`),
  ADD KEY `enrollee_schedule_enrollee_id_foreign` (`enrollee_id`),
  ADD KEY `enrollee_schedule_schedule_id_foreign` (`schedule_id`);

--
-- Indexes for table `enrollee_school_year`
--
ALTER TABLE `enrollee_school_year`
  ADD PRIMARY KEY (`id`),
  ADD KEY `enrollee_school_year_enrollee_id_foreign` (`enrollee_id`),
  ADD KEY `enrollee_school_year_school_year_id_foreign` (`school_year_id`);

--
-- Indexes for table `enrollee_semester`
--
ALTER TABLE `enrollee_semester`
  ADD PRIMARY KEY (`id`),
  ADD KEY `enrollee_semester_enrollee_id_foreign` (`enrollee_id`),
  ADD KEY `enrollee_semester_educational_att_id_foreign` (`educational_att_id`);

--
-- Indexes for table `enrollee_sibling`
--
ALTER TABLE `enrollee_sibling`
  ADD PRIMARY KEY (`id`);

--
-- Indexes for table `enrollee_year_level`
--
ALTER TABLE `enrollee_year_level`
  ADD PRIMARY KEY (`id`),
  ADD KEY `enrollee_year_level_enrollee_id_foreign` (`enrollee_id`),
  ADD KEY `enrollee_year_level_year_level_id_foreign` (`year_level_id`);

--
-- Indexes for table `messages`
--
ALTER TABLE `messages`
  ADD PRIMARY KEY (`id`);

--
-- Indexes for table `migrations`
--
ALTER TABLE `migrations`
  ADD PRIMARY KEY (`id`);

--
-- Indexes for table `password_resets`
--
ALTER TABLE `password_resets`
  ADD KEY `password_resets_email_index` (`email`);

--
-- Indexes for table `payments`
--
ALTER TABLE `payments`
  ADD PRIMARY KEY (`id`),
  ADD KEY `payments_confirm_enrollee_id_foreign` (`confirm_enrollee_id`),
  ADD KEY `balance_id` (`balance_id`);

--
-- Indexes for table `policies`
--
ALTER TABLE `policies`
  ADD PRIMARY KEY (`id`);

--
-- Indexes for table `provinces`
--
ALTER TABLE `provinces`
  ADD PRIMARY KEY (`id`);

--
-- Indexes for table `questions`
--
ALTER TABLE `questions`
  ADD PRIMARY KEY (`id`);

--
-- Indexes for table `requirements`
--
ALTER TABLE `requirements`
  ADD PRIMARY KEY (`id`);

--
-- Indexes for table `requirements_doc`
--
ALTER TABLE `requirements_doc`
  ADD PRIMARY KEY (`id`),
  ADD KEY `requirements_doc_requirement_id_foreign` (`requirement_id`);

--
-- Indexes for table `roles`
--
ALTER TABLE `roles`
  ADD PRIMARY KEY (`id`);

--
-- Indexes for table `role_user`
--
ALTER TABLE `role_user`
  ADD PRIMARY KEY (`id`),
  ADD KEY `role_user_user_id_foreign` (`user_id`),
  ADD KEY `role_user_role_id_foreign` (`role_id`);

--
-- Indexes for table `schedules`
--
ALTER TABLE `schedules`
  ADD PRIMARY KEY (`id`);

--
-- Indexes for table `school_years`
--
ALTER TABLE `school_years`
  ADD PRIMARY KEY (`id`);

--
-- Indexes for table `semesters`
--
ALTER TABLE `semesters`
  ADD PRIMARY KEY (`id`);

--
-- Indexes for table `siblings`
--
ALTER TABLE `siblings`
  ADD PRIMARY KEY (`id`);

--
-- Indexes for table `student_type`
--
ALTER TABLE `student_type`
  ADD PRIMARY KEY (`id`);

--
-- Indexes for table `trainingpayments`
--
ALTER TABLE `trainingpayments`
  ADD PRIMARY KEY (`id`);

--
-- Indexes for table `users`
--
ALTER TABLE `users`
  ADD PRIMARY KEY (`id`),
  ADD UNIQUE KEY `users_mobile_unique` (`mobile`),
  ADD UNIQUE KEY `users_email_unique` (`email`);

--
-- Indexes for table `year_levels`
--
ALTER TABLE `year_levels`
  ADD PRIMARY KEY (`id`);

--
-- AUTO_INCREMENT for dumped tables
--

--
-- AUTO_INCREMENT for table `answers`
--
ALTER TABLE `answers`
  MODIFY `id` int(10) UNSIGNED NOT NULL AUTO_INCREMENT, AUTO_INCREMENT=13;

--
-- AUTO_INCREMENT for table `answer_enrollee`
--
ALTER TABLE `answer_enrollee`
  MODIFY `id` int(10) UNSIGNED NOT NULL AUTO_INCREMENT, AUTO_INCREMENT=1324;

--
-- AUTO_INCREMENT for table `balances`
--
ALTER TABLE `balances`
  MODIFY `id` int(10) UNSIGNED NOT NULL AUTO_INCREMENT, AUTO_INCREMENT=67;

--
-- AUTO_INCREMENT for table `balance_confirm_enrolled`
--
ALTER TABLE `balance_confirm_enrolled`
  MODIFY `id` int(10) UNSIGNED NOT NULL AUTO_INCREMENT, AUTO_INCREMENT=3716;

--
-- AUTO_INCREMENT for table `cities`
--
ALTER TABLE `cities`
  MODIFY `id` int(11) UNSIGNED NOT NULL AUTO_INCREMENT, AUTO_INCREMENT=1638;

--
-- AUTO_INCREMENT for table `civil_status`
--
ALTER TABLE `civil_status`
  MODIFY `id` int(10) UNSIGNED NOT NULL AUTO_INCREMENT, AUTO_INCREMENT=6;

--
-- AUTO_INCREMENT for table `confirm_enrolled`
--
ALTER TABLE `confirm_enrolled`
  MODIFY `id` int(10) UNSIGNED NOT NULL AUTO_INCREMENT, AUTO_INCREMENT=254;

--
-- AUTO_INCREMENT for table `confirm_enrolled_payment`
--
ALTER TABLE `confirm_enrolled_payment`
  MODIFY `id` int(10) UNSIGNED NOT NULL AUTO_INCREMENT;

--
-- AUTO_INCREMENT for table `countries`
--
ALTER TABLE `countries`
  MODIFY `id` int(11) NOT NULL AUTO_INCREMENT, AUTO_INCREMENT=247;

--
-- AUTO_INCREMENT for table `courses`
--
ALTER TABLE `courses`
  MODIFY `id` int(10) UNSIGNED NOT NULL AUTO_INCREMENT, AUTO_INCREMENT=4;

--
-- AUTO_INCREMENT for table `educational_attainments`
--
ALTER TABLE `educational_attainments`
  MODIFY `id` int(10) UNSIGNED NOT NULL AUTO_INCREMENT, AUTO_INCREMENT=5;

--
-- AUTO_INCREMENT for table `educational_att_enrollee`
--
ALTER TABLE `educational_att_enrollee`
  MODIFY `id` int(10) UNSIGNED NOT NULL AUTO_INCREMENT;

--
-- AUTO_INCREMENT for table `enrollees`
--
ALTER TABLE `enrollees`
  MODIFY `id` int(10) UNSIGNED NOT NULL AUTO_INCREMENT, AUTO_INCREMENT=125;

--
-- AUTO_INCREMENT for table `enrollee_course`
--
ALTER TABLE `enrollee_course`
  MODIFY `id` int(10) UNSIGNED NOT NULL AUTO_INCREMENT;

--
-- AUTO_INCREMENT for table `enrollee_requirements_doc`
--
ALTER TABLE `enrollee_requirements_doc`
  MODIFY `id` int(10) UNSIGNED NOT NULL AUTO_INCREMENT, AUTO_INCREMENT=804;

--
-- AUTO_INCREMENT for table `enrollee_schedule`
--
ALTER TABLE `enrollee_schedule`
  MODIFY `id` int(10) UNSIGNED NOT NULL AUTO_INCREMENT;

--
-- AUTO_INCREMENT for table `enrollee_school_year`
--
ALTER TABLE `enrollee_school_year`
  MODIFY `id` int(10) UNSIGNED NOT NULL AUTO_INCREMENT;

--
-- AUTO_INCREMENT for table `enrollee_semester`
--
ALTER TABLE `enrollee_semester`
  MODIFY `id` int(10) UNSIGNED NOT NULL AUTO_INCREMENT;

--
-- AUTO_INCREMENT for table `enrollee_sibling`
--
ALTER TABLE `enrollee_sibling`
  MODIFY `id` int(10) UNSIGNED NOT NULL AUTO_INCREMENT, AUTO_INCREMENT=33;

--
-- AUTO_INCREMENT for table `enrollee_year_level`
--
ALTER TABLE `enrollee_year_level`
  MODIFY `id` int(10) UNSIGNED NOT NULL AUTO_INCREMENT;

--
-- AUTO_INCREMENT for table `messages`
--
ALTER TABLE `messages`
  MODIFY `id` int(10) UNSIGNED NOT NULL AUTO_INCREMENT;

--
-- AUTO_INCREMENT for table `migrations`
--
ALTER TABLE `migrations`
  MODIFY `id` int(10) UNSIGNED NOT NULL AUTO_INCREMENT, AUTO_INCREMENT=946;

--
-- AUTO_INCREMENT for table `payments`
--
ALTER TABLE `payments`
  MODIFY `id` int(10) UNSIGNED NOT NULL AUTO_INCREMENT, AUTO_INCREMENT=929;

--
-- AUTO_INCREMENT for table `policies`
--
ALTER TABLE `policies`
  MODIFY `id` int(10) UNSIGNED NOT NULL AUTO_INCREMENT, AUTO_INCREMENT=3;

--
-- AUTO_INCREMENT for table `provinces`
--
ALTER TABLE `provinces`
  MODIFY `id` int(11) UNSIGNED NOT NULL AUTO_INCREMENT, AUTO_INCREMENT=81;

--
-- AUTO_INCREMENT for table `questions`
--
ALTER TABLE `questions`
  MODIFY `id` int(10) UNSIGNED NOT NULL AUTO_INCREMENT, AUTO_INCREMENT=4;

--
-- AUTO_INCREMENT for table `requirements`
--
ALTER TABLE `requirements`
  MODIFY `id` int(10) UNSIGNED NOT NULL AUTO_INCREMENT, AUTO_INCREMENT=5;

--
-- AUTO_INCREMENT for table `requirements_doc`
--
ALTER TABLE `requirements_doc`
  MODIFY `id` int(10) UNSIGNED NOT NULL AUTO_INCREMENT, AUTO_INCREMENT=11;

--
-- AUTO_INCREMENT for table `roles`
--
ALTER TABLE `roles`
  MODIFY `id` int(10) UNSIGNED NOT NULL AUTO_INCREMENT, AUTO_INCREMENT=4;

--
-- AUTO_INCREMENT for table `role_user`
--
ALTER TABLE `role_user`
  MODIFY `id` int(10) UNSIGNED NOT NULL AUTO_INCREMENT, AUTO_INCREMENT=4;

--
-- AUTO_INCREMENT for table `schedules`
--
ALTER TABLE `schedules`
  MODIFY `id` int(10) UNSIGNED NOT NULL AUTO_INCREMENT, AUTO_INCREMENT=4;

--
-- AUTO_INCREMENT for table `school_years`
--
ALTER TABLE `school_years`
  MODIFY `id` int(10) UNSIGNED NOT NULL AUTO_INCREMENT, AUTO_INCREMENT=3;

--
-- AUTO_INCREMENT for table `semesters`
--
ALTER TABLE `semesters`
  MODIFY `id` int(10) UNSIGNED NOT NULL AUTO_INCREMENT, AUTO_INCREMENT=3;

--
-- AUTO_INCREMENT for table `siblings`
--
ALTER TABLE `siblings`
  MODIFY `id` int(10) UNSIGNED NOT NULL AUTO_INCREMENT, AUTO_INCREMENT=33;

--
-- AUTO_INCREMENT for table `student_type`
--
ALTER TABLE `student_type`
  MODIFY `id` int(10) UNSIGNED NOT NULL AUTO_INCREMENT, AUTO_INCREMENT=4;

--
-- AUTO_INCREMENT for table `trainingpayments`
--
ALTER TABLE `trainingpayments`
  MODIFY `id` int(10) UNSIGNED NOT NULL AUTO_INCREMENT, AUTO_INCREMENT=346;

--
-- AUTO_INCREMENT for table `users`
--
ALTER TABLE `users`
  MODIFY `id` int(10) UNSIGNED NOT NULL AUTO_INCREMENT, AUTO_INCREMENT=3;

--
-- AUTO_INCREMENT for table `year_levels`
--
ALTER TABLE `year_levels`
  MODIFY `id` int(10) UNSIGNED NOT NULL AUTO_INCREMENT, AUTO_INCREMENT=3;

--
-- Constraints for dumped tables
--

--
-- Constraints for table `answers`
--
ALTER TABLE `answers`
  ADD CONSTRAINT `answers_question_id_foreign` FOREIGN KEY (`question_id`) REFERENCES `questions` (`id`);

--
-- Constraints for table `balance_confirm_enrolled`
--
ALTER TABLE `balance_confirm_enrolled`
  ADD CONSTRAINT `balance_confirm_enrolled_balance_id_foreign` FOREIGN KEY (`balance_id`) REFERENCES `balances` (`id`),
  ADD CONSTRAINT `balance_confirm_enrolled_confirm_enrolled_id_foreign` FOREIGN KEY (`confirm_enrolled_id`) REFERENCES `confirm_enrolled` (`id`);

--
-- Constraints for table `confirm_enrolled`
--
ALTER TABLE `confirm_enrolled`
  ADD CONSTRAINT `confirm_enrolled_course_id_foreign` FOREIGN KEY (`course_id`) REFERENCES `courses` (`id`),
  ADD CONSTRAINT `confirm_enrolled_enrollee_id_foreign` FOREIGN KEY (`enrollee_id`) REFERENCES `enrollees` (`id`),
  ADD CONSTRAINT `confirm_enrolled_school_year_id_foreign` FOREIGN KEY (`school_year_id`) REFERENCES `school_years` (`id`),
  ADD CONSTRAINT `confirm_enrolled_semester_id_foreign` FOREIGN KEY (`semester_id`) REFERENCES `semesters` (`id`),
  ADD CONSTRAINT `confirm_enrolled_student_type_id_foreign` FOREIGN KEY (`student_type_id`) REFERENCES `student_type` (`id`),
  ADD CONSTRAINT `confirm_enrolled_year_level_id_foreign` FOREIGN KEY (`year_level_id`) REFERENCES `year_levels` (`id`);

--
-- Constraints for table `confirm_enrolled_payment`
--
ALTER TABLE `confirm_enrolled_payment`
  ADD CONSTRAINT `confirm_enrolled_payment_confirm_enrolled_id_foreign` FOREIGN KEY (`confirm_enrolled_id`) REFERENCES `confirm_enrolled` (`id`),
  ADD CONSTRAINT `confirm_enrolled_payment_payment_id_foreign` FOREIGN KEY (`payment_id`) REFERENCES `payments` (`id`);

--
-- Constraints for table `educational_att_enrollee`
--
ALTER TABLE `educational_att_enrollee`
  ADD CONSTRAINT `educational_att_enrollee_educational_att_id_foreign` FOREIGN KEY (`educational_att_id`) REFERENCES `educational_attainments` (`id`),
  ADD CONSTRAINT `educational_att_enrollee_enrollee_id_foreign` FOREIGN KEY (`enrollee_id`) REFERENCES `enrollees` (`id`);

--
-- Constraints for table `enrollees`
--
ALTER TABLE `enrollees`
  ADD CONSTRAINT `enrollees_civil_id_foreign` FOREIGN KEY (`civil_id`) REFERENCES `civil_status` (`id`),
  ADD CONSTRAINT `enrollees_educ_at_id_foreign` FOREIGN KEY (`educ_at_id`) REFERENCES `educational_attainments` (`id`);

--
-- Constraints for table `enrollee_course`
--
ALTER TABLE `enrollee_course`
  ADD CONSTRAINT `enrollee_course_course_id_foreign` FOREIGN KEY (`course_id`) REFERENCES `courses` (`id`),
  ADD CONSTRAINT `enrollee_course_enrollee_id_foreign` FOREIGN KEY (`enrollee_id`) REFERENCES `enrollees` (`id`);

--
-- Constraints for table `enrollee_schedule`
--
ALTER TABLE `enrollee_schedule`
  ADD CONSTRAINT `enrollee_schedule_enrollee_id_foreign` FOREIGN KEY (`enrollee_id`) REFERENCES `enrollees` (`id`),
  ADD CONSTRAINT `enrollee_schedule_schedule_id_foreign` FOREIGN KEY (`schedule_id`) REFERENCES `schedules` (`id`);

--
-- Constraints for table `enrollee_school_year`
--
ALTER TABLE `enrollee_school_year`
  ADD CONSTRAINT `enrollee_school_year_enrollee_id_foreign` FOREIGN KEY (`enrollee_id`) REFERENCES `enrollees` (`id`),
  ADD CONSTRAINT `enrollee_school_year_school_year_id_foreign` FOREIGN KEY (`school_year_id`) REFERENCES `school_years` (`id`);

--
-- Constraints for table `enrollee_semester`
--
ALTER TABLE `enrollee_semester`
  ADD CONSTRAINT `enrollee_semester_educational_att_id_foreign` FOREIGN KEY (`educational_att_id`) REFERENCES `educational_attainments` (`id`),
  ADD CONSTRAINT `enrollee_semester_enrollee_id_foreign` FOREIGN KEY (`enrollee_id`) REFERENCES `enrollees` (`id`);

--
-- Constraints for table `enrollee_year_level`
--
ALTER TABLE `enrollee_year_level`
  ADD CONSTRAINT `enrollee_year_level_enrollee_id_foreign` FOREIGN KEY (`enrollee_id`) REFERENCES `enrollees` (`id`),
  ADD CONSTRAINT `enrollee_year_level_year_level_id_foreign` FOREIGN KEY (`year_level_id`) REFERENCES `year_levels` (`id`);

--
-- Constraints for table `payments`
--
ALTER TABLE `payments`
  ADD CONSTRAINT `payments_confirm_enrollee_id_foreign` FOREIGN KEY (`confirm_enrollee_id`) REFERENCES `confirm_enrolled` (`id`),
  ADD CONSTRAINT `payments_ibfk_1` FOREIGN KEY (`balance_id`) REFERENCES `balances` (`id`);

--
-- Constraints for table `requirements_doc`
--
ALTER TABLE `requirements_doc`
  ADD CONSTRAINT `requirements_doc_requirement_id_foreign` FOREIGN KEY (`requirement_id`) REFERENCES `requirements` (`id`);

--
-- Constraints for table `role_user`
--
ALTER TABLE `role_user`
  ADD CONSTRAINT `role_user_role_id_foreign` FOREIGN KEY (`role_id`) REFERENCES `roles` (`id`),
  ADD CONSTRAINT `role_user_user_id_foreign` FOREIGN KEY (`user_id`) REFERENCES `users` (`id`);
COMMIT;

/*!40101 SET CHARACTER_SET_CLIENT=@OLD_CHARACTER_SET_CLIENT */;
/*!40101 SET CHARACTER_SET_RESULTS=@OLD_CHARACTER_SET_RESULTS */;
/*!40101 SET COLLATION_CONNECTION=@OLD_COLLATION_CONNECTION */;
